dataset,series,model,family,origin,date,mase,seconds,mape,wql,cov80
uk_demand_30min,-,naive_last,naive,2048,2025-02-12,3.0456868553259935,1.2161253835074604e-06,19.6417040652593,,
uk_demand_30min,-,naive_last,naive,3678,2025-03-18,2.532730827034012,1.2161253835074604e-06,16.557526395898904,,
uk_demand_30min,-,naive_last,naive,5308,2025-04-21,1.2125255872198963,1.2161253835074604e-06,9.796158623913536,,
uk_demand_30min,-,naive_last,naive,6937,2025-05-25,2.0232029680232184,1.2161253835074604e-06,18.967409458510044,,
uk_demand_30min,-,naive_last,naive,8567,2025-06-28,1.3427912553012498,1.2161253835074604e-06,12.06339112699744,,
uk_demand_30min,-,naive_last,naive,10197,2025-08-01,1.528507412105512,1.2161253835074604e-06,12.043566921106557,,
uk_demand_30min,-,naive_last,naive,11827,2025-09-04,2.208184563866706,1.2161253835074604e-06,17.121148690204997,,
uk_demand_30min,-,naive_last,naive,13457,2025-10-08,2.329870613448117,1.2161253835074604e-06,18.936769675048374,,
uk_demand_30min,-,naive_last,naive,15086,2025-11-11,2.959613597342569,1.2161253835074604e-06,18.46420646960915,,
uk_demand_30min,-,naive_last,naive,16716,2025-12-15,5.297159730353911,1.2161253835074604e-06,29.023082208637863,,
uk_demand_30min,-,naive_last,naive,18346,2026-01-18,3.5803644805360677,1.2161253835074604e-06,21.680765596112725,,
uk_demand_30min,-,naive_last,naive,19976,2026-02-21,2.4099273468038094,1.2161253835074604e-06,16.96764936653535,,
uk_demand_30min,-,naive_last,naive,21606,2026-03-27,2.4295122687310813,1.2161253835074604e-06,18.282355009576527,,
uk_demand_30min,-,naive_last,naive,23235,2026-04-30,1.391832296629787,1.2161253835074604e-06,14.366490379780869,,
uk_demand_30min,-,naive_last,naive,24865,2026-06-03,1.3468909962453604,1.2161253835074604e-06,10.040037055824653,,
uk_demand_30min,-,naive_last,naive,26495,2026-07-06,1.5832895147762058,1.2161253835074604e-06,13.891832865745569,,
uk_demand_30min,-,naive_mean,naive,2048,2025-02-12,3.2575706701424285,4.9426889745518565e-06,17.36095283951587,,
uk_demand_30min,-,naive_mean,naive,3678,2025-03-18,1.9617598115470158,4.9426889745518565e-06,14.560445498834559,,
uk_demand_30min,-,naive_mean,naive,5308,2025-04-21,2.6868451269003466,4.9426889745518565e-06,23.197861436852172,,
uk_demand_30min,-,naive_mean,naive,6937,2025-05-25,5.902953818385083,4.9426889745518565e-06,63.1680488096878,,
uk_demand_30min,-,naive_mean,naive,8567,2025-06-28,3.520804765539496,4.9426889745518565e-06,36.017844122746354,,
uk_demand_30min,-,naive_mean,naive,10197,2025-08-01,2.691307024899461,4.9426889745518565e-06,21.256775620808753,,
uk_demand_30min,-,naive_mean,naive,11827,2025-09-04,1.622797729482491,4.9426889745518565e-06,12.353866404510455,,
uk_demand_30min,-,naive_mean,naive,13457,2025-10-08,2.243674819115213,4.9426889745518565e-06,15.73970265861622,,
uk_demand_30min,-,naive_mean,naive,15086,2025-11-11,3.2276255572719528,4.9426889745518565e-06,19.167984706820715,,
uk_demand_30min,-,naive_mean,naive,16716,2025-12-15,3.8809966220753904,4.9426889745518565e-06,20.82189989492136,,
uk_demand_30min,-,naive_mean,naive,18346,2026-01-18,2.7526697718414033,4.9426889745518565e-06,16.761464748919806,,
uk_demand_30min,-,naive_mean,naive,19976,2026-02-21,1.7731716625771157,4.9426889745518565e-06,14.165204772175974,,
uk_demand_30min,-,naive_mean,naive,21606,2026-03-27,1.6782525707007985,4.9426889745518565e-06,13.577103690551647,,
uk_demand_30min,-,naive_mean,naive,23235,2026-04-30,2.4921877250236273,4.9426889745518565e-06,28.519475784481596,,
uk_demand_30min,-,naive_mean,naive,24865,2026-06-03,1.9690483251173123,4.9426889745518565e-06,16.725945929744025,,
uk_demand_30min,-,naive_mean,naive,26495,2026-07-06,2.3534452877291656,4.9426889745518565e-06,22.350963458812345,,
uk_demand_30min,-,seasonal_naive,naive,2048,2025-02-12,0.2161961716333235,1.8021237337961793e-06,1.2469226061979448,,
uk_demand_30min,-,seasonal_naive,naive,3678,2025-03-18,0.9338380680187391,1.8021237337961793e-06,6.719728740134932,,
uk_demand_30min,-,seasonal_naive,naive,5308,2025-04-21,1.218040766664345,1.8021237337961793e-06,9.582969484146016,,
uk_demand_30min,-,seasonal_naive,naive,6937,2025-05-25,1.5966942015569134,1.8021237337961793e-06,17.644234602082708,,
uk_demand_30min,-,seasonal_naive,naive,8567,2025-06-28,0.7092937700601148,1.8021237337961793e-06,7.405781467236104,,
uk_demand_30min,-,seasonal_naive,naive,10197,2025-08-01,0.690442166271641,1.8021237337961793e-06,5.204091370107334,,
uk_demand_30min,-,seasonal_naive,naive,11827,2025-09-04,0.5839729050786394,1.8021237337961793e-06,3.999218209197571,,
uk_demand_30min,-,seasonal_naive,naive,13457,2025-10-08,0.420139856192656,1.8021237337961793e-06,3.01085431777544,,
uk_demand_30min,-,seasonal_naive,naive,15086,2025-11-11,0.7461526427558911,1.8021237337961793e-06,4.66013370669868,,
uk_demand_30min,-,seasonal_naive,naive,16716,2025-12-15,3.2640003677208393,1.8021237337961793e-06,18.921196495363148,,
uk_demand_30min,-,seasonal_naive,naive,18346,2026-01-18,0.6507869158085711,1.8021237337961793e-06,4.152093981578784,,
uk_demand_30min,-,seasonal_naive,naive,19976,2026-02-21,1.772480079537599,1.8021237337961793e-06,13.884729038662922,,
uk_demand_30min,-,seasonal_naive,naive,21606,2026-03-27,1.092486317156905,1.8021237337961793e-06,8.722294305539073,,
uk_demand_30min,-,seasonal_naive,naive,23235,2026-04-30,0.2227088316750279,1.8021237337961793e-06,2.3183019144231904,,
uk_demand_30min,-,seasonal_naive,naive,24865,2026-06-03,0.6151085371517897,1.8021237337961793e-06,4.745609859777513,,
uk_demand_30min,-,seasonal_naive,naive,26495,2026-07-06,0.5302991136672286,1.8021237337961793e-06,4.535441265313827,,
uk_demand_30min,-,seasonal_profile,naive,2048,2025-02-12,0.6113618761959765,1.5760379028506577e-05,3.382124861661718,,
uk_demand_30min,-,seasonal_profile,naive,3678,2025-03-18,0.6868176104517726,1.5760379028506577e-05,4.86410013681891,,
uk_demand_30min,-,seasonal_profile,naive,5308,2025-04-21,1.0926159479199142,1.5760379028506577e-05,8.631109847878045,,
uk_demand_30min,-,seasonal_profile,naive,6937,2025-05-25,2.582320268362084,1.5760379028506577e-05,27.251674601265748,,
uk_demand_30min,-,seasonal_profile,naive,8567,2025-06-28,1.4060752939989054,1.5760379028506577e-05,14.146177486412212,,
uk_demand_30min,-,seasonal_profile,naive,10197,2025-08-01,0.8834433424299367,1.5760379028506577e-05,6.722411250532817,,
uk_demand_30min,-,seasonal_profile,naive,11827,2025-09-04,0.49155494828690915,1.5760379028506577e-05,3.2780603424344643,,
uk_demand_30min,-,seasonal_profile,naive,13457,2025-10-08,1.582019621017212,1.5760379028506577e-05,10.36159304334662,,
uk_demand_30min,-,seasonal_profile,naive,15086,2025-11-11,0.8940045928896435,1.5760379028506577e-05,5.234118040292487,,
uk_demand_30min,-,seasonal_profile,naive,16716,2025-12-15,2.0982730544738324,1.5760379028506577e-05,12.13019449998483,,
uk_demand_30min,-,seasonal_profile,naive,18346,2026-01-18,1.1620974253784535,1.5760379028506577e-05,8.25996692510514,,
uk_demand_30min,-,seasonal_profile,naive,19976,2026-02-21,3.0080573905244434,1.5760379028506577e-05,23.248676604773078,,
uk_demand_30min,-,seasonal_profile,naive,21606,2026-03-27,0.666299401084496,1.5760379028506577e-05,5.1271228722128495,,
uk_demand_30min,-,seasonal_profile,naive,23235,2026-04-30,0.5869591213674782,1.5760379028506577e-05,6.320006744079699,,
uk_demand_30min,-,seasonal_profile,naive,24865,2026-06-03,1.0285385295028824,1.5760379028506577e-05,7.66099594129458,,
uk_demand_30min,-,seasonal_profile,naive,26495,2026-07-06,1.139718569274722,1.5760379028506577e-05,9.715538508875738,,
uk_demand_30min,-,autoets,statistical,2048,2025-02-12,3.281196023326037,0.6893740364976111,21.004920404112926,0.15108743662856652,64.58333333333334
uk_demand_30min,-,autoets,statistical,3678,2025-03-18,2.4613174299198097,0.6893740364976111,16.041073387061374,0.1515906481840071,72.91666666666666
uk_demand_30min,-,autoets,statistical,5308,2025-04-21,1.212529526258953,0.6893740364976111,9.796215315610016,0.07840785746725101,85.41666666666666
uk_demand_30min,-,autoets,statistical,6937,2025-05-25,2.0232067144644357,0.6893740364976111,18.967443887478364,0.1628927739361906,60.416666666666664
uk_demand_30min,-,autoets,statistical,8567,2025-06-28,1.3429768494121528,0.6893740364976111,12.06493783823257,0.10454452030322905,64.58333333333334
uk_demand_30min,-,autoets,statistical,10197,2025-08-01,1.509326053245299,0.6893740364976111,11.874824311656644,0.08063351063362578,100.0
uk_demand_30min,-,autoets,statistical,11827,2025-09-04,2.8189781511161978,0.6893740364976111,21.859507871549457,0.14842078133559075,47.91666666666667
uk_demand_30min,-,autoets,statistical,13457,2025-10-08,4.454289744655295,0.6893740364976111,34.65791987956538,0.23144260416319876,35.41666666666667
uk_demand_30min,-,autoets,statistical,15086,2025-11-11,2.836708192287378,0.6893740364976111,21.171087111355895,0.12957999578836885,89.58333333333334
uk_demand_30min,-,autoets,statistical,16716,2025-12-15,4.494940452079226,0.6893740364976111,24.1825649208814,0.23520034132741313,39.58333333333333
uk_demand_30min,-,autoets,statistical,18346,2026-01-18,4.344014585991356,0.6893740364976111,26.793462121349837,0.23353029052478652,45.83333333333333
uk_demand_30min,-,autoets,statistical,19976,2026-02-21,3.4005228419449227,0.6893740364976111,24.370198863235608,0.2046089718296852,45.83333333333333
uk_demand_30min,-,autoets,statistical,21606,2026-03-27,3.1649709916094757,0.6893740364976111,24.07986331316579,0.19605283358446912,50.0
uk_demand_30min,-,autoets,statistical,23235,2026-04-30,1.3918700042247958,0.6893740364976111,14.366145305904295,0.10197288479869838,89.58333333333334
uk_demand_30min,-,autoets,statistical,24865,2026-06-03,2.3163538818333556,0.6893740364976111,16.991404060273382,0.13161124056749413,79.16666666666666
uk_demand_30min,-,autoets,statistical,26495,2026-07-06,1.5488654755599174,0.6893740364976111,11.88895536247655,0.1081638062982061,91.66666666666666
uk_demand_30min,-,autotheta,statistical,2048,2025-02-12,0.24282062711241278,0.18501748181734,1.2522915983514336,0.014726464699897853,97.91666666666666
uk_demand_30min,-,autotheta,statistical,3678,2025-03-18,2.4906204720632843,0.18501748181734,17.574518792784545,0.15238096984604807,16.666666666666664
uk_demand_30min,-,autotheta,statistical,5308,2025-04-21,1.8425217128514617,0.18501748181734,14.725927117842982,0.1167172201584354,31.25
uk_demand_30min,-,autotheta,statistical,6937,2025-05-25,1.1317164388145946,0.18501748181734,10.957388788797338,0.09335971062951849,39.58333333333333
uk_demand_30min,-,autotheta,statistical,8567,2025-06-28,0.9105784056645602,0.18501748181734,8.650460072580795,0.06773772812039543,50.0
uk_demand_30min,-,autotheta,statistical,10197,2025-08-01,0.8531199135632757,0.18501748181734,6.49934078722957,0.04391933508499356,83.33333333333334
uk_demand_30min,-,autotheta,statistical,11827,2025-09-04,1.2172042474916098,0.18501748181734,8.936879319655104,0.06337423236420364,56.25
uk_demand_30min,-,autotheta,statistical,13457,2025-10-08,0.9588735203696593,0.18501748181734,6.985036058839904,0.046250578486884485,62.5
uk_demand_30min,-,autotheta,statistical,15086,2025-11-11,0.87212746415268,0.18501748181734,5.893603170074799,0.040935953596809085,75.0
uk_demand_30min,-,autotheta,statistical,16716,2025-12-15,1.508014631283836,0.18501748181734,8.734198759217595,0.07203103426773247,52.083333333333336
uk_demand_30min,-,autotheta,statistical,18346,2026-01-18,0.5039882850989769,0.18501748181734,3.675572030159455,0.034742508771328916,79.16666666666666
uk_demand_30min,-,autotheta,statistical,19976,2026-02-21,1.2606115952857284,0.18501748181734,9.652425394199282,0.07306476406402852,35.41666666666667
uk_demand_30min,-,autotheta,statistical,21606,2026-03-27,0.6407233293054327,0.18501748181734,4.983275461764719,0.046832923049020946,72.91666666666666
uk_demand_30min,-,autotheta,statistical,23235,2026-04-30,0.6757888827899825,0.18501748181734,7.721725942727393,0.05474076264908667,72.91666666666666
uk_demand_30min,-,autotheta,statistical,24865,2026-06-03,0.9293228661164519,0.18501748181734,6.8889323106038045,0.06607166293610167,70.83333333333334
uk_demand_30min,-,autotheta,statistical,26495,2026-07-06,0.5718713562336636,0.18501748181734,4.4619758003810635,0.03789491647728644,97.91666666666666
uk_demand_30min,-,mstl,statistical,2048,2025-02-12,0.5010327038888641,0.2876776432458428,2.807411903907137,0.01845766625837936,85.41666666666666
uk_demand_30min,-,mstl,statistical,3678,2025-03-18,1.5597046891175992,0.2876776432458428,11.325305298282561,0.09630717737904114,29.166666666666668
uk_demand_30min,-,mstl,statistical,5308,2025-04-21,0.7933133486922764,0.2876776432458428,6.3687156504632485,0.04692342639918773,66.66666666666666
uk_demand_30min,-,mstl,statistical,6937,2025-05-25,0.8082759189743551,0.2876776432458428,8.427145252931377,0.060391069992979184,68.75
uk_demand_30min,-,mstl,statistical,8567,2025-06-28,1.6129289747088806,0.2876776432458428,15.191167281964344,0.12474429289118716,22.916666666666664
uk_demand_30min,-,mstl,statistical,10197,2025-08-01,0.5578153588249644,0.2876776432458428,4.0994703211831185,0.032839496076187226,85.41666666666666
uk_demand_30min,-,mstl,statistical,11827,2025-09-04,0.5860051941739945,0.2876776432458428,4.315324966917966,0.032196619076281345,81.25
uk_demand_30min,-,mstl,statistical,13457,2025-10-08,0.32511067444340086,0.2876776432458428,2.218219152792697,0.02202681474631775,100.0
uk_demand_30min,-,mstl,statistical,15086,2025-11-11,0.695045998818582,0.2876776432458428,4.538772475184955,0.030511230479269777,91.66666666666666
uk_demand_30min,-,mstl,statistical,16716,2025-12-15,0.8251206574409905,0.2876776432458428,4.759702646746641,0.03803024786183214,62.5
uk_demand_30min,-,mstl,statistical,18346,2026-01-18,0.45703820399613515,0.2876776432458428,3.0897779512865204,0.02918101854891819,81.25
uk_demand_30min,-,mstl,statistical,19976,2026-02-21,0.4780285765460018,0.2876776432458428,3.8006053049078816,0.02637353528717604,91.66666666666666
uk_demand_30min,-,mstl,statistical,21606,2026-03-27,0.5648675440528202,0.2876776432458428,4.5599387145812,0.03438203036577527,83.33333333333334
uk_demand_30min,-,mstl,statistical,23235,2026-04-30,0.5119214995602276,0.2876776432458428,5.6558671969715375,0.0419302823703065,97.91666666666666
uk_demand_30min,-,mstl,statistical,24865,2026-06-03,0.8350822090132328,0.2876776432458428,6.199792463928915,0.056387855534354575,70.83333333333334
uk_demand_30min,-,mstl,statistical,26495,2026-07-06,0.3962232474153396,0.2876776432458428,3.189482555702689,0.030104670240906642,100.0
uk_demand_30min,-,gbdt_calendar,ml,2048,2025-02-12,1.4409514666544514,1.3271027500013588,9.55036848677165,,
uk_demand_30min,-,gbdt_calendar,ml,3678,2025-03-18,1.0765543393105115,1.3271027500013588,7.809792667201643,,
uk_demand_30min,-,gbdt_calendar,ml,5308,2025-04-21,1.0866331742861626,1.3271027500013588,8.701173886436028,,
uk_demand_30min,-,gbdt_calendar,ml,6937,2025-05-25,1.7908142122847617,1.3271027500013588,19.508383017278963,,
uk_demand_30min,-,gbdt_calendar,ml,8567,2025-06-28,0.8405054913991897,1.3271027500013588,8.081003131692714,,
uk_demand_30min,-,gbdt_calendar,ml,10197,2025-08-01,0.9738530104353986,1.3271027500013588,7.238432396493591,,
uk_demand_30min,-,gbdt_calendar,ml,11827,2025-09-04,1.504021304682898,1.3271027500013588,10.322576511171851,,
uk_demand_30min,-,gbdt_calendar,ml,13457,2025-10-08,0.8056960563838275,1.3271027500013588,5.745187199677098,,
uk_demand_30min,-,gbdt_calendar,ml,15086,2025-11-11,0.9293089538574787,1.3271027500013588,6.787291411554832,,
uk_demand_30min,-,gbdt_calendar,ml,16716,2025-12-15,2.181261648614754,1.3271027500013588,12.304504856775951,,
uk_demand_30min,-,gbdt_calendar,ml,18346,2026-01-18,2.0945898960463847,1.3271027500013588,13.861105154735142,,
uk_demand_30min,-,gbdt_calendar,ml,19976,2026-02-21,1.6518628592324824,1.3271027500013588,14.498765573391411,,
uk_demand_30min,-,gbdt_calendar,ml,21606,2026-03-27,1.3771318919762847,1.3271027500013588,11.583648065670804,,
uk_demand_30min,-,gbdt_calendar,ml,23235,2026-04-30,1.0610868219920835,1.3271027500013588,11.887702982947665,,
uk_demand_30min,-,gbdt_calendar,ml,24865,2026-06-03,1.0014727425713628,1.3271027500013588,8.10625176635741,,
uk_demand_30min,-,gbdt_calendar,ml,26495,2026-07-06,0.9630890100124994,1.3271027500013588,8.634675543756913,,
uk_demand_30min,-,timesfm_2p5_ctx2048,timesfm,2048,2025-02-12,0.2287459627477451,0.3326538541878108,1.220886013089061,0.010382565255776958,100.0
uk_demand_30min,-,timesfm_2p5_ctx2048,timesfm,3678,2025-03-18,0.696408135153144,0.3326538541878108,4.9487031377243165,0.03570191477837406,68.75
uk_demand_30min,-,timesfm_2p5_ctx2048,timesfm,5308,2025-04-21,0.5367676003672702,0.3326538541878108,4.348393041352814,0.03245180285195863,66.66666666666666
uk_demand_30min,-,timesfm_2p5_ctx2048,timesfm,6937,2025-05-25,1.175579891820149,0.3326538541878108,12.05605856621195,0.09521114650588029,41.66666666666667
uk_demand_30min,-,timesfm_2p5_ctx2048,timesfm,8567,2025-06-28,0.8648664044209395,0.3326538541878108,8.28217357692674,0.06716054878864365,35.41666666666667
uk_demand_30min,-,timesfm_2p5_ctx2048,timesfm,10197,2025-08-01,0.45566062000250757,0.3326538541878108,3.258458244486665,0.02444240457847326,91.66666666666666
uk_demand_30min,-,timesfm_2p5_ctx2048,timesfm,11827,2025-09-04,0.35084990561430573,0.3326538541878108,2.4584166022977083,0.018996311339399233,81.25
uk_demand_30min,-,timesfm_2p5_ctx2048,timesfm,13457,2025-10-08,0.37245702596539193,0.3326538541878108,2.484388962255068,0.022259058540133065,97.91666666666666
uk_demand_30min,-,timesfm_2p5_ctx2048,timesfm,15086,2025-11-11,0.48159361235280695,0.3326538541878108,2.9630993814700872,0.025482594848937345,70.83333333333334
uk_demand_30min,-,timesfm_2p5_ctx2048,timesfm,16716,2025-12-15,0.3991138799573068,0.3326538541878108,2.39061535866415,0.018619120972769906,87.5
uk_demand_30min,-,timesfm_2p5_ctx2048,timesfm,18346,2026-01-18,0.29697875195842993,0.3326538541878108,2.069122799016639,0.017080040479557756,87.5
uk_demand_30min,-,timesfm_2p5_ctx2048,timesfm,19976,2026-02-21,0.5573140468518739,0.3326538541878108,4.709005023911769,0.036135970566799465,66.66666666666666
uk_demand_30min,-,timesfm_2p5_ctx2048,timesfm,21606,2026-03-27,0.9059017612383143,0.3326538541878108,6.995189447715933,0.06592156506329075,64.58333333333334
uk_demand_30min,-,timesfm_2p5_ctx2048,timesfm,23235,2026-04-30,0.5761670657459547,0.3326538541878108,6.2858545378870785,0.042904970432828315,83.33333333333334
uk_demand_30min,-,timesfm_2p5_ctx2048,timesfm,24865,2026-06-03,0.7120955616037263,0.3326538541878108,5.246496366218283,0.04730792686565178,72.91666666666666
uk_demand_30min,-,timesfm_2p5_ctx2048,timesfm,26495,2026-07-06,0.5007310900005316,0.3326538541878108,3.8840135231481194,0.0383297708454242,77.08333333333334
uk_demand_30min,-,chronos_2_ctx2048,chronos,2048,2025-02-12,0.19930647382696723,0.30937707550037885,1.0591930533245058,0.009600657617085381,95.83333333333334
uk_demand_30min,-,chronos_2_ctx2048,chronos,3678,2025-03-18,0.8261155282226872,0.30937707550037885,5.939867192865855,0.05064130642345042,45.83333333333333
uk_demand_30min,-,chronos_2_ctx2048,chronos,5308,2025-04-21,0.25931732457590306,0.30937707550037885,2.0301254709350274,0.020168152112332156,91.66666666666666
uk_demand_30min,-,chronos_2_ctx2048,chronos,6937,2025-05-25,1.2019994562952347,0.30937707550037885,12.286769021577687,0.0915057060318076,70.83333333333334
uk_demand_30min,-,chronos_2_ctx2048,chronos,8567,2025-06-28,0.6839842250823465,0.30937707550037885,6.465439758453718,0.05068625310010179,62.5
uk_demand_30min,-,chronos_2_ctx2048,chronos,10197,2025-08-01,0.36439650012741276,0.30937707550037885,2.7730367022552165,0.022139950739211833,91.66666666666666
uk_demand_30min,-,chronos_2_ctx2048,chronos,11827,2025-09-04,0.3582875065506933,0.30937707550037885,2.497107114924493,0.019275684941737686,91.66666666666666
uk_demand_30min,-,chronos_2_ctx2048,chronos,13457,2025-10-08,0.39352444414315774,0.30937707550037885,2.77272139531254,0.019606405705175134,100.0
uk_demand_30min,-,chronos_2_ctx2048,chronos,15086,2025-11-11,0.5857477150706379,0.30937707550037885,3.795251132535302,0.026549919878522198,72.91666666666666
uk_demand_30min,-,chronos_2_ctx2048,chronos,16716,2025-12-15,1.3676551130327386,0.30937707550037885,7.99473258907471,0.06418586497139644,16.666666666666664
uk_demand_30min,-,chronos_2_ctx2048,chronos,18346,2026-01-18,0.31551045597927097,0.30937707550037885,2.1668639387191586,0.01818554932224693,91.66666666666666
uk_demand_30min,-,chronos_2_ctx2048,chronos,19976,2026-02-21,0.7124127722169112,0.30937707550037885,5.799613507493632,0.04314598745555054,64.58333333333334
uk_demand_30min,-,chronos_2_ctx2048,chronos,21606,2026-03-27,0.621809012583488,0.30937707550037885,4.8125263560856775,0.041117135866999034,70.83333333333334
uk_demand_30min,-,chronos_2_ctx2048,chronos,23235,2026-04-30,0.2039035663690848,0.30937707550037885,2.0936293307989375,0.0212120083328405,95.83333333333334
uk_demand_30min,-,chronos_2_ctx2048,chronos,24865,2026-06-03,0.7377502124491817,0.30937707550037885,5.44361062878857,0.04423411419051814,75.0
uk_demand_30min,-,chronos_2_ctx2048,chronos,26495,2026-07-06,0.3433895830088974,0.30937707550037885,2.702277186372701,0.027478825387521916,91.66666666666666
uk_demand_30min,-,chronos_bolt_small,chronos,2048,2025-02-12,0.3092544081324847,0.13048538281873334,1.545096228674353,0.014130544520698838,100.0
uk_demand_30min,-,chronos_bolt_small,chronos,3678,2025-03-18,1.396328057012891,0.13048538281873334,10.083311615510837,0.08108432832794327,27.083333333333332
uk_demand_30min,-,chronos_bolt_small,chronos,5308,2025-04-21,0.9059194474857357,0.13048538281873334,7.224749567338054,0.05640384400518867,35.41666666666667
uk_demand_30min,-,chronos_bolt_small,chronos,6937,2025-05-25,1.6764846681788579,0.13048538281873334,16.970735740484315,0.14901734181560644,6.25
uk_demand_30min,-,chronos_bolt_small,chronos,8567,2025-06-28,0.9047386757882254,0.13048538281873334,8.645048764731337,0.07315051186865203,41.66666666666667
uk_demand_30min,-,chronos_bolt_small,chronos,10197,2025-08-01,0.5211803700321476,0.13048538281873334,3.9118650749120514,0.032473750455007284,60.416666666666664
uk_demand_30min,-,chronos_bolt_small,chronos,11827,2025-09-04,0.4081927646108101,0.13048538281873334,3.0045752755175803,0.021942720095489934,75.0
uk_demand_30min,-,chronos_bolt_small,chronos,13457,2025-10-08,0.45823077601830914,0.13048538281873334,3.061287821629309,0.025128474611077027,66.66666666666666
uk_demand_30min,-,chronos_bolt_small,chronos,15086,2025-11-11,1.0105202699652092,0.13048538281873334,6.85723531832408,0.0555725273035206,43.75
uk_demand_30min,-,chronos_bolt_small,chronos,16716,2025-12-15,1.2148659273931464,0.13048538281873334,7.30238048555988,0.057939447324359836,10.416666666666668
uk_demand_30min,-,chronos_bolt_small,chronos,18346,2026-01-18,0.5626784274387239,0.13048538281873334,3.747188735370912,0.026309810425385546,89.58333333333334
uk_demand_30min,-,chronos_bolt_small,chronos,19976,2026-02-21,0.8287623585657374,0.13048538281873334,6.340557200415659,0.04840571338233815,47.91666666666667
uk_demand_30min,-,chronos_bolt_small,chronos,21606,2026-03-27,0.8525264521114891,0.13048538281873334,6.8979067617891205,0.05604130491538099,37.5
uk_demand_30min,-,chronos_bolt_small,chronos,23235,2026-04-30,0.3965438523021237,0.13048538281873334,4.034891897330913,0.029789735828695058,81.25
uk_demand_30min,-,chronos_bolt_small,chronos,24865,2026-06-03,0.7958575720896645,0.13048538281873334,5.902342162831005,0.05238239062057041,62.5
uk_demand_30min,-,chronos_bolt_small,chronos,26495,2026-07-06,0.28791425612062227,0.13048538281873334,2.4751897333081545,0.01921793182727178,85.41666666666666
uk_demand_daily,-,naive_last,naive,273,2025-10-01,0.9632597930402242,1.252563379239291e-06,7.5963842825984385,,
uk_demand_daily,-,naive_last,naive,291,2025-10-19,1.1350276519034754,1.252563379239291e-06,6.899428529843352,,
uk_demand_daily,-,naive_last,naive,309,2025-11-06,0.7977333255683814,1.252563379239291e-06,4.6765852504052425,,
uk_demand_daily,-,naive_last,naive,327,2025-11-24,1.4362118236010795,1.252563379239291e-06,6.68296510872948,,
uk_demand_daily,-,naive_last,naive,346,2025-12-13,1.3506022974800027,1.252563379239291e-06,7.251074422694895,,
uk_demand_daily,-,naive_last,naive,364,2025-12-31,1.8736599485503875,1.252563379239291e-06,8.225655734026212,,
uk_demand_daily,-,naive_last,naive,382,2026-01-18,1.063919581768432,1.252563379239291e-06,5.654838973574174,,
uk_demand_daily,-,naive_last,naive,400,2026-02-05,1.0153924249838824,1.252563379239291e-06,5.58299617433407,,
uk_demand_daily,-,naive_last,naive,418,2026-02-23,2.019669135598828,1.252563379239291e-06,11.986841270152656,,
uk_demand_daily,-,naive_last,naive,436,2026-03-13,1.1205418506819262,1.252563379239291e-06,7.563072884783351,,
uk_demand_daily,-,naive_last,naive,454,2026-03-31,1.6187981353590037,1.252563379239291e-06,12.74970366691274,,
uk_demand_daily,-,naive_last,naive,472,2026-04-18,0.9274213329305558,1.252563379239291e-06,7.628093587384719,,
uk_demand_daily,-,naive_last,naive,491,2026-05-07,1.169421123715531,1.252563379239291e-06,9.821946108071431,,
uk_demand_daily,-,naive_last,naive,509,2026-05-25,1.523330166144403,1.252563379239291e-06,12.63581891677526,,
uk_demand_daily,-,naive_last,naive,527,2026-06-12,2.027265968046223,1.252563379239291e-06,18.373412591661914,,
uk_demand_daily,-,naive_last,naive,545,2026-06-30,0.9442954064702669,1.252563379239291e-06,8.517235679544664,,
uk_demand_daily,-,naive_mean,naive,273,2025-10-01,0.9411407889569581,3.4245022106915712e-06,7.365539273284427,,
uk_demand_daily,-,naive_mean,naive,291,2025-10-19,1.2074925768837093,3.4245022106915712e-06,7.29262655164916,,
uk_demand_daily,-,naive_mean,naive,309,2025-11-06,1.822262407800352,3.4245022106915712e-06,9.916102100468024,,
uk_demand_daily,-,naive_mean,naive,327,2025-11-24,3.725505018743776,3.4245022106915712e-06,18.105485429818728,,
uk_demand_daily,-,naive_mean,naive,346,2025-12-13,2.903245359301572,3.4245022106915712e-06,13.920982566603879,,
uk_demand_daily,-,naive_mean,naive,364,2025-12-31,4.164540320253958,3.4245022106915712e-06,18.3850596466385,,
uk_demand_daily,-,naive_mean,naive,382,2026-01-18,3.1101703212930616,3.4245022106915712e-06,16.375479814176426,,
uk_demand_daily,-,naive_mean,naive,400,2026-02-05,3.041023689811252,3.4245022106915712e-06,15.997802855894546,,
uk_demand_daily,-,naive_mean,naive,418,2026-02-23,0.9725556177356034,3.4245022106915712e-06,5.750459134553686,,
uk_demand_daily,-,naive_mean,naive,436,2026-03-13,0.6382573857525567,3.4245022106915712e-06,4.151108445715331,,
uk_demand_daily,-,naive_mean,naive,454,2026-03-31,1.717745608140442,3.4245022106915712e-06,13.608185339642311,,
uk_demand_daily,-,naive_mean,naive,472,2026-04-18,2.110967006646445,3.4245022106915712e-06,17.252687425426256,,
uk_demand_daily,-,naive_mean,naive,491,2026-05-07,1.8939708573874143,3.4245022106915712e-06,15.534381341591082,,
uk_demand_daily,-,naive_mean,naive,509,2026-05-25,2.8764698535149646,3.4245022106915712e-06,25.37233646286558,,
uk_demand_daily,-,naive_mean,naive,527,2026-06-12,2.5302032582023632,3.4245022106915712e-06,22.652985272421656,,
uk_demand_daily,-,naive_mean,naive,545,2026-06-30,2.832324085191418,3.4245022106915712e-06,25.36355593299553,,
uk_demand_daily,-,seasonal_naive,naive,273,2025-10-01,0.7459998659474918,2.0806837710551918e-06,5.6465816386220995,,
uk_demand_daily,-,seasonal_naive,naive,291,2025-10-19,0.7083155737718496,2.0806837710551918e-06,4.3865938618778095,,
uk_demand_daily,-,seasonal_naive,naive,309,2025-11-06,0.8563152447987541,2.0806837710551918e-06,4.794150098656073,,
uk_demand_daily,-,seasonal_naive,naive,327,2025-11-24,1.4398250402472519,2.0806837710551918e-06,7.386607551569203,,
uk_demand_daily,-,seasonal_naive,naive,346,2025-12-13,1.3408423783897527,2.0806837710551918e-06,6.802995396615301,,
uk_demand_daily,-,seasonal_naive,naive,364,2025-12-31,2.681760674993617,2.0806837710551918e-06,12.017548586573081,,
uk_demand_daily,-,seasonal_naive,naive,382,2026-01-18,1.085189723039521,2.0806837710551918e-06,5.812968855945757,,
uk_demand_daily,-,seasonal_naive,naive,400,2026-02-05,0.6408698769797855,2.0806837710551918e-06,3.4186757797600538,,
uk_demand_daily,-,seasonal_naive,naive,418,2026-02-23,1.756851228263667,2.0806837710551918e-06,10.523221180552271,,
uk_demand_daily,-,seasonal_naive,naive,436,2026-03-13,1.263617489857788,2.0806837710551918e-06,8.411864903498786,,
uk_demand_daily,-,seasonal_naive,naive,454,2026-03-31,1.4287456139126693,2.0806837710551918e-06,11.159010949138048,,
uk_demand_daily,-,seasonal_naive,naive,472,2026-04-18,0.779776354868094,2.0806837710551918e-06,6.1984634021168175,,
uk_demand_daily,-,seasonal_naive,naive,491,2026-05-07,0.8458541080210986,2.0806837710551918e-06,6.576946994045038,,
uk_demand_daily,-,seasonal_naive,naive,509,2026-05-25,0.637295803959332,2.0806837710551918e-06,5.583202391949314,,
uk_demand_daily,-,seasonal_naive,naive,527,2026-06-12,0.7638320247621568,2.0806837710551918e-06,6.6251130293385225,,
uk_demand_daily,-,seasonal_naive,naive,545,2026-06-30,1.3887160707004789,2.0806837710551918e-06,12.426801082654316,,
uk_demand_daily,-,seasonal_profile,naive,273,2025-10-01,0.6705767266827913,1.5492187230847776e-05,4.774592520845741,,
uk_demand_daily,-,seasonal_profile,naive,291,2025-10-19,0.9351604859290551,1.5492187230847776e-05,5.6841603009646295,,
uk_demand_daily,-,seasonal_profile,naive,309,2025-11-06,0.6911718572060903,1.5492187230847776e-05,3.870994719026742,,
uk_demand_daily,-,seasonal_profile,naive,327,2025-11-24,2.012539825445182,1.5492187230847776e-05,9.691454634719378,,
uk_demand_daily,-,seasonal_profile,naive,346,2025-12-13,0.9272746261444015,1.5492187230847776e-05,4.90840765452729,,
uk_demand_daily,-,seasonal_profile,naive,364,2025-12-31,2.262402177108849,1.5492187230847776e-05,10.10827920387709,,
uk_demand_daily,-,seasonal_profile,naive,382,2026-01-18,0.8046308195267922,1.5492187230847776e-05,4.333379852273818,,
uk_demand_daily,-,seasonal_profile,naive,400,2026-02-05,0.5782073061326105,1.5492187230847776e-05,3.0841676206949833,,
uk_demand_daily,-,seasonal_profile,naive,418,2026-02-23,2.307293501712999,1.5492187230847776e-05,13.948252599928477,,
uk_demand_daily,-,seasonal_profile,naive,436,2026-03-13,1.179339012580481,1.5492187230847776e-05,7.835843007132638,,
uk_demand_daily,-,seasonal_profile,naive,454,2026-03-31,1.7658180349210542,1.5492187230847776e-05,13.780311700949696,,
uk_demand_daily,-,seasonal_profile,naive,472,2026-04-18,1.1606357432999388,1.5492187230847776e-05,9.342679448721562,,
uk_demand_daily,-,seasonal_profile,naive,491,2026-05-07,0.3773207173702948,1.5492187230847776e-05,2.9988175345517685,,
uk_demand_daily,-,seasonal_profile,naive,509,2026-05-25,0.9711221290171086,1.5492187230847776e-05,8.511726216874374,,
uk_demand_daily,-,seasonal_profile,naive,527,2026-06-12,0.4702645444585612,1.5492187230847776e-05,4.229765574584485,,
uk_demand_daily,-,seasonal_profile,naive,545,2026-06-30,0.7861582403871641,1.5492187230847776e-05,7.2491658277641395,,
uk_demand_daily,-,autoets,statistical,273,2025-10-01,0.42638155874568767,0.1303919478741591,3.3214047710578973,0.02856043397449443,100.0
uk_demand_daily,-,autoets,statistical,291,2025-10-19,0.5747699652299882,0.1303919478741591,3.5990515954372317,0.02664349179353295,100.0
uk_demand_daily,-,autoets,statistical,309,2025-11-06,0.6691225325482139,0.1303919478741591,3.7002825725714277,0.02751253766572698,100.0
uk_demand_daily,-,autoets,statistical,327,2025-11-24,0.9943475505761887,0.1303919478741591,5.0722849688162,0.03653949098678543,71.42857142857143
uk_demand_daily,-,autoets,statistical,346,2025-12-13,0.7392323288920872,0.1303919478741591,3.7997208136769025,0.0289785202873187,100.0
uk_demand_daily,-,autoets,statistical,364,2025-12-31,2.486750062269861,0.1303919478741591,11.122876547822466,0.09574133285704542,42.857142857142854
uk_demand_daily,-,autoets,statistical,382,2026-01-18,0.7763342900763617,0.1303919478741591,4.229843626643554,0.029040618188921473,100.0
uk_demand_daily,-,autoets,statistical,400,2026-02-05,0.4412572381488639,0.1303919478741591,2.35690444370562,0.02157354442341358,100.0
uk_demand_daily,-,autoets,statistical,418,2026-02-23,0.5896877237827457,0.1303919478741591,3.5183076205706008,0.02888776688083,100.0
uk_demand_daily,-,autoets,statistical,436,2026-03-13,0.6474519085618556,0.1303919478741591,4.202355154570441,0.031836481475260324,100.0
uk_demand_daily,-,autoets,statistical,454,2026-03-31,1.20008193794274,0.1303919478741591,9.413519426597615,0.06378878412266677,57.14285714285714
uk_demand_daily,-,autoets,statistical,472,2026-04-18,0.6856506502893683,0.1303919478741591,5.492004124424973,0.0388003759322878,100.0
uk_demand_daily,-,autoets,statistical,491,2026-05-07,0.4849127454578574,0.1303919478741591,3.9735037654848315,0.032299825153570265,100.0
uk_demand_daily,-,autoets,statistical,509,2026-05-25,0.40256281173794506,0.1303919478741591,3.385031750862872,0.03551443674526495,100.0
uk_demand_daily,-,autoets,statistical,527,2026-06-12,1.0868295786975217,0.1303919478741591,9.767807538752162,0.0724479241893952,71.42857142857143
uk_demand_daily,-,autoets,statistical,545,2026-06-30,0.5830779377560832,0.1303919478741591,5.235833357758326,0.04335217768320603,85.71428571428571
uk_demand_daily,-,autotheta,statistical,273,2025-10-01,0.4105481650495044,0.07664911975007271,3.15657890379344,0.026748999970650725,100.0
uk_demand_daily,-,autotheta,statistical,291,2025-10-19,0.5569194859230481,0.07664911975007271,3.4575803426217155,0.024875811231427177,100.0
uk_demand_daily,-,autotheta,statistical,309,2025-11-06,0.847141972228975,0.07664911975007271,4.723185731600448,0.034944974131305186,100.0
uk_demand_daily,-,autotheta,statistical,327,2025-11-24,0.8958801645811566,0.07664911975007271,4.692113152269422,0.03759371849149121,71.42857142857143
uk_demand_daily,-,autotheta,statistical,346,2025-12-13,0.6006369953604784,0.07664911975007271,3.073393689950518,0.025527945083071376,100.0
uk_demand_daily,-,autotheta,statistical,364,2025-12-31,2.627877227543152,0.07664911975007271,11.78839936460062,0.10335702208715847,28.57142857142857
uk_demand_daily,-,autotheta,statistical,382,2026-01-18,0.962763931770979,0.07664911975007271,5.218297763318626,0.03342743125262202,100.0
uk_demand_daily,-,autotheta,statistical,400,2026-02-05,0.3552240924132559,0.07664911975007271,1.8650492954932774,0.02019908675547614,100.0
uk_demand_daily,-,autotheta,statistical,418,2026-02-23,0.5929770873112599,0.07664911975007271,3.543316094851471,0.030490457484603904,100.0
uk_demand_daily,-,autotheta,statistical,436,2026-03-13,0.6861735690568079,0.07664911975007271,4.461203105829352,0.031551250470409443,100.0
uk_demand_daily,-,autotheta,statistical,454,2026-03-31,1.1979812469708753,0.07664911975007271,9.411886983522008,0.06120751210248801,71.42857142857143
uk_demand_daily,-,autotheta,statistical,472,2026-04-18,0.6870887750402007,0.07664911975007271,5.509231633477476,0.03754018719076501,100.0
uk_demand_daily,-,autotheta,statistical,491,2026-05-07,0.5218393839032457,0.07664911975007271,4.296464531594844,0.033200726537477084,100.0
uk_demand_daily,-,autotheta,statistical,509,2026-05-25,0.5465068163700627,0.07664911975007271,4.518480380191153,0.04256107826807389,85.71428571428571
uk_demand_daily,-,autotheta,statistical,527,2026-06-12,1.1469819827576122,0.07664911975007271,10.324713409626945,0.07608275499280778,71.42857142857143
uk_demand_daily,-,autotheta,statistical,545,2026-06-30,0.5748464472473853,0.07664911975007271,5.140867611239457,0.042107169192848834,85.71428571428571
uk_demand_daily,-,mstl,statistical,273,2025-10-01,0.47147382094518897,0.011916671879589558,3.674817251452082,0.02963623522579491,100.0
uk_demand_daily,-,mstl,statistical,291,2025-10-19,0.6546904016771421,0.011916671879589558,4.08908575879574,0.028591627183288847,100.0
uk_demand_daily,-,mstl,statistical,309,2025-11-06,0.8072189574525123,0.011916671879589558,4.499359691928645,0.030820173419585022,100.0
uk_demand_daily,-,mstl,statistical,327,2025-11-24,0.918258503163432,0.011916671879589558,4.716968831210984,0.036592045647779285,71.42857142857143
uk_demand_daily,-,mstl,statistical,346,2025-12-13,0.7090525969044303,0.011916671879589558,3.660064813350993,0.02824324640127212,85.71428571428571
uk_demand_daily,-,mstl,statistical,364,2025-12-31,2.467202995825369,0.011916671879589558,10.950147759967214,0.09465938962943454,28.57142857142857
uk_demand_daily,-,mstl,statistical,382,2026-01-18,0.6130215224906926,0.011916671879589558,3.4040781178395707,0.029020149376073567,100.0
uk_demand_daily,-,mstl,statistical,400,2026-02-05,0.5576564869107625,0.011916671879589558,2.992662175178762,0.023314211909893093,100.0
uk_demand_daily,-,mstl,statistical,418,2026-02-23,0.5651788401438089,0.011916671879589558,3.393936497348042,0.02696674514388045,100.0
uk_demand_daily,-,mstl,statistical,436,2026-03-13,0.547665176582909,0.011916671879589558,3.5723760741989734,0.02862840340908699,100.0
uk_demand_daily,-,mstl,statistical,454,2026-03-31,1.3879134790800716,0.011916671879589558,10.654556872643015,0.07763606613166171,42.857142857142854
uk_demand_daily,-,mstl,statistical,472,2026-04-18,0.5775056840753946,0.011916671879589558,4.6410440196902405,0.03183189913574825,100.0
uk_demand_daily,-,mstl,statistical,491,2026-05-07,0.6219089414488429,0.011916671879589558,5.065957073111933,0.03474064644101219,100.0
uk_demand_daily,-,mstl,statistical,509,2026-05-25,0.48396770123308974,0.011916671879589558,4.071589248568263,0.03375799454288033,71.42857142857143
uk_demand_daily,-,mstl,statistical,527,2026-06-12,1.1297384798239787,0.011916671879589558,10.141778682599693,0.07516278482909843,71.42857142857143
uk_demand_daily,-,mstl,statistical,545,2026-06-30,0.6175423683804205,0.011916671879589558,5.615344643321851,0.04578721417567195,85.71428571428571
uk_demand_daily,-,gbdt_calendar,ml,273,2025-10-01,0.7467469599291034,0.5029290833117557,5.20873810082629,,
uk_demand_daily,-,gbdt_calendar,ml,291,2025-10-19,0.6782193463457119,0.5029290833117557,4.194647773065108,,
uk_demand_daily,-,gbdt_calendar,ml,309,2025-11-06,1.355758321970017,0.5029290833117557,7.612642325060954,,
uk_demand_daily,-,gbdt_calendar,ml,327,2025-11-24,0.9660382271560157,0.5029290833117557,4.994855213484482,,
uk_demand_daily,-,gbdt_calendar,ml,346,2025-12-13,1.2802402713164827,0.5029290833117557,6.697732534555325,,
uk_demand_daily,-,gbdt_calendar,ml,364,2025-12-31,2.550085866226649,0.5029290833117557,11.317202151753207,,
uk_demand_daily,-,gbdt_calendar,ml,382,2026-01-18,0.9566155937169343,0.5029290833117557,5.253175309266091,,
uk_demand_daily,-,gbdt_calendar,ml,400,2026-02-05,0.61970925046523,0.5029290833117557,3.3071857308445876,,
uk_demand_daily,-,gbdt_calendar,ml,418,2026-02-23,1.7467166291063263,0.5029290833117557,10.50051667680022,,
uk_demand_daily,-,gbdt_calendar,ml,436,2026-03-13,1.2968588668198613,0.5029290833117557,8.75414189693954,,
uk_demand_daily,-,gbdt_calendar,ml,454,2026-03-31,1.6615477473367275,0.5029290833117557,12.629152613266106,,
uk_demand_daily,-,gbdt_calendar,ml,472,2026-04-18,0.5485138929196186,0.5029290833117557,4.344990990367265,,
uk_demand_daily,-,gbdt_calendar,ml,491,2026-05-07,0.6145640004494257,0.5029290833117557,4.666159837829733,,
uk_demand_daily,-,gbdt_calendar,ml,509,2026-05-25,0.8634624628952882,0.5029290833117557,7.606379675584772,,
uk_demand_daily,-,gbdt_calendar,ml,527,2026-06-12,0.9071813334630952,0.5029290833117557,8.148276909748315,,
uk_demand_daily,-,gbdt_calendar,ml,545,2026-06-30,1.089500689803954,0.5029290833117557,9.844603457144133,,
uk_demand_daily,-,timesfm_2p5_ctx2048,timesfm,273,2025-10-01,0.44744997535163555,0.17493285675300285,3.417582906164963,0.02702998987928351,100.0
uk_demand_daily,-,timesfm_2p5_ctx2048,timesfm,291,2025-10-19,0.5194760719126987,0.17493285675300285,3.252791701670615,0.024670780587495708,100.0
uk_demand_daily,-,timesfm_2p5_ctx2048,timesfm,309,2025-11-06,0.3412298251408892,0.17493285675300285,1.9148923187992484,0.017970035063426607,100.0
uk_demand_daily,-,timesfm_2p5_ctx2048,timesfm,327,2025-11-24,0.7864428662992359,0.17493285675300285,3.93882370664146,0.03123366769582567,85.71428571428571
uk_demand_daily,-,timesfm_2p5_ctx2048,timesfm,346,2025-12-13,0.9926979311746227,0.17493285675300285,5.264377448511298,0.03947155341392351,57.14285714285714
uk_demand_daily,-,timesfm_2p5_ctx2048,timesfm,364,2025-12-31,2.0048253450479216,0.17493285675300285,9.257523317504871,0.07493620019647203,42.857142857142854
uk_demand_daily,-,timesfm_2p5_ctx2048,timesfm,382,2026-01-18,0.7249603869337697,0.17493285675300285,3.9352615651652947,0.027075016521942302,100.0
uk_demand_daily,-,timesfm_2p5_ctx2048,timesfm,400,2026-02-05,0.37396805667635297,0.17493285675300285,1.9661664089750452,0.017359052442986703,100.0
uk_demand_daily,-,timesfm_2p5_ctx2048,timesfm,418,2026-02-23,0.6445936046044125,0.17493285675300285,3.884291836923922,0.033377045929345546,71.42857142857143
uk_demand_daily,-,timesfm_2p5_ctx2048,timesfm,436,2026-03-13,0.6418349645502294,0.17493285675300285,4.257276330937906,0.03454848849321202,85.71428571428571
uk_demand_daily,-,timesfm_2p5_ctx2048,timesfm,454,2026-03-31,0.7758065463361844,0.17493285675300285,5.887152469726724,0.04310069808891916,71.42857142857143
uk_demand_daily,-,timesfm_2p5_ctx2048,timesfm,472,2026-04-18,0.9299103193752736,0.17493285675300285,7.456017769934685,0.0602994047724751,42.857142857142854
uk_demand_daily,-,timesfm_2p5_ctx2048,timesfm,491,2026-05-07,0.3559146302257493,0.17493285675300285,2.667371454885739,0.02291763127362125,85.71428571428571
uk_demand_daily,-,timesfm_2p5_ctx2048,timesfm,509,2026-05-25,0.6226691889310398,0.17493285675300285,5.418183368567523,0.03626648900206918,85.71428571428571
uk_demand_daily,-,timesfm_2p5_ctx2048,timesfm,527,2026-06-12,0.5542770368061429,0.17493285675300285,5.153286555074128,0.04074178955403484,71.42857142857143
uk_demand_daily,-,timesfm_2p5_ctx2048,timesfm,545,2026-06-30,0.5666740902950254,0.17493285675300285,5.154320261776463,0.040760978450640334,85.71428571428571
uk_demand_daily,-,chronos_2_ctx2048,chronos,273,2025-10-01,0.8608507600092539,0.005355953129765112,6.621717930103191,0.048189383183161,71.42857142857143
uk_demand_daily,-,chronos_2_ctx2048,chronos,291,2025-10-19,0.7951654264990343,0.005355953129765112,4.982471759155899,0.03425073414101231,100.0
uk_demand_daily,-,chronos_2_ctx2048,chronos,309,2025-11-06,0.44498655038206575,0.005355953129765112,2.451300631738393,0.02017457924536723,100.0
uk_demand_daily,-,chronos_2_ctx2048,chronos,327,2025-11-24,0.9067012880770399,0.005355953129765112,4.4820573091619815,0.03487371170463385,85.71428571428571
uk_demand_daily,-,chronos_2_ctx2048,chronos,346,2025-12-13,0.8472396149360183,0.005355953129765112,4.465237353516056,0.033509869727325274,71.42857142857143
uk_demand_daily,-,chronos_2_ctx2048,chronos,364,2025-12-31,2.6549618044281247,0.005355953129765112,11.738746152336054,0.10674172160475591,28.57142857142857
uk_demand_daily,-,chronos_2_ctx2048,chronos,382,2026-01-18,0.4775157247739454,0.005355953129765112,2.5852397672758345,0.022366872912655412,100.0
uk_demand_daily,-,chronos_2_ctx2048,chronos,400,2026-02-05,0.22784081597082967,0.005355953129765112,1.2074811677909738,0.01495678039590346,100.0
uk_demand_daily,-,chronos_2_ctx2048,chronos,418,2026-02-23,0.6587174590595979,0.005355953129765112,3.933370073900798,0.031245002510055006,100.0
uk_demand_daily,-,chronos_2_ctx2048,chronos,436,2026-03-13,0.7520954808282683,0.005355953129765112,4.960349578699459,0.03597135883310767,85.71428571428571
uk_demand_daily,-,chronos_2_ctx2048,chronos,454,2026-03-31,1.1673847105584083,0.005355953129765112,9.088198209027329,0.06738020687571225,57.14285714285714
uk_demand_daily,-,chronos_2_ctx2048,chronos,472,2026-04-18,0.5584850233647498,0.005355953129765112,4.46992478690245,0.030435538344216095,100.0
uk_demand_daily,-,chronos_2_ctx2048,chronos,491,2026-05-07,0.27857741592430835,0.005355953129765112,2.1715501288387213,0.019657944235335685,100.0
uk_demand_daily,-,chronos_2_ctx2048,chronos,509,2026-05-25,0.47233298522865275,0.005355953129765112,4.059361675815578,0.02949925092123603,100.0
uk_demand_daily,-,chronos_2_ctx2048,chronos,527,2026-06-12,0.6378314240027878,0.005355953129765112,5.834126879796494,0.04556893196089589,71.42857142857143
uk_demand_daily,-,chronos_2_ctx2048,chronos,545,2026-06-30,0.7647734480376177,0.005355953129765112,6.9211513156155355,0.054483109807917526,71.42857142857143
uk_demand_daily,-,chronos_bolt_small,chronos,273,2025-10-01,0.7104946672687017,0.002648885434609838,5.400114232780497,0.038584352087471206,85.71428571428571
uk_demand_daily,-,chronos_bolt_small,chronos,291,2025-10-19,0.9585593954915855,0.002648885434609838,5.958440774720066,0.04162472900076194,85.71428571428571
uk_demand_daily,-,chronos_bolt_small,chronos,309,2025-11-06,0.35211867602827446,0.002648885434609838,1.9719385974805386,0.017695206528081226,100.0
uk_demand_daily,-,chronos_bolt_small,chronos,327,2025-11-24,0.8397874413175992,0.002648885434609838,4.299736501492553,0.032835446600923086,71.42857142857143
uk_demand_daily,-,chronos_bolt_small,chronos,346,2025-12-13,0.8489635243395848,0.002648885434609838,4.425228617952148,0.03096768442734631,71.42857142857143
uk_demand_daily,-,chronos_bolt_small,chronos,364,2025-12-31,2.4727553753017832,0.002648885434609838,11.054102913826425,0.10241306655475134,28.57142857142857
uk_demand_daily,-,chronos_bolt_small,chronos,382,2026-01-18,0.5250040316379758,0.002648885434609838,2.7933166202997706,0.024757286820605996,85.71428571428571
uk_demand_daily,-,chronos_bolt_small,chronos,400,2026-02-05,0.37809566816002727,0.002648885434609838,1.9813588605464838,0.01772444151246047,100.0
uk_demand_daily,-,chronos_bolt_small,chronos,418,2026-02-23,0.7977551635723938,0.002648885434609838,4.8425596541097455,0.032623019326134324,100.0
uk_demand_daily,-,chronos_bolt_small,chronos,436,2026-03-13,0.8490665782124491,0.002648885434609838,5.6458154603546475,0.04263931406626275,57.14285714285714
uk_demand_daily,-,chronos_bolt_small,chronos,454,2026-03-31,1.2046750211019541,0.002648885434609838,9.419362054226347,0.07144226749622,57.14285714285714
uk_demand_daily,-,chronos_bolt_small,chronos,472,2026-04-18,0.4665120995010024,0.002648885434609838,3.691947557778578,0.02702593610095189,85.71428571428571
uk_demand_daily,-,chronos_bolt_small,chronos,491,2026-05-07,0.3233488045322552,0.002648885434609838,2.4848586787202165,0.02001764859928922,100.0
uk_demand_daily,-,chronos_bolt_small,chronos,509,2026-05-25,0.38848108182155255,0.002648885434609838,3.3166102301659777,0.023372689658743503,100.0
uk_demand_daily,-,chronos_bolt_small,chronos,527,2026-06-12,0.5522083186549543,0.002648885434609838,4.995573549976172,0.03712800197952488,71.42857142857143
uk_demand_daily,-,chronos_bolt_small,chronos,545,2026-06-30,0.7174648451098267,0.002648885434609838,6.518984741763956,0.050012480717135425,71.42857142857143
bangkok_temp_1h,-,naive_last,naive,1536,2026-05-04,4.063036089982198,1.830754627007991e-06,,,
bangkok_temp_1h,-,naive_last,naive,1638,2026-05-08,2.746298788694482,1.830754627007991e-06,,,
bangkok_temp_1h,-,naive_last,naive,1741,2026-05-12,1.991612903225806,1.830754627007991e-06,,,
bangkok_temp_1h,-,naive_last,naive,1843,2026-05-16,2.743765173250938,1.830754627007991e-06,,,
bangkok_temp_1h,-,naive_last,naive,1945,2026-05-21,2.787320911587856,1.830754627007991e-06,,,
bangkok_temp_1h,-,naive_last,naive,2048,2026-05-25,5.386266400456358,1.830754627007991e-06,,,
bangkok_temp_1h,-,naive_last,naive,2150,2026-05-29,1.9397076735688183,1.830754627007991e-06,,,
bangkok_temp_1h,-,naive_last,naive,2252,2026-06-02,3.032338932063174,1.830754627007991e-06,,,
bangkok_temp_1h,-,naive_last,naive,2355,2026-06-07,1.265090755593077,1.830754627007991e-06,,,
bangkok_temp_1h,-,naive_last,naive,2457,2026-06-11,2.7800738446879474,1.830754627007991e-06,,,
bangkok_temp_1h,-,naive_last,naive,2559,2026-06-15,1.8134715025906747,1.830754627007991e-06,,,
bangkok_temp_1h,-,naive_last,naive,2662,2026-06-19,2.1440959912735207,1.830754627007991e-06,,,
bangkok_temp_1h,-,naive_last,naive,2764,2026-06-24,2.757111597374178,1.830754627007991e-06,,,
bangkok_temp_1h,-,naive_last,naive,2866,2026-06-28,1.8555172236239124,1.830754627007991e-06,,,
bangkok_temp_1h,-,naive_last,naive,2969,2026-07-02,1.6504006574892134,1.830754627007991e-06,,,
bangkok_temp_1h,-,naive_last,naive,3071,2026-07-06,1.373130519115921,1.830754627007991e-06,,,
bangkok_temp_1h,-,naive_mean,naive,1536,2026-05-04,4.1037662849975725,3.8619982660748065e-06,,,
bangkok_temp_1h,-,naive_mean,naive,1638,2026-05-08,3.352986851640957,3.8619982660748065e-06,,,
bangkok_temp_1h,-,naive_mean,naive,1741,2026-05-12,2.1637653554686755,3.8619982660748065e-06,,,
bangkok_temp_1h,-,naive_mean,naive,1843,2026-05-16,2.371864504163936,3.8619982660748065e-06,,,
bangkok_temp_1h,-,naive_mean,naive,1945,2026-05-21,1.7267241693524642,3.8619982660748065e-06,,,
bangkok_temp_1h,-,naive_mean,naive,2048,2026-05-25,2.5875466276561605,3.8619982660748065e-06,,,
bangkok_temp_1h,-,naive_mean,naive,2150,2026-05-29,2.1594770982636042,3.8619982660748065e-06,,,
bangkok_temp_1h,-,naive_mean,naive,2252,2026-06-02,2.072951059463258,3.8619982660748065e-06,,,
bangkok_temp_1h,-,naive_mean,naive,2355,2026-06-07,1.520217350974503,3.8619982660748065e-06,,,
bangkok_temp_1h,-,naive_mean,naive,2457,2026-06-11,3.0440273756733984,3.8619982660748065e-06,,,
bangkok_temp_1h,-,naive_mean,naive,2559,2026-06-15,2.077202275014324,3.8619982660748065e-06,,,
bangkok_temp_1h,-,naive_mean,naive,2662,2026-06-19,1.7872603890732963,3.8619982660748065e-06,,,
bangkok_temp_1h,-,naive_mean,naive,2764,2026-06-24,2.12250900132051,3.8619982660748065e-06,,,
bangkok_temp_1h,-,naive_mean,naive,2866,2026-06-28,2.373732608564345,3.8619982660748065e-06,,,
bangkok_temp_1h,-,naive_mean,naive,2969,2026-07-02,1.6715349066578875,3.8619982660748065e-06,,,
bangkok_temp_1h,-,naive_mean,naive,3071,2026-07-06,1.9343443992991096,3.8619982660748065e-06,,,
bangkok_temp_1h,-,seasonal_naive,naive,1536,2026-05-04,2.375627124130117,2.06768891075626e-06,,,
bangkok_temp_1h,-,seasonal_naive,naive,1638,2026-05-08,2.072678331090175,2.06768891075626e-06,,,
bangkok_temp_1h,-,seasonal_naive,naive,1741,2026-05-12,1.9645161290322577,2.06768891075626e-06,,,
bangkok_temp_1h,-,seasonal_naive,naive,1843,2026-05-16,0.7230192010593686,2.06768891075626e-06,,,
bangkok_temp_1h,-,seasonal_naive,naive,1945,2026-05-21,1.7350605003340507,2.06768891075626e-06,,,
bangkok_temp_1h,-,seasonal_naive,naive,2048,2026-05-25,1.0691671420422137,2.06768891075626e-06,,,
bangkok_temp_1h,-,seasonal_naive,naive,2150,2026-05-29,1.3386114494518884,2.06768891075626e-06,,,
bangkok_temp_1h,-,seasonal_naive,naive,2252,2026-06-02,0.9712960641764856,2.06768891075626e-06,,,
bangkok_temp_1h,-,seasonal_naive,naive,2355,2026-06-07,0.7142254115660613,2.06768891075626e-06,,,
bangkok_temp_1h,-,seasonal_naive,naive,2457,2026-06-11,1.208075273939971,2.06768891075626e-06,,,
bangkok_temp_1h,-,seasonal_naive,naive,2559,2026-06-15,0.979274611398964,2.06768891075626e-06,,,
bangkok_temp_1h,-,seasonal_naive,naive,2662,2026-06-19,1.7798745568584677,2.06768891075626e-06,,,
bangkok_temp_1h,-,seasonal_naive,naive,2764,2026-06-24,0.7155361050328229,2.06768891075626e-06,,,
bangkok_temp_1h,-,seasonal_naive,naive,2866,2026-06-28,0.7882704289171512,2.06768891075626e-06,,,
bangkok_temp_1h,-,seasonal_naive,naive,2969,2026-07-02,0.9449352784055889,2.06768891075626e-06,,,
bangkok_temp_1h,-,seasonal_naive,naive,3071,2026-07-06,1.6882752284212141,2.06768891075626e-06,,,
bangkok_temp_1h,-,seasonal_profile,naive,1536,2026-05-04,2.3220990451529366,1.6533878806512803e-05,,,
bangkok_temp_1h,-,seasonal_profile,naive,1638,2026-05-08,2.30820995962315,1.6533878806512803e-05,,,
bangkok_temp_1h,-,seasonal_profile,naive,1741,2026-05-12,0.7745161290322579,1.6533878806512803e-05,,,
bangkok_temp_1h,-,seasonal_profile,naive,1843,2026-05-16,0.6952107702493924,1.6533878806512803e-05,,,
bangkok_temp_1h,-,seasonal_profile,naive,1945,2026-05-21,0.8464850419419486,1.6533878806512803e-05,,,
bangkok_temp_1h,-,seasonal_profile,naive,2048,2026-05-25,0.9051982316029669,1.6533878806512803e-05,,,
bangkok_temp_1h,-,seasonal_profile,naive,2150,2026-05-29,1.1872716199756395,1.6533878806512803e-05,,,
bangkok_temp_1h,-,seasonal_profile,naive,2252,2026-06-02,1.342441714715468,1.6533878806512803e-05,,,
bangkok_temp_1h,-,seasonal_profile,naive,2355,2026-06-07,1.0808357956943857,1.6533878806512803e-05,,,
bangkok_temp_1h,-,seasonal_profile,naive,2457,2026-06-11,1.7858504049547406,1.6533878806512803e-05,,,
bangkok_temp_1h,-,seasonal_profile,naive,2559,2026-06-15,1.1660621761658028,1.6533878806512803e-05,,,
bangkok_temp_1h,-,seasonal_profile,naive,2662,2026-06-19,1.25587673847832,1.6533878806512803e-05,,,
bangkok_temp_1h,-,seasonal_profile,naive,2764,2026-06-24,0.7155361050328225,1.6533878806512803e-05,,,
bangkok_temp_1h,-,seasonal_profile,naive,2866,2026-06-28,0.9569538128829619,1.6533878806512803e-05,,,
bangkok_temp_1h,-,seasonal_profile,naive,2969,2026-07-02,0.7620967741935485,1.6533878806512803e-05,,,
bangkok_temp_1h,-,seasonal_profile,naive,3071,2026-07-06,1.2219896891429738,1.6533878806512803e-05,,,
bangkok_temp_1h,-,autoets,statistical,1536,2026-05-04,2.3200352947115834,0.47603992449876387,,0.05596253586163279,50.0
bangkok_temp_1h,-,autoets,statistical,1638,2026-05-08,1.0609437009907794,0.47603992449876387,,0.027111312694536534,70.83333333333334
bangkok_temp_1h,-,autoets,statistical,1741,2026-05-12,2.2121575073337296,0.47603992449876387,,0.05670595901236647,4.166666666666666
bangkok_temp_1h,-,autoets,statistical,1843,2026-05-16,0.6011623215751326,0.47603992449876387,,0.01546859489517339,91.66666666666666
bangkok_temp_1h,-,autoets,statistical,1945,2026-05-21,2.787455599798084,0.47603992449876387,,0.06960245189126855,58.333333333333336
bangkok_temp_1h,-,autoets,statistical,2048,2026-05-25,1.0331002147899475,0.47603992449876387,,0.024715277838667137,66.66666666666666
bangkok_temp_1h,-,autoets,statistical,2150,2026-05-29,1.967105770322546,0.47603992449876387,,0.04823254829947,100.0
bangkok_temp_1h,-,autoets,statistical,2252,2026-06-02,3.032301026562922,0.47603992449876387,,0.0790806736668305,66.66666666666666
bangkok_temp_1h,-,autoets,statistical,2355,2026-06-07,1.2650998727566038,0.47603992449876387,,0.04372111763855086,87.5
bangkok_temp_1h,-,autoets,statistical,2457,2026-06-11,2.7801398901616063,0.47603992449876387,,0.08639700699003972,62.5
bangkok_temp_1h,-,autoets,statistical,2559,2026-06-15,1.81349759133583,0.47603992449876387,,0.05869539573744991,83.33333333333334
bangkok_temp_1h,-,autoets,statistical,2662,2026-06-19,2.1403826270313546,0.47603992449876387,,0.06718111044007932,79.16666666666666
bangkok_temp_1h,-,autoets,statistical,2764,2026-06-24,2.7570426613118517,0.47603992449876387,,0.08327090983205764,83.33333333333334
bangkok_temp_1h,-,autoets,statistical,2866,2026-06-28,1.8555697790733823,0.47603992449876387,,0.06069446605528257,91.66666666666666
bangkok_temp_1h,-,autoets,statistical,2969,2026-07-02,1.6503980681076387,0.47603992449876387,,0.05602251109157672,91.66666666666666
bangkok_temp_1h,-,autoets,statistical,3071,2026-07-06,1.3805127639505077,0.47603992449876387,,0.06340936012629504,70.83333333333334
bangkok_temp_1h,-,autotheta,statistical,1536,2026-05-04,3.11872340769167,0.16818804424838163,,0.06131331314838548,50.0
bangkok_temp_1h,-,autotheta,statistical,1638,2026-05-08,2.4101654532681884,0.16818804424838163,,0.05782952045147108,62.5
bangkok_temp_1h,-,autotheta,statistical,1741,2026-05-12,0.73877017298829,0.16818804424838163,,0.023005985948270545,100.0
bangkok_temp_1h,-,autotheta,statistical,1843,2026-05-16,0.46631731593422376,0.16818804424838163,,0.020132704455827773,100.0
bangkok_temp_1h,-,autotheta,statistical,1945,2026-05-21,0.6159054584518224,0.16818804424838163,,0.019974476121461658,100.0
bangkok_temp_1h,-,autotheta,statistical,2048,2026-05-25,1.334776724630039,0.16818804424838163,,0.02992382827530412,91.66666666666666
bangkok_temp_1h,-,autotheta,statistical,2150,2026-05-29,0.8327489239335071,0.16818804424838163,,0.025947697397462905,100.0
bangkok_temp_1h,-,autotheta,statistical,2252,2026-06-02,0.8814303860977228,0.16818804424838163,,0.02709786620195953,100.0
bangkok_temp_1h,-,autotheta,statistical,2355,2026-06-07,1.0563281962442437,0.16818804424838163,,0.03201354838623159,100.0
bangkok_temp_1h,-,autotheta,statistical,2457,2026-06-11,0.6622423535799667,0.16818804424838163,,0.02952062151762554,95.83333333333334
bangkok_temp_1h,-,autotheta,statistical,2559,2026-06-15,1.4033731900189357,0.16818804424838163,,0.04695269825582065,79.16666666666666
bangkok_temp_1h,-,autotheta,statistical,2662,2026-06-19,0.8087497876020384,0.16818804424838163,,0.03045624014869532,100.0
bangkok_temp_1h,-,autotheta,statistical,2764,2026-06-24,0.9869829158122347,0.16818804424838163,,0.030375801602111757,100.0
bangkok_temp_1h,-,autotheta,statistical,2866,2026-06-28,1.6100826910414525,0.16818804424838163,,0.053637131498383984,95.83333333333334
bangkok_temp_1h,-,autotheta,statistical,2969,2026-07-02,0.4732745999874802,0.16818804424838163,,0.027188952689067566,100.0
bangkok_temp_1h,-,autotheta,statistical,3071,2026-07-06,0.8351951120344762,0.16818804424838163,,0.034314086240623314,95.83333333333334
bangkok_temp_1h,-,mstl,statistical,1536,2026-05-04,2.6901666797213846,0.15444465887412662,,0.058447202050110204,41.66666666666667
bangkok_temp_1h,-,mstl,statistical,1638,2026-05-08,1.6493489090584155,0.15444465887412662,,0.03785363562410953,79.16666666666666
bangkok_temp_1h,-,mstl,statistical,1741,2026-05-12,0.8874179119582911,0.15444465887412662,,0.02053372325031281,100.0
bangkok_temp_1h,-,mstl,statistical,1843,2026-05-16,0.6658928061954507,0.15444465887412662,,0.019490186867330436,91.66666666666666
bangkok_temp_1h,-,mstl,statistical,1945,2026-05-21,0.7683614112943337,0.15444465887412662,,0.018374975713813867,95.83333333333334
bangkok_temp_1h,-,mstl,statistical,2048,2026-05-25,1.0254289022929564,0.15444465887412662,,0.02616260440734196,83.33333333333334
bangkok_temp_1h,-,mstl,statistical,2150,2026-05-29,0.6483967117987238,0.15444465887412662,,0.020912912638887813,87.5
bangkok_temp_1h,-,mstl,statistical,2252,2026-06-02,0.7774624405224243,0.15444465887412662,,0.020814606249076217,100.0
bangkok_temp_1h,-,mstl,statistical,2355,2026-06-07,0.9836462152329531,0.15444465887412662,,0.026794219394070683,95.83333333333334
bangkok_temp_1h,-,mstl,statistical,2457,2026-06-11,2.1313263214654357,0.15444465887412662,,0.06582154007902521,45.83333333333333
bangkok_temp_1h,-,mstl,statistical,2559,2026-06-15,1.1749353935837454,0.15444465887412662,,0.0372100404535951,75.0
bangkok_temp_1h,-,mstl,statistical,2662,2026-06-19,0.8622483479327053,0.15444465887412662,,0.027117124874827456,95.83333333333334
bangkok_temp_1h,-,mstl,statistical,2764,2026-06-24,0.9114097687773215,0.15444465887412662,,0.02955533356620161,91.66666666666666
bangkok_temp_1h,-,mstl,statistical,2866,2026-06-28,1.230814910019775,0.15444465887412662,,0.0384996060224755,83.33333333333334
bangkok_temp_1h,-,mstl,statistical,2969,2026-07-02,0.9227562565216828,0.15444465887412662,,0.03175452844583188,87.5
bangkok_temp_1h,-,mstl,statistical,3071,2026-07-06,0.7541256046940736,0.15444465887412662,,0.02911085790074743,91.66666666666666
bangkok_temp_1h,-,gbdt_calendar,ml,1536,2026-05-04,2.3415853391393173,0.8220543906281819,,,
bangkok_temp_1h,-,gbdt_calendar,ml,1638,2026-05-08,2.6478053921444356,0.8220543906281819,,,
bangkok_temp_1h,-,gbdt_calendar,ml,1741,2026-05-12,2.3319761066057882,0.8220543906281819,,,
bangkok_temp_1h,-,gbdt_calendar,ml,1843,2026-05-16,1.9979657276628695,0.8220543906281819,,,
bangkok_temp_1h,-,gbdt_calendar,ml,1945,2026-05-21,1.318920843611472,0.8220543906281819,,,
bangkok_temp_1h,-,gbdt_calendar,ml,2048,2026-05-25,2.670954770541278,0.8220543906281819,,,
bangkok_temp_1h,-,gbdt_calendar,ml,2150,2026-05-29,2.283045656237839,0.8220543906281819,,,
bangkok_temp_1h,-,gbdt_calendar,ml,2252,2026-06-02,1.4377827929936926,0.8220543906281819,,,
bangkok_temp_1h,-,gbdt_calendar,ml,2355,2026-06-07,1.4727767181550762,0.8220543906281819,,,
bangkok_temp_1h,-,gbdt_calendar,ml,2457,2026-06-11,2.361656049980509,0.8220543906281819,,,
bangkok_temp_1h,-,gbdt_calendar,ml,2559,2026-06-15,1.1852732650489655,0.8220543906281819,,,
bangkok_temp_1h,-,gbdt_calendar,ml,2662,2026-06-19,1.1921679924551984,0.8220543906281819,,,
bangkok_temp_1h,-,gbdt_calendar,ml,2764,2026-06-24,0.7914808051034283,0.8220543906281819,,,
bangkok_temp_1h,-,gbdt_calendar,ml,2866,2026-06-28,1.973068255145591,0.8220543906281819,,,
bangkok_temp_1h,-,gbdt_calendar,ml,2969,2026-07-02,1.3049794613957657,0.8220543906281819,,,
bangkok_temp_1h,-,gbdt_calendar,ml,3071,2026-07-06,1.0363074496403653,0.8220543906281819,,,
bangkok_temp_1h,-,timesfm_2p5_ctx2048,timesfm,1536,2026-05-04,2.2192851318319864,0.18981269012147095,,0.055877219276602254,50.0
bangkok_temp_1h,-,timesfm_2p5_ctx2048,timesfm,1638,2026-05-08,1.9386526726457027,0.18981269012147095,,0.0442269711292709,66.66666666666666
bangkok_temp_1h,-,timesfm_2p5_ctx2048,timesfm,1741,2026-05-12,0.5483791474373115,0.18981269012147095,,0.017740336356920784,100.0
bangkok_temp_1h,-,timesfm_2p5_ctx2048,timesfm,1843,2026-05-16,0.4020364231369766,0.18981269012147095,,0.011892164443664753,100.0
bangkok_temp_1h,-,timesfm_2p5_ctx2048,timesfm,1945,2026-05-21,0.8928228458576992,0.18981269012147095,,0.019563220623457705,87.5
bangkok_temp_1h,-,timesfm_2p5_ctx2048,timesfm,2048,2026-05-25,0.7647952799516889,0.18981269012147095,,0.019953319506634825,75.0
bangkok_temp_1h,-,timesfm_2p5_ctx2048,timesfm,2150,2026-05-29,0.5460941928022528,0.18981269012147095,,0.015847861471913086,95.83333333333334
bangkok_temp_1h,-,timesfm_2p5_ctx2048,timesfm,2252,2026-06-02,0.8160305283786247,0.18981269012147095,,0.020470627417879073,75.0
bangkok_temp_1h,-,timesfm_2p5_ctx2048,timesfm,2355,2026-06-07,0.5487824806738321,0.18981269012147095,,0.01759553774709125,91.66666666666666
bangkok_temp_1h,-,timesfm_2p5_ctx2048,timesfm,2457,2026-06-11,1.6770279424539234,0.18981269012147095,,0.054840348041109266,29.166666666666668
bangkok_temp_1h,-,timesfm_2p5_ctx2048,timesfm,2559,2026-06-15,0.9451213085589631,0.18981269012147095,,0.02714613675080993,75.0
bangkok_temp_1h,-,timesfm_2p5_ctx2048,timesfm,2662,2026-06-19,0.885169387663422,0.18981269012147095,,0.02826991307155978,79.16666666666666
bangkok_temp_1h,-,timesfm_2p5_ctx2048,timesfm,2764,2026-06-24,0.5680557685034021,0.18981269012147095,,0.018502400576986797,95.83333333333334
bangkok_temp_1h,-,timesfm_2p5_ctx2048,timesfm,2866,2026-06-28,0.6474450409311105,0.18981269012147095,,0.021750437482339,87.5
bangkok_temp_1h,-,timesfm_2p5_ctx2048,timesfm,2969,2026-07-02,0.46614238126875096,0.18981269012147095,,0.01729339114506186,95.83333333333334
bangkok_temp_1h,-,timesfm_2p5_ctx2048,timesfm,3071,2026-07-06,0.8163217802847532,0.18981269012147095,,0.026790235431642412,95.83333333333334
bangkok_temp_1h,-,chronos_2_ctx2048,chronos,1536,2026-05-04,2.3353259362416625,0.015010325500043109,,0.05853280816859457,45.83333333333333
bangkok_temp_1h,-,chronos_2_ctx2048,chronos,1638,2026-05-08,1.7828886229770504,0.015010325500043109,,0.04088583858549255,70.83333333333334
bangkok_temp_1h,-,chronos_2_ctx2048,chronos,1741,2026-05-12,0.5788469277658767,0.015010325500043109,,0.015998456520986547,100.0
bangkok_temp_1h,-,chronos_2_ctx2048,chronos,1843,2026-05-16,0.4561228401690908,0.015010325500043109,,0.012652950612462077,100.0
bangkok_temp_1h,-,chronos_2_ctx2048,chronos,1945,2026-05-21,0.5950458731349367,0.015010325500043109,,0.014365833564964126,95.83333333333334
bangkok_temp_1h,-,chronos_2_ctx2048,chronos,2048,2026-05-25,0.9678271615158404,0.015010325500043109,,0.023716262169837476,62.5
bangkok_temp_1h,-,chronos_2_ctx2048,chronos,2150,2026-05-29,0.4920974387611457,0.015010325500043109,,0.01439724452852323,100.0
bangkok_temp_1h,-,chronos_2_ctx2048,chronos,2252,2026-06-02,0.8881427208323563,0.015010325500043109,,0.025183366388757494,41.66666666666667
bangkok_temp_1h,-,chronos_2_ctx2048,chronos,2355,2026-06-07,0.6003414136339913,0.015010325500043109,,0.016322594893606084,91.66666666666666
bangkok_temp_1h,-,chronos_2_ctx2048,chronos,2457,2026-06-11,1.5737136265617033,0.015010325500043109,,0.05063307046343009,29.166666666666668
bangkok_temp_1h,-,chronos_2_ctx2048,chronos,2559,2026-06-15,1.02160576143413,0.015010325500043109,,0.02887175720070552,79.16666666666666
bangkok_temp_1h,-,chronos_2_ctx2048,chronos,2662,2026-06-19,0.7918750591293681,0.015010325500043109,,0.02649221707820321,83.33333333333334
bangkok_temp_1h,-,chronos_2_ctx2048,chronos,2764,2026-06-24,0.49858676317745027,0.015010325500043109,,0.016881802952168186,87.5
bangkok_temp_1h,-,chronos_2_ctx2048,chronos,2866,2026-06-28,0.5910842117286785,0.015010325500043109,,0.019859577664323873,91.66666666666666
bangkok_temp_1h,-,chronos_2_ctx2048,chronos,2969,2026-07-02,0.553253900987646,0.015010325500043109,,0.018442487805130497,95.83333333333334
bangkok_temp_1h,-,chronos_2_ctx2048,chronos,3071,2026-07-06,0.7860994608185269,0.015010325500043109,,0.028372133151679878,75.0
bangkok_temp_1h,-,chronos_bolt_small,chronos,1536,2026-05-04,2.1400813253822206,0.005759041690907907,,0.052948500774008644,50.0
bangkok_temp_1h,-,chronos_bolt_small,chronos,1638,2026-05-08,1.5867855231181132,0.005759041690907907,,0.03638111607057154,70.83333333333334
bangkok_temp_1h,-,chronos_bolt_small,chronos,1741,2026-05-12,0.6731923404816658,0.005759041690907907,,0.016163015270502967,100.0
bangkok_temp_1h,-,chronos_bolt_small,chronos,1843,2026-05-16,0.43714485345258225,0.005759041690907907,,0.012104013509155367,100.0
bangkok_temp_1h,-,chronos_bolt_small,chronos,1945,2026-05-21,0.7045806364849942,0.005759041690907907,,0.01632848701981256,95.83333333333334
bangkok_temp_1h,-,chronos_bolt_small,chronos,2048,2026-05-25,0.7434809029748352,0.005759041690907907,,0.01894814825834161,87.5
bangkok_temp_1h,-,chronos_bolt_small,chronos,2150,2026-05-29,0.4693897284485684,0.005759041690907907,,0.014457602850034959,100.0
bangkok_temp_1h,-,chronos_bolt_small,chronos,2252,2026-06-02,0.9684226661733771,0.005759041690907907,,0.024602963650039906,75.0
bangkok_temp_1h,-,chronos_bolt_small,chronos,2355,2026-06-07,0.7011688573796218,0.005759041690907907,,0.020861193800065483,79.16666666666666
bangkok_temp_1h,-,chronos_bolt_small,chronos,2457,2026-06-11,1.5234159946214476,0.005759041690907907,,0.04665110850024059,54.166666666666664
bangkok_temp_1h,-,chronos_bolt_small,chronos,2559,2026-06-15,1.1250984488373594,0.005759041690907907,,0.032535707567471,66.66666666666666
bangkok_temp_1h,-,chronos_bolt_small,chronos,2662,2026-06-19,0.8976988293866485,0.005759041690907907,,0.027706944783034496,87.5
bangkok_temp_1h,-,chronos_bolt_small,chronos,2764,2026-06-24,0.4589617706232049,0.005759041690907907,,0.01694756047054163,83.33333333333334
bangkok_temp_1h,-,chronos_bolt_small,chronos,2866,2026-06-28,0.6885525180114838,0.005759041690907907,,0.02325804245574962,91.66666666666666
bangkok_temp_1h,-,chronos_bolt_small,chronos,2969,2026-07-02,0.48795493427478065,0.005759041690907907,,0.017581955619289335,87.5
bangkok_temp_1h,-,chronos_bolt_small,chronos,3071,2026-07-06,0.7976845174694703,0.005759041690907907,,0.028134526743181953,79.16666666666666
london_temp_1h,-,naive_last,naive,1536,2026-05-04,0.6378912381128242,1.427062670700252e-06,,,
london_temp_1h,-,naive_last,naive,1638,2026-05-08,2.579199900299102,1.427062670700252e-06,,,
london_temp_1h,-,naive_last,naive,1741,2026-05-12,1.6252390057361377,1.427062670700252e-06,,,
london_temp_1h,-,naive_last,naive,1843,2026-05-16,0.990894039735099,1.427062670700252e-06,,,
london_temp_1h,-,naive_last,naive,1945,2026-05-21,2.472223077159828,1.427062670700252e-06,,,
london_temp_1h,-,naive_last,naive,2048,2026-05-25,2.4003701418877244,1.427062670700252e-06,,,
london_temp_1h,-,naive_last,naive,2150,2026-05-29,1.8073105854760745,1.427062670700252e-06,,,
london_temp_1h,-,naive_last,naive,2252,2026-06-02,0.8176302039440421,1.427062670700252e-06,,,
london_temp_1h,-,naive_last,naive,2355,2026-06-07,1.6785828558131415,1.427062670700252e-06,,,
london_temp_1h,-,naive_last,naive,2457,2026-06-11,1.0452897437473112,1.427062670700252e-06,,,
london_temp_1h,-,naive_last,naive,2559,2026-06-15,1.7212115347396943,1.427062670700252e-06,,,
london_temp_1h,-,naive_last,naive,2662,2026-06-19,1.2885392096675174,1.427062670700252e-06,,,
london_temp_1h,-,naive_last,naive,2764,2026-06-24,2.9730603786618106,1.427062670700252e-06,,,
london_temp_1h,-,naive_last,naive,2866,2026-06-28,1.883475911751463,1.427062670700252e-06,,,
london_temp_1h,-,naive_last,naive,2969,2026-07-02,2.693231046931407,1.427062670700252e-06,,,
london_temp_1h,-,naive_last,naive,3071,2026-07-06,1.709930053207389,1.427062670700252e-06,,,
london_temp_1h,-,naive_mean,naive,1536,2026-05-04,1.424742925399316,3.406254108995199e-06,,,
london_temp_1h,-,naive_mean,naive,1638,2026-05-08,1.607978947772068,3.406254108995199e-06,,,
london_temp_1h,-,naive_mean,naive,1741,2026-05-12,0.9690723008139098,3.406254108995199e-06,,,
london_temp_1h,-,naive_mean,naive,1843,2026-05-16,1.0230148620338995,3.406254108995199e-06,,,
london_temp_1h,-,naive_mean,naive,1945,2026-05-21,2.9828864928306422,3.406254108995199e-06,,,
london_temp_1h,-,naive_mean,naive,2048,2026-05-25,7.260246375694016,3.406254108995199e-06,,,
london_temp_1h,-,naive_mean,naive,2150,2026-05-29,4.380199426769429,3.406254108995199e-06,,,
london_temp_1h,-,naive_mean,naive,2252,2026-06-02,1.1123726491110482,3.406254108995199e-06,,,
london_temp_1h,-,naive_mean,naive,2355,2026-06-07,1.3606358347554413,3.406254108995199e-06,,,
london_temp_1h,-,naive_mean,naive,2457,2026-06-11,1.1146353799828876,3.406254108995199e-06,,,
london_temp_1h,-,naive_mean,naive,2559,2026-06-15,3.0251175792992373,3.406254108995199e-06,,,
london_temp_1h,-,naive_mean,naive,2662,2026-06-19,4.308642785704089,3.406254108995199e-06,,,
london_temp_1h,-,naive_mean,naive,2764,2026-06-24,6.907243473737939,3.406254108995199e-06,,,
london_temp_1h,-,naive_mean,naive,2866,2026-06-28,2.8353460418582626,3.406254108995199e-06,,,
london_temp_1h,-,naive_mean,naive,2969,2026-07-02,2.4768698634384423,3.406254108995199e-06,,,
london_temp_1h,-,naive_mean,naive,3071,2026-07-06,4.986631468003119,3.406254108995199e-06,,,
london_temp_1h,-,seasonal_naive,naive,1536,2026-05-04,0.7367740744160279,2.0625011529773474e-06,,,
london_temp_1h,-,seasonal_naive,naive,1638,2026-05-08,0.9598392323030907,2.0625011529773474e-06,,,
london_temp_1h,-,seasonal_naive,naive,1741,2026-05-12,1.4627151051625236,2.0625011529773474e-06,,,
london_temp_1h,-,seasonal_naive,naive,1843,2026-05-16,0.7359271523178805,2.0625011529773474e-06,,,
london_temp_1h,-,seasonal_naive,naive,1945,2026-05-21,1.0858391554584346,2.0625011529773474e-06,,,
london_temp_1h,-,seasonal_naive,naive,2048,2026-05-25,1.001233806292412,2.0625011529773474e-06,,,
london_temp_1h,-,seasonal_naive,naive,2150,2026-05-29,1.2649372193461657,2.0625011529773474e-06,,,
london_temp_1h,-,seasonal_naive,naive,2252,2026-06-02,0.73091184898028,2.0625011529773474e-06,,,
london_temp_1h,-,seasonal_naive,naive,2355,2026-06-07,0.6652025946071728,2.0625011529773474e-06,,,
london_temp_1h,-,seasonal_naive,naive,2457,2026-06-11,1.7150494684446627,2.0625011529773474e-06,,,
london_temp_1h,-,seasonal_naive,naive,2559,2026-06-15,1.0384168763305595,2.0625011529773474e-06,,,
london_temp_1h,-,seasonal_naive,naive,2662,2026-06-19,0.8854890303402372,2.0625011529773474e-06,,,
london_temp_1h,-,seasonal_naive,naive,2764,2026-06-24,0.9890420421363311,2.0625011529773474e-06,,,
london_temp_1h,-,seasonal_naive,naive,2866,2026-06-28,2.269248086447546,2.0625011529773474e-06,,,
london_temp_1h,-,seasonal_naive,naive,2969,2026-07-02,0.9287003610108302,2.0625011529773474e-06,,,
london_temp_1h,-,seasonal_naive,naive,3071,2026-07-06,0.5141089256890059,2.0625011529773474e-06,,,
london_temp_1h,-,seasonal_profile,naive,1536,2026-05-04,1.1158249469116424,1.701300061540678e-05,,,
london_temp_1h,-,seasonal_profile,naive,1638,2026-05-08,0.7871074277168494,1.701300061540678e-05,,,
london_temp_1h,-,seasonal_profile,naive,1741,2026-05-12,0.3652007648183556,1.701300061540678e-05,,,
london_temp_1h,-,seasonal_profile,naive,1843,2026-05-16,1.1145143487858717,1.701300061540678e-05,,,
london_temp_1h,-,seasonal_profile,naive,1945,2026-05-21,1.9147610107414357,1.701300061540678e-05,,,
london_temp_1h,-,seasonal_profile,naive,2048,2026-05-25,1.878470080197409,1.701300061540678e-05,,,
london_temp_1h,-,seasonal_profile,naive,2150,2026-05-29,1.357735320195635,1.701300061540678e-05,,,
london_temp_1h,-,seasonal_profile,naive,2252,2026-06-02,1.7281729310635423,1.701300061540678e-05,,,
london_temp_1h,-,seasonal_profile,naive,2355,2026-06-07,0.4984438174466972,1.701300061540678e-05,,,
london_temp_1h,-,seasonal_profile,naive,2457,2026-06-11,1.5727739199901676,1.701300061540678e-05,,,
london_temp_1h,-,seasonal_profile,naive,2559,2026-06-15,1.2406135088058836,1.701300061540678e-05,,,
london_temp_1h,-,seasonal_profile,naive,2662,2026-06-19,0.6259491421370643,1.701300061540678e-05,,,
london_temp_1h,-,seasonal_profile,naive,2764,2026-06-24,2.1580897359414744,1.701300061540678e-05,,,
london_temp_1h,-,seasonal_profile,naive,2866,2026-06-28,3.080504277352545,1.701300061540678e-05,,,
london_temp_1h,-,seasonal_profile,naive,2969,2026-07-02,0.6529332129963898,1.701300061540678e-05,,,
london_temp_1h,-,seasonal_profile,naive,3071,2026-07-06,1.4688826448257304,1.701300061540678e-05,,,
london_temp_1h,-,autoets,statistical,1536,2026-05-04,0.6378935649229336,0.5271446171900607,,0.08291943469386931,100.0
london_temp_1h,-,autoets,statistical,1638,2026-05-08,2.5791998984145197,0.5271446171900607,,0.3325772292861378,33.33333333333333
london_temp_1h,-,autoets,statistical,1741,2026-05-12,1.6251843149134526,0.5271446171900607,,0.22253835497768307,62.5
london_temp_1h,-,autoets,statistical,1843,2026-05-16,0.9908989852619361,0.5271446171900607,,0.12244180537289891,100.0
london_temp_1h,-,autoets,statistical,1945,2026-05-21,2.472201357933364,0.5271446171900607,,0.2410528782188892,45.83333333333333
london_temp_1h,-,autoets,statistical,2048,2026-05-25,2.400441213275757,0.5271446171900607,,0.1717036679631208,41.66666666666667
london_temp_1h,-,autoets,statistical,2150,2026-05-29,1.8072875202283807,0.5271446171900607,,0.1484741085753663,54.166666666666664
london_temp_1h,-,autoets,statistical,2252,2026-06-02,0.8176425905465442,0.5271446171900607,,0.10204201538473479,91.66666666666666
london_temp_1h,-,autoets,statistical,2355,2026-06-07,1.678563062022449,0.5271446171900607,,0.18559375761992353,58.333333333333336
london_temp_1h,-,autoets,statistical,2457,2026-06-11,1.045328074522633,0.5271446171900607,,0.10410841781180538,100.0
london_temp_1h,-,autoets,statistical,2559,2026-06-15,1.7218502461924308,0.5271446171900607,,0.14085178565521855,58.333333333333336
london_temp_1h,-,autoets,statistical,2662,2026-06-19,1.2885392096675174,0.5271446171900607,,0.09695585290423979,66.66666666666666
london_temp_1h,-,autoets,statistical,2764,2026-06-24,2.9730461346759505,0.5271446171900607,,0.19311983818750597,41.66666666666667
london_temp_1h,-,autoets,statistical,2866,2026-06-28,1.8834622950147444,0.5271446171900607,,0.15521450454466132,62.5
london_temp_1h,-,autoets,statistical,2969,2026-07-02,2.6934873807797284,0.5271446171900607,,0.26093858006311915,37.5
london_temp_1h,-,autoets,statistical,3071,2026-07-06,1.7099274163746778,0.5271446171900607,,0.11197488971524809,66.66666666666666
london_temp_1h,-,autotheta,statistical,1536,2026-05-04,1.2081998779968477,0.10722711718699429,,0.13448537275927738,62.5
london_temp_1h,-,autotheta,statistical,1638,2026-05-08,0.6520880748588435,0.10722711718699429,,0.07849305998007466,87.5
london_temp_1h,-,autotheta,statistical,1741,2026-05-12,0.42082591035883615,0.10722711718699429,,0.06293547575665022,95.83333333333334
london_temp_1h,-,autotheta,statistical,1843,2026-05-16,0.9357724846920807,0.10722711718699429,,0.1316393872856663,45.83333333333333
london_temp_1h,-,autotheta,statistical,1945,2026-05-21,0.8341918372525651,0.10722711718699429,,0.08064711808187146,70.83333333333334
london_temp_1h,-,autotheta,statistical,2048,2026-05-25,0.9752267829410942,0.10722711718699429,,0.06254381906081789,58.333333333333336
london_temp_1h,-,autotheta,statistical,2150,2026-05-29,1.0445720388875113,0.10722711718699429,,0.08522196161085159,45.83333333333333
london_temp_1h,-,autotheta,statistical,2252,2026-06-02,0.7002453418440419,0.10722711718699429,,0.08221633080356329,66.66666666666666
london_temp_1h,-,autotheta,statistical,2355,2026-06-07,0.44873649853279973,0.10722711718699429,,0.05404155693570413,95.83333333333334
london_temp_1h,-,autotheta,statistical,2457,2026-06-11,1.6679949166122994,0.10722711718699429,,0.1962812488220799,29.166666666666668
london_temp_1h,-,autotheta,statistical,2559,2026-06-15,1.0532089573988603,0.10722711718699429,,0.08531990028644787,70.83333333333334
london_temp_1h,-,autotheta,statistical,2662,2026-06-19,0.8789816885772344,0.10722711718699429,,0.05564771979586337,91.66666666666666
london_temp_1h,-,autotheta,statistical,2764,2026-06-24,0.6672373919579498,0.10722711718699429,,0.032737603942091284,95.83333333333334
london_temp_1h,-,autotheta,statistical,2866,2026-06-28,1.1504009679999865,0.10722711718699429,,0.0831023363026405,45.83333333333333
london_temp_1h,-,autotheta,statistical,2969,2026-07-02,0.6713242519512133,0.10722711718699429,,0.0543475105452156,87.5
london_temp_1h,-,autotheta,statistical,3071,2026-07-06,0.9061433519218429,0.10722711718699429,,0.05569978428805969,70.83333333333334
london_temp_1h,-,mstl,statistical,1536,2026-05-04,1.328353000772625,0.1645875781250652,,0.1604279153044466,54.166666666666664
london_temp_1h,-,mstl,statistical,1638,2026-05-08,0.8562586453939796,0.1645875781250652,,0.09412889005578048,62.5
london_temp_1h,-,mstl,statistical,1741,2026-05-12,1.1745171003090409,0.1645875781250652,,0.1553423313075086,50.0
london_temp_1h,-,mstl,statistical,1843,2026-05-16,1.74183282818882,0.1645875781250652,,0.23898316413668144,12.5
london_temp_1h,-,mstl,statistical,1945,2026-05-21,1.7832960510537528,0.1645875781250652,,0.1771985854654224,41.66666666666667
london_temp_1h,-,mstl,statistical,2048,2026-05-25,0.8163975676345885,0.1645875781250652,,0.058627140781282984,54.166666666666664
london_temp_1h,-,mstl,statistical,2150,2026-05-29,0.8842260122801318,0.1645875781250652,,0.0632076999611164,83.33333333333334
london_temp_1h,-,mstl,statistical,2252,2026-06-02,0.4748763497387952,0.1645875781250652,,0.06172398421562426,95.83333333333334
london_temp_1h,-,mstl,statistical,2355,2026-06-07,1.11730712216366,0.1645875781250652,,0.11550267063996711,70.83333333333334
london_temp_1h,-,mstl,statistical,2457,2026-06-11,1.3679157933124373,0.1645875781250652,,0.14653332328509158,33.33333333333333
london_temp_1h,-,mstl,statistical,2559,2026-06-15,0.6717179306159008,0.1645875781250652,,0.054261118254204814,83.33333333333334
london_temp_1h,-,mstl,statistical,2662,2026-06-19,1.0233164636855605,0.1645875781250652,,0.06775720242127932,50.0
london_temp_1h,-,mstl,statistical,2764,2026-06-24,1.3207265326796818,0.1645875781250652,,0.079529690499378,45.83333333333333
london_temp_1h,-,mstl,statistical,2866,2026-06-28,0.9364630064612826,0.1645875781250652,,0.07703978475747306,66.66666666666666
london_temp_1h,-,mstl,statistical,2969,2026-07-02,1.6832583908012593,0.1645875781250652,,0.15653231098054243,12.5
london_temp_1h,-,mstl,statistical,3071,2026-07-06,0.6577106069848023,0.1645875781250652,,0.043319425563526054,79.16666666666666
london_temp_1h,-,gbdt_calendar,ml,1536,2026-05-04,1.0350950978555256,2.1945098932555993,,,
london_temp_1h,-,gbdt_calendar,ml,1638,2026-05-08,1.6713085977939584,2.1945098932555993,,,
london_temp_1h,-,gbdt_calendar,ml,1741,2026-05-12,0.9024964930878455,2.1945098932555993,,,
london_temp_1h,-,gbdt_calendar,ml,1843,2026-05-16,0.9646382439613056,2.1945098932555993,,,
london_temp_1h,-,gbdt_calendar,ml,1945,2026-05-21,0.9500755968544992,2.1945098932555993,,,
london_temp_1h,-,gbdt_calendar,ml,2048,2026-05-25,2.733832158123136,2.1945098932555993,,,
london_temp_1h,-,gbdt_calendar,ml,2150,2026-05-29,1.105880787914566,2.1945098932555993,,,
london_temp_1h,-,gbdt_calendar,ml,2252,2026-06-02,0.9798344352546887,2.1945098932555993,,,
london_temp_1h,-,gbdt_calendar,ml,2355,2026-06-07,0.8799061493397755,2.1945098932555993,,,
london_temp_1h,-,gbdt_calendar,ml,2457,2026-06-11,1.477753305132929,2.1945098932555993,,,
london_temp_1h,-,gbdt_calendar,ml,2559,2026-06-15,1.1642939575769227,2.1945098932555993,,,
london_temp_1h,-,gbdt_calendar,ml,2662,2026-06-19,0.7328154265766863,2.1945098932555993,,,
london_temp_1h,-,gbdt_calendar,ml,2764,2026-06-24,2.955326361890975,2.1945098932555993,,,
london_temp_1h,-,gbdt_calendar,ml,2866,2026-06-28,1.5723804188832342,2.1945098932555993,,,
london_temp_1h,-,gbdt_calendar,ml,2969,2026-07-02,1.4857036405571282,2.1945098932555993,,,
london_temp_1h,-,gbdt_calendar,ml,3071,2026-07-06,0.7271126582783111,2.1945098932555993,,,
london_temp_1h,-,timesfm_2p5_ctx2048,timesfm,1536,2026-05-04,0.4665762765972625,0.24657830731302965,,0.0616034920592099,100.0
london_temp_1h,-,timesfm_2p5_ctx2048,timesfm,1638,2026-05-08,0.36538691386387334,0.24657830731302965,,0.04719083306128648,100.0
london_temp_1h,-,timesfm_2p5_ctx2048,timesfm,1741,2026-05-12,0.5530540838296281,0.24657830731302965,,0.0850621952248572,91.66666666666666
london_temp_1h,-,timesfm_2p5_ctx2048,timesfm,1843,2026-05-16,0.6992756044101504,0.24657830731302965,,0.08923338577448645,75.0
london_temp_1h,-,timesfm_2p5_ctx2048,timesfm,1945,2026-05-21,1.3569517694774829,0.24657830731302965,,0.1250594782662647,33.33333333333333
london_temp_1h,-,timesfm_2p5_ctx2048,timesfm,2048,2026-05-25,0.62909996884609,0.24657830731302965,,0.04612577619541385,100.0
london_temp_1h,-,timesfm_2p5_ctx2048,timesfm,2150,2026-05-29,0.5389645363746278,0.24657830731302965,,0.042555911943163695,100.0
london_temp_1h,-,timesfm_2p5_ctx2048,timesfm,2252,2026-06-02,0.6092596819202675,0.24657830731302965,,0.075280472413709,91.66666666666666
london_temp_1h,-,timesfm_2p5_ctx2048,timesfm,2355,2026-06-07,0.4505397556180323,0.24657830731302965,,0.051517690980249296,91.66666666666666
london_temp_1h,-,timesfm_2p5_ctx2048,timesfm,2457,2026-06-11,1.3988350391944682,0.24657830731302965,,0.15131099836325942,45.83333333333333
london_temp_1h,-,timesfm_2p5_ctx2048,timesfm,2559,2026-06-15,0.7328200832150628,0.24657830731302965,,0.0584975955476967,91.66666666666666
london_temp_1h,-,timesfm_2p5_ctx2048,timesfm,2662,2026-06-19,0.47041136493798097,0.24657830731302965,,0.04136380493421187,91.66666666666666
london_temp_1h,-,timesfm_2p5_ctx2048,timesfm,2764,2026-06-24,0.7598827998901434,0.24657830731302965,,0.04425060312383415,100.0
london_temp_1h,-,timesfm_2p5_ctx2048,timesfm,2866,2026-06-28,1.1622645041900732,0.24657830731302965,,0.08713435256012085,79.16666666666666
london_temp_1h,-,timesfm_2p5_ctx2048,timesfm,2969,2026-07-02,0.9870890200783629,0.24657830731302965,,0.08890024874992254,45.83333333333333
london_temp_1h,-,timesfm_2p5_ctx2048,timesfm,3071,2026-07-06,0.6961775684111529,0.24657830731302965,,0.04924057316098401,70.83333333333334
london_temp_1h,-,chronos_2_ctx2048,chronos,1536,2026-05-04,0.5008232316397615,0.020079929687199183,,0.06028228013453455,100.0
london_temp_1h,-,chronos_2_ctx2048,chronos,1638,2026-05-08,0.5556390334221563,0.020079929687199183,,0.0615266104527216,91.66666666666666
london_temp_1h,-,chronos_2_ctx2048,chronos,1741,2026-05-12,0.5349599334979375,0.020079929687199183,,0.08105183641115823,83.33333333333334
london_temp_1h,-,chronos_2_ctx2048,chronos,1843,2026-05-16,1.002813759229041,0.020079929687199183,,0.13520188954261456,41.66666666666667
london_temp_1h,-,chronos_2_ctx2048,chronos,1945,2026-05-21,1.3140088672772372,0.020079929687199183,,0.13141070286857418,29.166666666666668
london_temp_1h,-,chronos_2_ctx2048,chronos,2048,2026-05-25,1.3407439691354135,0.020079929687199183,,0.07609516181687095,45.83333333333333
london_temp_1h,-,chronos_2_ctx2048,chronos,2150,2026-05-29,0.7111335759631654,0.020079929687199183,,0.051717953752555425,95.83333333333334
london_temp_1h,-,chronos_2_ctx2048,chronos,2252,2026-06-02,0.43598875219054795,0.020079929687199183,,0.060682149170855605,95.83333333333334
london_temp_1h,-,chronos_2_ctx2048,chronos,2355,2026-06-07,0.44281104952291983,0.020079929687199183,,0.05076709510589229,91.66666666666666
london_temp_1h,-,chronos_2_ctx2048,chronos,2457,2026-06-11,1.5220921310774556,0.020079929687199183,,0.18419973891458394,20.833333333333336
london_temp_1h,-,chronos_2_ctx2048,chronos,2559,2026-06-15,0.8552597790454698,0.020079929687199183,,0.06678090591261898,66.66666666666666
london_temp_1h,-,chronos_2_ctx2048,chronos,2662,2026-06-19,0.6741832912000971,0.020079929687199183,,0.04589913535457085,83.33333333333334
london_temp_1h,-,chronos_2_ctx2048,chronos,2764,2026-06-24,0.490305700220977,0.020079929687199183,,0.029952128567155747,100.0
london_temp_1h,-,chronos_2_ctx2048,chronos,2866,2026-06-28,1.1074040065526642,0.020079929687199183,,0.09038898714773082,33.33333333333333
london_temp_1h,-,chronos_2_ctx2048,chronos,2969,2026-07-02,0.9345445612277364,0.020079929687199183,,0.08396664939498387,41.66666666666667
london_temp_1h,-,chronos_2_ctx2048,chronos,3071,2026-07-06,0.7552289620114006,0.020079929687199183,,0.049810001291833494,66.66666666666666
london_temp_1h,-,chronos_bolt_small,chronos,1536,2026-05-04,0.6395781940287273,0.008574088562454563,,0.07167038178923603,87.5
london_temp_1h,-,chronos_bolt_small,chronos,1638,2026-05-08,0.32683490542091376,0.008574088562454563,,0.04654438690992743,95.83333333333334
london_temp_1h,-,chronos_bolt_small,chronos,1741,2026-05-12,0.6387678970570317,0.008574088562454563,,0.09026516213101543,83.33333333333334
london_temp_1h,-,chronos_bolt_small,chronos,1843,2026-05-16,0.8061113641751522,0.008574088562454563,,0.10339556903148336,62.5
london_temp_1h,-,chronos_bolt_small,chronos,1945,2026-05-21,1.2865608333679106,0.008574088562454563,,0.12781443911800827,29.166666666666668
london_temp_1h,-,chronos_bolt_small,chronos,2048,2026-05-25,0.8846210524449003,0.008574088562454563,,0.048766278345324064,100.0
london_temp_1h,-,chronos_bolt_small,chronos,2150,2026-05-29,0.762462937231451,0.008574088562454563,,0.054563154102272915,100.0
london_temp_1h,-,chronos_bolt_small,chronos,2252,2026-06-02,0.5494506578109487,0.008574088562454563,,0.06672994986003021,100.0
london_temp_1h,-,chronos_bolt_small,chronos,2355,2026-06-07,0.49293741140590563,0.008574088562454563,,0.05677210933051127,83.33333333333334
london_temp_1h,-,chronos_bolt_small,chronos,2457,2026-06-11,1.6013052618687442,0.008574088562454563,,0.1864935607969025,20.833333333333336
london_temp_1h,-,chronos_bolt_small,chronos,2559,2026-06-15,0.6980056958339744,0.008574088562454563,,0.05342233185346334,83.33333333333334
london_temp_1h,-,chronos_bolt_small,chronos,2662,2026-06-19,0.8179279678553278,0.008574088562454563,,0.054308755883673336,83.33333333333334
london_temp_1h,-,chronos_bolt_small,chronos,2764,2026-06-24,0.6739579614894822,0.008574088562454563,,0.03721592855191842,87.5
london_temp_1h,-,chronos_bolt_small,chronos,2866,2026-06-28,1.2667319451082617,0.008574088562454563,,0.10278559318799511,37.5
london_temp_1h,-,chronos_bolt_small,chronos,2969,2026-07-02,0.9936279964791309,0.008574088562454563,,0.08673728334327692,41.66666666666667
london_temp_1h,-,chronos_bolt_small,chronos,3071,2026-07-06,0.6272587890497288,0.008574088562454563,,0.04090581618484017,79.16666666666666
bangkok_pm25_1h,-,naive_last,naive,1536,2026-05-04,0.8485711733351862,1.588501618243754e-06,39.625372218835444,,
bangkok_pm25_1h,-,naive_last,naive,1638,2026-05-08,2.0895691839837807,1.588501618243754e-06,31.68050805154759,,
bangkok_pm25_1h,-,naive_last,naive,1741,2026-05-12,0.18098145015733821,1.588501618243754e-06,15.715243459310738,,
bangkok_pm25_1h,-,naive_last,naive,1843,2026-05-16,0.29053413321887384,1.588501618243754e-06,35.04333020049672,,
bangkok_pm25_1h,-,naive_last,naive,1945,2026-05-21,0.43057602357916314,1.588501618243754e-06,27.233546269988786,,
bangkok_pm25_1h,-,naive_last,naive,2048,2026-05-25,0.8164332184425843,1.588501618243754e-06,54.256565967090445,,
bangkok_pm25_1h,-,naive_last,naive,2150,2026-05-29,1.3786679628475125,1.588501618243754e-06,36.28572217943544,,
bangkok_pm25_1h,-,naive_last,naive,2252,2026-06-02,0.5614491777172081,1.588501618243754e-06,38.685007240586025,,
bangkok_pm25_1h,-,naive_last,naive,2355,2026-06-07,0.20351734764358959,1.588501618243754e-06,24.301441682474408,,
bangkok_pm25_1h,-,naive_last,naive,2457,2026-06-11,0.4053321283325802,1.588501618243754e-06,28.93827786503312,,
bangkok_pm25_1h,-,naive_last,naive,2559,2026-06-15,0.47681280249466745,1.588501618243754e-06,20.218640520060475,,
bangkok_pm25_1h,-,naive_last,naive,2662,2026-06-19,0.6653221871645577,1.588501618243754e-06,32.017133582531486,,
bangkok_pm25_1h,-,naive_last,naive,2764,2026-06-24,0.5125765158068789,1.588501618243754e-06,34.578788611977494,,
bangkok_pm25_1h,-,naive_last,naive,2866,2026-06-28,0.1178356713426854,1.588501618243754e-06,14.28272034213163,,
bangkok_pm25_1h,-,naive_last,naive,2969,2026-07-02,0.12059864261268055,1.588501618243754e-06,11.533578667195517,,
bangkok_pm25_1h,-,naive_last,naive,3071,2026-07-06,0.33179672106769764,1.588501618243754e-06,10.723967405055303,,
bangkok_pm25_1h,-,naive_mean,naive,1536,2026-05-04,1.437689521772361,3.723936970345676e-06,86.36509541203905,,
bangkok_pm25_1h,-,naive_mean,naive,1638,2026-05-08,2.7680923232874575,3.723936970345676e-06,40.57201140637872,,
bangkok_pm25_1h,-,naive_mean,naive,1741,2026-05-12,2.061681356093601,3.723936970345676e-06,188.48288429872088,,
bangkok_pm25_1h,-,naive_mean,naive,1843,2026-05-16,2.2225162038912494,3.723936970345676e-06,233.6444601976115,,
bangkok_pm25_1h,-,naive_mean,naive,1945,2026-05-21,1.64741333687359,3.723936970345676e-06,101.68683180526902,,
bangkok_pm25_1h,-,naive_mean,naive,2048,2026-05-25,1.6756743174651405,3.723936970345676e-06,109.30600581346181,,
bangkok_pm25_1h,-,naive_mean,naive,2150,2026-05-29,0.9231361154531476,3.723936970345676e-06,36.50132724261773,,
bangkok_pm25_1h,-,naive_mean,naive,2252,2026-06-02,1.4191053795170805,3.723936970345676e-06,99.23903011054732,,
bangkok_pm25_1h,-,naive_mean,naive,2355,2026-06-07,2.3839826295129747,3.723936970345676e-06,367.858437496554,,
bangkok_pm25_1h,-,naive_mean,naive,2457,2026-06-11,1.7596818003505754,3.723936970345676e-06,168.24203749649254,,
bangkok_pm25_1h,-,naive_mean,naive,2559,2026-06-15,0.8337203431289827,3.723936970345676e-06,41.48636013710547,,
bangkok_pm25_1h,-,naive_mean,naive,2662,2026-06-19,1.066998203496655,3.723936970345676e-06,59.45432455860892,,
bangkok_pm25_1h,-,naive_mean,naive,2764,2026-06-24,1.3995510437720433,3.723936970345676e-06,104.46865756443862,,
bangkok_pm25_1h,-,naive_mean,naive,2866,2026-06-28,2.253017409557426,3.723936970345676e-06,298.1050117614464,,
bangkok_pm25_1h,-,naive_mean,naive,2969,2026-07-02,2.090414137103766,3.723936970345676e-06,217.91573099560523,,
bangkok_pm25_1h,-,naive_mean,naive,3071,2026-07-06,0.5262142068181795,3.723936970345676e-06,20.474644813953958,,
bangkok_pm25_1h,-,seasonal_naive,naive,1536,2026-05-04,0.7059962083238212,2.166620106436312e-06,38.72166635450633,,
bangkok_pm25_1h,-,seasonal_naive,naive,1638,2026-05-08,3.301672579827674,2.166620106436312e-06,53.70384297225156,,
bangkok_pm25_1h,-,seasonal_naive,naive,1741,2026-05-12,0.6149797303043761,2.166620106436312e-06,60.63311360438679,,
bangkok_pm25_1h,-,seasonal_naive,naive,1843,2026-05-16,0.34021421227578086,2.166620106436312e-06,38.64492771620114,,
bangkok_pm25_1h,-,seasonal_naive,naive,1945,2026-05-21,1.0596206830268469,2.166620106436312e-06,66.34250560854528,,
bangkok_pm25_1h,-,seasonal_naive,naive,2048,2026-05-25,0.7913528123788672,2.166620106436312e-06,50.154145095625694,,
bangkok_pm25_1h,-,seasonal_naive,naive,2150,2026-05-29,1.2987837737882646,2.166620106436312e-06,34.35692312864558,,
bangkok_pm25_1h,-,seasonal_naive,naive,2252,2026-06-02,0.4527608489265918,2.166620106436312e-06,28.50932238288882,,
bangkok_pm25_1h,-,seasonal_naive,naive,2355,2026-06-07,0.3400881993517879,2.166620106436312e-06,49.1468842445131,,
bangkok_pm25_1h,-,seasonal_naive,naive,2457,2026-06-11,0.6527338454586534,2.166620106436312e-06,47.607214383229994,,
bangkok_pm25_1h,-,seasonal_naive,naive,2559,2026-06-15,0.5777688751258702,2.166620106436312e-06,23.818370128699318,,
bangkok_pm25_1h,-,seasonal_naive,naive,2662,2026-06-19,0.8360927690856454,2.166620106436312e-06,42.52068129106157,,
bangkok_pm25_1h,-,seasonal_naive,naive,2764,2026-06-24,0.3663231896277964,2.166620106436312e-06,28.008845628689805,,
bangkok_pm25_1h,-,seasonal_naive,naive,2866,2026-06-28,0.47274549098196395,2.166620106436312e-06,62.79422900864745,,
bangkok_pm25_1h,-,seasonal_naive,naive,2969,2026-07-02,0.23461917744648764,2.166620106436312e-06,23.497216913274325,,
bangkok_pm25_1h,-,seasonal_naive,naive,3071,2026-07-06,0.9079519684746642,2.166620106436312e-06,29.8598708853056,,
bangkok_pm25_1h,-,seasonal_profile,naive,1536,2026-05-04,0.8932821820997153,1.6721372958272696e-05,51.170992244221004,,
bangkok_pm25_1h,-,seasonal_profile,naive,1638,2026-05-08,2.998646730866701,1.6721372958272696e-05,45.20216824447216,,
bangkok_pm25_1h,-,seasonal_profile,naive,1741,2026-05-12,1.4070712416015425,1.6721372958272696e-05,131.90651708796196,,
bangkok_pm25_1h,-,seasonal_profile,naive,1843,2026-05-16,0.3983839250955771,1.6721372958272696e-05,47.39832580953398,,
bangkok_pm25_1h,-,seasonal_profile,naive,1945,2026-05-21,0.32932338053437554,1.6721372958272696e-05,17.155799675963827,,
bangkok_pm25_1h,-,seasonal_profile,naive,2048,2026-05-25,0.25971420489665076,1.6721372958272696e-05,15.882646082364532,,
bangkok_pm25_1h,-,seasonal_profile,naive,2150,2026-05-29,1.2964538182740368,1.6721372958272696e-05,34.32460883451389,,
bangkok_pm25_1h,-,seasonal_profile,naive,2252,2026-06-02,0.701329127492114,1.6721372958272696e-05,48.970831967970554,,
bangkok_pm25_1h,-,seasonal_profile,naive,2355,2026-06-07,0.18644599118006483,1.6721372958272696e-05,29.735809060365632,,
bangkok_pm25_1h,-,seasonal_profile,naive,2457,2026-06-11,0.3788974243108902,1.6721372958272696e-05,26.424576647591618,,
bangkok_pm25_1h,-,seasonal_profile,naive,2559,2026-06-15,0.5832259601329624,1.6721372958272696e-05,21.687212874382674,,
bangkok_pm25_1h,-,seasonal_profile,naive,2662,2026-06-19,0.7671014539895259,1.6721372958272696e-05,41.506358925402296,,
bangkok_pm25_1h,-,seasonal_profile,naive,2764,2026-06-24,0.7950799925537388,1.6721372958272696e-05,61.12772221843416,,
bangkok_pm25_1h,-,seasonal_profile,naive,2866,2026-06-28,0.5814629258517034,1.6721372958272696e-05,77.62434251938485,,
bangkok_pm25_1h,-,seasonal_profile,naive,2969,2026-07-02,0.14069841638146063,1.6721372958272696e-05,13.628477493433126,,
bangkok_pm25_1h,-,seasonal_profile,naive,3071,2026-07-06,1.5617866835198333,1.6721372958272696e-05,55.20329271945242,,
bangkok_pm25_1h,-,autoets,statistical,1536,2026-05-04,0.5656710520587301,0.6492713150655618,27.053186688721738,0.22996656350888967,66.66666666666666
bangkok_pm25_1h,-,autoets,statistical,1638,2026-05-08,1.7108127061805194,0.6492713150655618,26.903534604632544,0.1914146719031913,95.83333333333334
bangkok_pm25_1h,-,autoets,statistical,1741,2026-05-12,0.4044246606995091,0.6492713150655618,36.54739080785161,0.24840617821165253,100.0
bangkok_pm25_1h,-,autoets,statistical,1843,2026-05-16,0.7142805213219104,0.6492713150655618,80.77064003504817,0.46314861628939313,87.5
bangkok_pm25_1h,-,autoets,statistical,1945,2026-05-21,0.8484894064946381,0.6492713150655618,51.93086501297307,0.3420447721867508,83.33333333333334
bangkok_pm25_1h,-,autoets,statistical,2048,2026-05-25,1.3271150271336725,0.6492713150655618,87.57293261323943,0.5604898338935876,79.16666666666666
bangkok_pm25_1h,-,autoets,statistical,2150,2026-05-29,0.9680529042016475,0.6492713150655618,26.63457770420991,0.2191826430300698,79.16666666666666
bangkok_pm25_1h,-,autoets,statistical,2252,2026-06-02,1.0151639966201664,0.6492713150655618,72.36627705338609,0.4048638715298225,100.0
bangkok_pm25_1h,-,autoets,statistical,2355,2026-06-07,0.2307928688927836,0.6492713150655618,34.620276698234484,0.23801925143183844,91.66666666666666
bangkok_pm25_1h,-,autoets,statistical,2457,2026-06-11,0.6138119854267851,0.6492713150655618,57.77749380046507,0.33604367986215533,87.5
bangkok_pm25_1h,-,autoets,statistical,2559,2026-06-15,0.46367855328617474,0.6492713150655618,21.997684902247986,0.1986778620833928,100.0
bangkok_pm25_1h,-,autoets,statistical,2662,2026-06-19,0.6665584700563448,0.6492713150655618,32.07973307773685,0.24736248334842734,83.33333333333334
bangkok_pm25_1h,-,autoets,statistical,2764,2026-06-24,0.8236220815204435,0.6492713150655618,62.01813886493564,0.3367664928676462,100.0
bangkok_pm25_1h,-,autoets,statistical,2866,2026-06-28,0.3636243600923996,0.6492713150655618,48.37362787326054,0.3186646575043355,100.0
bangkok_pm25_1h,-,autoets,statistical,2969,2026-07-02,0.12059864261268055,0.6492713150655618,11.533770923409792,0.16662298802755043,100.0
bangkok_pm25_1h,-,autoets,statistical,3071,2026-07-06,0.4698605456476868,0.6492713150655618,17.04018412828747,0.16993092234048537,100.0
bangkok_pm25_1h,-,autotheta,statistical,1536,2026-05-04,0.8010792447182183,0.11042096355959075,38.122273712729715,0.32348613740466575,100.0
bangkok_pm25_1h,-,autotheta,statistical,1638,2026-05-08,2.584185451777639,0.11042096355959075,38.50186614947281,0.356360898724279,37.5
bangkok_pm25_1h,-,autotheta,statistical,1741,2026-05-12,0.13130230790594494,0.11042096355959075,10.954488900549569,0.2993221373530236,100.0
bangkok_pm25_1h,-,autotheta,statistical,1843,2026-05-16,0.6749623569824773,0.11042096355959075,80.98850355528934,0.4471879226510115,100.0
bangkok_pm25_1h,-,autotheta,statistical,1945,2026-05-21,0.5247691721871696,0.11042096355959075,30.960943413697546,0.24502732140959063,95.83333333333334
bangkok_pm25_1h,-,autotheta,statistical,2048,2026-05-25,0.4918855955244681,0.11042096355959075,32.768171019176265,0.2407803135377947,100.0
bangkok_pm25_1h,-,autotheta,statistical,2150,2026-05-29,1.2050269397157256,0.11042096355959075,32.6147289346092,0.28604529474107215,70.83333333333334
bangkok_pm25_1h,-,autotheta,statistical,2252,2026-06-02,0.9419140912656134,0.11042096355959075,66.89102910059138,0.3629594488336393,95.83333333333334
bangkok_pm25_1h,-,autotheta,statistical,2355,2026-06-07,0.27294575691809553,0.11042096355959075,32.793509610243134,0.4935742639201878,100.0
bangkok_pm25_1h,-,autotheta,statistical,2457,2026-06-11,0.5050403190557448,0.11042096355959075,34.70199430597088,0.3977440346936971,83.33333333333334
bangkok_pm25_1h,-,autotheta,statistical,2559,2026-06-15,0.4272457262809312,0.11042096355959075,18.60099153344796,0.18063999156604227,100.0
bangkok_pm25_1h,-,autotheta,statistical,2662,2026-06-19,0.6119179927893849,0.11042096355959075,29.698273512724953,0.25283104512937604,100.0
bangkok_pm25_1h,-,autotheta,statistical,2764,2026-06-24,0.4454076968663944,0.11042096355959075,30.43745481553872,0.23235269871258896,100.0
bangkok_pm25_1h,-,autotheta,statistical,2866,2026-06-28,0.12079184118074139,0.11042096355959075,14.49711129930766,0.3914323787787032,100.0
bangkok_pm25_1h,-,autotheta,statistical,2969,2026-07-02,0.10633836972304067,0.11042096355959075,10.399928319486374,0.3118446803529122,100.0
bangkok_pm25_1h,-,autotheta,statistical,3071,2026-07-06,0.33634951468172236,0.11042096355959075,10.858457197369438,0.14882685018338535,100.0
bangkok_pm25_1h,-,mstl,statistical,1536,2026-05-04,0.9444752716721182,0.1579561718754121,49.11754949547021,0.40523126182638786,4.166666666666666
bangkok_pm25_1h,-,mstl,statistical,1638,2026-05-08,2.322801782845865,0.1579561718754121,34.84914623602429,0.3132154603865605,25.0
bangkok_pm25_1h,-,mstl,statistical,1741,2026-05-12,0.4780555019232439,0.1579561718754121,43.285438284051985,0.315915962197717,62.5
bangkok_pm25_1h,-,mstl,statistical,1843,2026-05-16,0.4952958040488811,0.1579561718754121,58.256679084878684,0.37365555515077686,100.0
bangkok_pm25_1h,-,mstl,statistical,1945,2026-05-21,0.24816784199340988,0.1579561718754121,14.338819899725888,0.19531552821617248,100.0
bangkok_pm25_1h,-,mstl,statistical,2048,2026-05-25,1.4668143033931533,0.1579561718754121,96.58960192098279,0.6446554583371202,62.5
bangkok_pm25_1h,-,mstl,statistical,2150,2026-05-29,1.1195758612292692,0.1579561718754121,31.447991011238503,0.24298582043416792,87.5
bangkok_pm25_1h,-,mstl,statistical,2252,2026-06-02,1.0501017620476265,0.1579561718754121,73.64278393850468,0.46133354933803106,75.0
bangkok_pm25_1h,-,mstl,statistical,2355,2026-06-07,0.38525036065578666,0.1579561718754121,63.525678744785885,0.5805884623716435,87.5
bangkok_pm25_1h,-,mstl,statistical,2457,2026-06-11,0.4762987071145844,0.1579561718754121,49.72484649334743,0.31417414868888205,100.0
bangkok_pm25_1h,-,mstl,statistical,2559,2026-06-15,0.36542623608833574,0.1579561718754121,14.875147384190399,0.1718899614575481,100.0
bangkok_pm25_1h,-,mstl,statistical,2662,2026-06-19,0.6964980685043756,0.1579561718754121,36.91517410088013,0.272510617882565,91.66666666666666
bangkok_pm25_1h,-,mstl,statistical,2764,2026-06-24,0.25737752990416646,0.1579561718754121,19.310728587359897,0.2111445776846123,100.0
bangkok_pm25_1h,-,mstl,statistical,2866,2026-06-28,0.3047639669363969,0.1579561718754121,44.283789705856336,0.47016644556773013,100.0
bangkok_pm25_1h,-,mstl,statistical,2969,2026-07-02,0.36867642464662936,0.1579561718754121,37.7302249696704,0.37911796968487166,100.0
bangkok_pm25_1h,-,mstl,statistical,3071,2026-07-06,0.4427147376530782,0.1579561718754121,14.459968376581564,0.16127348345187167,91.66666666666666
bangkok_pm25_1h,-,gbdt_calendar,ml,1536,2026-05-04,0.5418262782255707,1.7927891015642672,32.27071315368092,,
bangkok_pm25_1h,-,gbdt_calendar,ml,1638,2026-05-08,3.1040620933124967,1.7927891015642672,45.7245785360573,,
bangkok_pm25_1h,-,gbdt_calendar,ml,1741,2026-05-12,1.319863790569458,1.7927891015642672,122.70793710247945,,
bangkok_pm25_1h,-,gbdt_calendar,ml,1843,2026-05-16,0.2023164767363655,1.7927891015642672,20.395127272249937,,
bangkok_pm25_1h,-,gbdt_calendar,ml,1945,2026-05-21,1.3821471122313311,1.7927891015642672,87.37533172088098,,
bangkok_pm25_1h,-,gbdt_calendar,ml,2048,2026-05-25,0.5823121928545376,1.7927891015642672,37.9211597942057,,
bangkok_pm25_1h,-,gbdt_calendar,ml,2150,2026-05-29,1.0783537250096746,1.7927891015642672,28.233061349080746,,
bangkok_pm25_1h,-,gbdt_calendar,ml,2252,2026-06-02,0.8024593066596403,1.7927891015642672,56.05817344485712,,
bangkok_pm25_1h,-,gbdt_calendar,ml,2355,2026-06-07,0.4315669189158215,1.7927891015642672,58.15820807324754,,
bangkok_pm25_1h,-,gbdt_calendar,ml,2457,2026-06-11,0.5127642597823806,1.7927891015642672,35.01130585392693,,
bangkok_pm25_1h,-,gbdt_calendar,ml,2559,2026-06-15,0.48954123268104827,1.7927891015642672,19.36131122418654,,
bangkok_pm25_1h,-,gbdt_calendar,ml,2662,2026-06-19,1.275481639193691,1.7927891015642672,64.75701327125837,,
bangkok_pm25_1h,-,gbdt_calendar,ml,2764,2026-06-24,0.8315916857590939,1.7927891015642672,58.947108336241925,,
bangkok_pm25_1h,-,gbdt_calendar,ml,2866,2026-06-28,0.6147298539433834,1.7927891015642672,82.51255100749458,,
bangkok_pm25_1h,-,gbdt_calendar,ml,2969,2026-07-02,0.26019368563436884,1.7927891015642672,24.54256165882601,,
bangkok_pm25_1h,-,gbdt_calendar,ml,3071,2026-07-06,0.6593871251281335,1.7927891015642672,22.139947967847114,,
bangkok_pm25_1h,-,timesfm_2p5_ctx2048,timesfm,1536,2026-05-04,0.3600432735112448,0.1972991926886607,17.743742559189336,0.15374099088232357,95.83333333333334
bangkok_pm25_1h,-,timesfm_2p5_ctx2048,timesfm,1638,2026-05-08,2.959099032387054,0.1972991926886607,43.63390096453973,0.4214200438275209,25.0
bangkok_pm25_1h,-,timesfm_2p5_ctx2048,timesfm,1741,2026-05-12,0.7505733160908926,0.1972991926886607,63.56144215738389,0.47165608298782663,62.5
bangkok_pm25_1h,-,timesfm_2p5_ctx2048,timesfm,1843,2026-05-16,0.6438348456397497,0.1972991926886607,77.87893300097859,0.4779536507574957,62.5
bangkok_pm25_1h,-,timesfm_2p5_ctx2048,timesfm,1945,2026-05-21,0.5089469137782663,0.1972991926886607,31.175855611886803,0.21845904198385868,79.16666666666666
bangkok_pm25_1h,-,timesfm_2p5_ctx2048,timesfm,2048,2026-05-25,0.7205982929205079,0.1972991926886607,48.07614557386312,0.325559735457476,83.33333333333334
bangkok_pm25_1h,-,timesfm_2p5_ctx2048,timesfm,2150,2026-05-29,1.2838956007221878,0.1972991926886607,33.57362651677782,0.32818170705249283,37.5
bangkok_pm25_1h,-,timesfm_2p5_ctx2048,timesfm,2252,2026-06-02,0.6576283946466771,0.1972991926886607,46.63629131019976,0.29137507697459825,66.66666666666666
bangkok_pm25_1h,-,timesfm_2p5_ctx2048,timesfm,2355,2026-06-07,0.21135006774834245,0.1972991926886607,31.37073780965184,0.239248343806991,83.33333333333334
bangkok_pm25_1h,-,timesfm_2p5_ctx2048,timesfm,2457,2026-06-11,0.44308228800860244,0.1972991926886607,29.132950332176975,0.29301962122186886,66.66666666666666
bangkok_pm25_1h,-,timesfm_2p5_ctx2048,timesfm,2559,2026-06-15,0.5871017319173815,0.1972991926886607,23.962014694884868,0.18650407144866402,83.33333333333334
bangkok_pm25_1h,-,timesfm_2p5_ctx2048,timesfm,2662,2026-06-19,0.2594156950509599,0.1972991926886607,11.676302891869417,0.14571018584539694,95.83333333333334
bangkok_pm25_1h,-,timesfm_2p5_ctx2048,timesfm,2764,2026-06-24,0.4550489175922891,0.1972991926886607,32.43084358636079,0.19689328703713246,91.66666666666666
bangkok_pm25_1h,-,timesfm_2p5_ctx2048,timesfm,2866,2026-06-28,0.24817584024402564,0.1972991926886607,33.47522788705076,0.2512885379446973,100.0
bangkok_pm25_1h,-,timesfm_2p5_ctx2048,timesfm,2969,2026-07-02,0.11761834529458703,0.1972991926886607,12.134173363913806,0.14429407045459003,100.0
bangkok_pm25_1h,-,timesfm_2p5_ctx2048,timesfm,3071,2026-07-06,0.5953069652357553,0.1972991926886607,20.347777278089584,0.15730736356077257,87.5
bangkok_pm25_1h,-,chronos_2_ctx2048,chronos,1536,2026-05-04,0.5471019184294638,0.015891825561993755,26.880387473413364,0.19366133042202552,83.33333333333334
bangkok_pm25_1h,-,chronos_2_ctx2048,chronos,1638,2026-05-08,2.7630556599790532,0.015891825561993755,41.16479658473218,0.38217746468349967,29.166666666666668
bangkok_pm25_1h,-,chronos_2_ctx2048,chronos,1741,2026-05-12,0.40426685749641283,0.015891825561993755,36.24121714910114,0.27513196667241735,91.66666666666666
bangkok_pm25_1h,-,chronos_2_ctx2048,chronos,1843,2026-05-16,0.5281755550179394,0.015891825561993755,64.17395650463583,0.4248695951748134,58.333333333333336
bangkok_pm25_1h,-,chronos_2_ctx2048,chronos,1945,2026-05-21,0.4941170047108136,0.015891825561993755,30.67983764020909,0.22512581603256115,75.0
bangkok_pm25_1h,-,chronos_2_ctx2048,chronos,2048,2026-05-25,0.6797846734112268,0.015891825561993755,45.25971043645313,0.3128780581400776,83.33333333333334
bangkok_pm25_1h,-,chronos_2_ctx2048,chronos,2150,2026-05-29,1.3473874674794974,0.015891825561993755,35.2840782793737,0.3509988564998515,37.5
bangkok_pm25_1h,-,chronos_2_ctx2048,chronos,2252,2026-06-02,0.4030567923647388,0.015891825561993755,27.176978401622392,0.18886957308747196,91.66666666666666
bangkok_pm25_1h,-,chronos_2_ctx2048,chronos,2355,2026-06-07,0.19530317062184163,0.015891825561993755,28.570315932012953,0.2259762656068948,79.16666666666666
bangkok_pm25_1h,-,chronos_2_ctx2048,chronos,2457,2026-06-11,0.4204774710909037,0.015891825561993755,29.2476730180907,0.264144229459333,66.66666666666666
bangkok_pm25_1h,-,chronos_2_ctx2048,chronos,2559,2026-06-15,0.7816675350897528,0.015891825561993755,30.502865284579045,0.23576814681412078,91.66666666666666
bangkok_pm25_1h,-,chronos_2_ctx2048,chronos,2662,2026-06-19,0.30269791478663705,0.015891825561993755,14.20421203609378,0.13433070903531813,100.0
bangkok_pm25_1h,-,chronos_2_ctx2048,chronos,2764,2026-06-24,0.5110466403889959,0.015891825561993755,37.1950941613709,0.2249653832638813,91.66666666666666
bangkok_pm25_1h,-,chronos_2_ctx2048,chronos,2866,2026-06-28,0.24839065461932774,0.015891825561993755,33.86483919627253,0.24918660943497625,100.0
bangkok_pm25_1h,-,chronos_2_ctx2048,chronos,2969,2026-07-02,0.14038819393209073,0.015891825561993755,14.179465538701889,0.1370645311925684,100.0
bangkok_pm25_1h,-,chronos_2_ctx2048,chronos,3071,2026-07-06,0.5932396387024843,0.015891825561993755,20.21315964452887,0.1580881317460291,79.16666666666666
bangkok_pm25_1h,-,chronos_bolt_small,chronos,1536,2026-05-04,0.30222058144983754,0.005604757810942829,14.608909952633157,0.13769594003480978,100.0
bangkok_pm25_1h,-,chronos_bolt_small,chronos,1638,2026-05-08,2.812167877259136,0.005604757810942829,42.180405563272686,0.3841509034748211,29.166666666666668
bangkok_pm25_1h,-,chronos_bolt_small,chronos,1741,2026-05-12,0.6552650648337517,0.005604757810942829,55.294282600527175,0.4269207239948756,75.0
bangkok_pm25_1h,-,chronos_bolt_small,chronos,1843,2026-05-16,0.6130375677395435,0.005604757810942829,75.30381390720122,0.4865249794934505,54.166666666666664
bangkok_pm25_1h,-,chronos_bolt_small,chronos,1945,2026-05-21,0.5479803978079232,0.005604757810942829,34.996572268790544,0.25812948595183177,58.333333333333336
bangkok_pm25_1h,-,chronos_bolt_small,chronos,2048,2026-05-25,0.3414954327288608,0.005604757810942829,22.660036728868672,0.17015986673523958,100.0
bangkok_pm25_1h,-,chronos_bolt_small,chronos,2150,2026-05-29,1.126362925162197,0.005604757810942829,30.021150340341713,0.2559847796493161,54.166666666666664
bangkok_pm25_1h,-,chronos_bolt_small,chronos,2252,2026-06-02,0.5294409394903109,0.005604757810942829,37.65357281292869,0.24348574248225346,75.0
bangkok_pm25_1h,-,chronos_bolt_small,chronos,2355,2026-06-07,0.18970845682918314,0.005604757810942829,26.59106931105986,0.20547085955480796,91.66666666666666
bangkok_pm25_1h,-,chronos_bolt_small,chronos,2457,2026-06-11,0.5318157680423563,0.005604757810942829,39.17174595262229,0.3145898351715574,62.5
bangkok_pm25_1h,-,chronos_bolt_small,chronos,2559,2026-06-15,0.7913770140464881,0.005604757810942829,30.97108293787207,0.23973015352261792,91.66666666666666
bangkok_pm25_1h,-,chronos_bolt_small,chronos,2662,2026-06-19,0.20375105314332626,0.005604757810942829,9.806871119202537,0.12320299232916236,100.0
bangkok_pm25_1h,-,chronos_bolt_small,chronos,2764,2026-06-24,0.5275856898879214,0.005604757810942829,36.79512211667371,0.22838973569621748,83.33333333333334
bangkok_pm25_1h,-,chronos_bolt_small,chronos,2866,2026-06-28,0.3240849263682394,0.005604757810942829,44.040920247092494,0.30510517673897924,87.5
bangkok_pm25_1h,-,chronos_bolt_small,chronos,2969,2026-07-02,0.11803664261617505,0.005604757810942829,11.597529557970816,0.10243025220970288,100.0
bangkok_pm25_1h,-,chronos_bolt_small,chronos,3071,2026-07-06,0.9837380456075316,0.005604757810942829,34.62464416245156,0.25772077190192666,70.83333333333334
btc_usd_1h,-,naive_last,naive,1796,2026-05-14,0.8702256895469306,1.4401230146177113e-06,1.2758576128454027,,
btc_usd_1h,-,naive_last,naive,1916,2026-05-19,0.3803419025717344,1.4401230146177113e-06,0.5357028967834915,,
btc_usd_1h,-,naive_last,naive,2035,2026-05-24,0.5955999443988921,1.4401230146177113e-06,0.8196445924622424,,
btc_usd_1h,-,naive_last,naive,2155,2026-05-29,0.2757667174952178,1.4401230146177113e-06,0.3928230670406689,,
btc_usd_1h,-,naive_last,naive,2275,2026-06-03,2.004798391410284,1.4401230146177113e-06,3.399899376426553,,
btc_usd_1h,-,naive_last,naive,2394,2026-06-08,0.7265701550453477,1.4401230146177113e-06,1.279400101419217,,
btc_usd_1h,-,naive_last,naive,2514,2026-06-13,0.3621818494154478,1.4401230146177113e-06,0.6060902214757607,,
btc_usd_1h,-,naive_last,naive,2634,2026-06-18,0.2732912069074688,1.4401230146177113e-06,0.4777358659354838,,
btc_usd_1h,-,naive_last,naive,2753,2026-06-23,0.453517671327347,1.4401230146177113e-06,0.7845262866235589,,
btc_usd_1h,-,naive_last,naive,2873,2026-06-28,0.2208741700231849,1.4401230146177113e-06,0.3817963473962755,,
btc_usd_1h,-,naive_last,naive,2993,2026-07-03,0.45800431921958323,1.4401230146177113e-06,0.7489639354296761,,
btc_usd_1h,-,naive_last,naive,3112,2026-07-08,0.7677792348495968,1.4401230146177113e-06,1.2272783216416963,,
btc_usd_1h,-,naive_last,naive,3232,2026-07-13,0.4747626244964761,1.4401230146177113e-06,0.7489296805843424,,
btc_usd_1h,-,naive_last,naive,3352,2026-07-18,0.5102224776102348,1.4401230146177113e-06,0.7923351744145383,,
btc_usd_1h,-,naive_last,naive,3471,2026-07-23,0.292135968680941,1.4401230146177113e-06,0.45038541920382386,,
btc_usd_1h,-,naive_last,naive,3591,2026-07-28,0.6934770937766199,1.4401230146177113e-06,1.0735926948788277,,
btc_usd_1h,-,naive_mean,naive,1796,2026-05-14,6.245217937232323,3.583314537536353e-06,9.062739243909288,,
btc_usd_1h,-,naive_mean,naive,1916,2026-05-19,3.4509307023612465,3.583314537536353e-06,4.872144791689817,,
btc_usd_1h,-,naive_mean,naive,2035,2026-05-24,3.398145009496444,3.583314537536353e-06,4.682860350951618,,
btc_usd_1h,-,naive_mean,naive,2155,2026-05-29,0.17334643970767868,3.583314537536353e-06,0.24738677944030543,,
btc_usd_1h,-,naive_mean,naive,2275,2026-06-03,9.038083151845237,3.583314537536353e-06,15.265287974073832,,
btc_usd_1h,-,naive_mean,naive,2394,2026-06-08,9.395617151132766,3.583314537536353e-06,16.403318873335003,,
btc_usd_1h,-,naive_mean,naive,2514,2026-06-13,7.633497918466336,3.583314537536353e-06,12.793788220057412,,
btc_usd_1h,-,naive_mean,naive,2634,2026-06-18,8.502500012559647,3.583314537536353e-06,14.896435104951648,,
btc_usd_1h,-,naive_mean,naive,2753,2026-06-23,9.01324353326672,3.583314537536353e-06,15.326083994864872,,
btc_usd_1h,-,naive_mean,naive,2873,2026-06-28,11.269444523775313,3.583314537536353e-06,19.48839612740248,,
btc_usd_1h,-,naive_mean,naive,2993,2026-07-03,8.1696385999083,3.583314537536353e-06,13.376939809747723,,
btc_usd_1h,-,naive_mean,naive,3112,2026-07-08,8.151316602369839,3.583314537536353e-06,13.075907808468182,,
btc_usd_1h,-,naive_mean,naive,3232,2026-07-13,7.64130202071861,3.583314537536353e-06,12.187640806053974,,
btc_usd_1h,-,naive_mean,naive,3352,2026-07-18,5.4867406698125665,3.583314537536353e-06,8.525901645447775,,
btc_usd_1h,-,naive_mean,naive,3471,2026-07-23,4.957030813888639,3.583314537536353e-06,7.639884089618949,,
btc_usd_1h,-,naive_mean,naive,3591,2026-07-28,5.728282212748229,3.583314537536353e-06,8.889920198906072,,
btc_usd_1h,-,seasonal_naive,naive,1796,2026-05-14,1.3438110791615807,2.0156221580691636e-06,1.9539310834575945,,
btc_usd_1h,-,seasonal_naive,naive,1916,2026-05-19,0.3862824936707981,2.0156221580691636e-06,0.5443948640763069,,
btc_usd_1h,-,seasonal_naive,naive,2035,2026-05-24,0.5263585649574936,2.0156221580691636e-06,0.7249470127273644,,
btc_usd_1h,-,seasonal_naive,naive,2155,2026-05-29,0.21984970524233605,2.0156221580691636e-06,0.3133479778018747,,
btc_usd_1h,-,seasonal_naive,naive,2275,2026-06-03,2.720921817052876,2.0156221580691636e-06,4.606968613011643,,
btc_usd_1h,-,seasonal_naive,naive,2394,2026-06-08,0.9674535260293893,2.0156221580691636e-06,1.6951956038277858,,
btc_usd_1h,-,seasonal_naive,naive,2514,2026-06-13,0.584185502487524,2.0156221580691636e-06,0.9778723626044579,,
btc_usd_1h,-,seasonal_naive,naive,2634,2026-06-18,1.2422902287641477,2.0156221580691636e-06,2.178070411909217,,
btc_usd_1h,-,seasonal_naive,naive,2753,2026-06-23,1.1371712641811358,2.0156221580691636e-06,1.9406776872508242,,
btc_usd_1h,-,seasonal_naive,naive,2873,2026-06-28,0.4416031557124078,2.0156221580691636e-06,0.765539559997571,,
btc_usd_1h,-,seasonal_naive,naive,2993,2026-07-03,0.8438364171571545,2.0156221580691636e-06,1.3808942925260248,,
btc_usd_1h,-,seasonal_naive,naive,3112,2026-07-08,1.0153086801858509,2.0156221580691636e-06,1.6311088638919904,,
btc_usd_1h,-,seasonal_naive,naive,3232,2026-07-13,1.1327800409481092,2.0156221580691636e-06,1.8054261539909169,,
btc_usd_1h,-,seasonal_naive,naive,3352,2026-07-18,0.6065887487357164,2.0156221580691636e-06,0.9420431709561543,,
btc_usd_1h,-,seasonal_naive,naive,3471,2026-07-23,0.723526946078658,2.0156221580691636e-06,1.1162966049586194,,
btc_usd_1h,-,seasonal_naive,naive,3591,2026-07-28,0.8235892015853057,2.0156221580691636e-06,1.2764487332425545,,
btc_usd_1h,-,seasonal_profile,naive,1796,2026-05-14,0.5711225439845955,1.6434882127214223e-05,0.8373437656566814,,
btc_usd_1h,-,seasonal_profile,naive,1916,2026-05-19,0.4282430535084855,1.6434882127214223e-05,0.6067039046361671,,
btc_usd_1h,-,seasonal_profile,naive,2035,2026-05-24,0.41392464397118817,1.6434882127214223e-05,0.5703813156316874,,
btc_usd_1h,-,seasonal_profile,naive,2155,2026-05-29,1.0848476775713747,1.6434882127214223e-05,1.5492997886452342,,
btc_usd_1h,-,seasonal_profile,naive,2275,2026-06-03,6.928239514649149,1.6434882127214223e-05,11.698528581517053,,
btc_usd_1h,-,seasonal_profile,naive,2394,2026-06-08,0.7676430706013984,1.6434882127214223e-05,1.3313781159456581,,
btc_usd_1h,-,seasonal_profile,naive,2514,2026-06-13,1.2048980323050553,1.6434882127214223e-05,2.0174320786882647,,
btc_usd_1h,-,seasonal_profile,naive,2634,2026-06-18,2.4766741581171017,1.6434882127214223e-05,4.339866313904159,,
btc_usd_1h,-,seasonal_profile,naive,2753,2026-06-23,1.5500365459483878,1.6434882127214223e-05,2.6510869924273344,,
btc_usd_1h,-,seasonal_profile,naive,2873,2026-06-28,0.3745215407851487,1.6434882127214223e-05,0.6487041171792247,,
btc_usd_1h,-,seasonal_profile,naive,2993,2026-07-03,2.252909583958045,1.6434882127214223e-05,3.6882410556115497,,
btc_usd_1h,-,seasonal_profile,naive,3112,2026-07-08,0.777807265525062,1.6434882127214223e-05,1.2520165781608263,,
btc_usd_1h,-,seasonal_profile,naive,3232,2026-07-13,1.350424028262831,1.6434882127214223e-05,2.160528118755034,,
btc_usd_1h,-,seasonal_profile,naive,3352,2026-07-18,0.36134302342833946,1.6434882127214223e-05,0.5611902540270217,,
btc_usd_1h,-,seasonal_profile,naive,3471,2026-07-23,0.6482017175098834,1.6434882127214223e-05,1.0010281817202134,,
btc_usd_1h,-,seasonal_profile,naive,3591,2026-07-28,0.41172337834075956,1.6434882127214223e-05,0.6397440716950085,,
btc_usd_1h,-,autoets,statistical,1796,2026-05-14,0.8702372633480415,0.4852296328099328,1.27587447432544,0.00946507832750514,70.83333333333334
btc_usd_1h,-,autoets,statistical,1916,2026-05-19,0.38035542941645345,0.4852296328099328,0.5357219194551986,0.004387428691746799,100.0
btc_usd_1h,-,autoets,statistical,2035,2026-05-24,0.5956303202801877,0.4852296328099328,0.8196863864215612,0.005577951539446744,100.0
btc_usd_1h,-,autoets,statistical,2155,2026-05-29,0.2729087390174479,0.4852296328099328,0.3887451863169301,0.0038218815212764665,100.0
btc_usd_1h,-,autoets,statistical,2275,2026-06-03,2.0042651009833765,0.4852296328099328,3.398999697490438,0.028139798303203664,4.166666666666666
btc_usd_1h,-,autoets,statistical,2394,2026-06-08,0.726568650936026,0.4852296328099328,1.2793974738096154,0.009315307452838366,87.5
btc_usd_1h,-,autoets,statistical,2514,2026-06-13,0.362177366200504,0.4852296328099328,0.6060827200768609,0.005314091243077125,100.0
btc_usd_1h,-,autoets,statistical,2634,2026-06-18,0.27328624528972084,0.4852296328099328,0.47772720001724966,0.004931388072141863,100.0
btc_usd_1h,-,autoets,statistical,2753,2026-06-23,0.4535193297784549,0.4852296328099328,0.7845290043483442,0.007192385394008166,91.66666666666666
btc_usd_1h,-,autoets,statistical,2873,2026-06-28,0.29922964523320106,0.4852296328099328,0.5165255404833071,0.005098150195145609,100.0
btc_usd_1h,-,autoets,statistical,2993,2026-07-03,0.45802209028427016,0.4852296328099328,0.7489930317137444,0.005866519179385307,100.0
btc_usd_1h,-,autoets,statistical,3112,2026-07-08,0.9185607420561692,0.4852296328099328,1.4683781787742676,0.010032291151460093,95.83333333333334
btc_usd_1h,-,autoets,statistical,3232,2026-07-13,0.5638531398491677,0.4852296328099328,0.8889406154015693,0.00763717419970048,87.5
btc_usd_1h,-,autoets,statistical,3352,2026-07-18,0.6254600512096588,0.4852296328099328,0.9714137761503134,0.006656910266759113,100.0
btc_usd_1h,-,autoets,statistical,3471,2026-07-23,0.3464923931564603,0.4852296328099328,0.5333403392534906,0.004776012842835001,100.0
btc_usd_1h,-,autoets,statistical,3591,2026-07-28,0.6935081037710138,0.4852296328099328,1.0736408076255428,0.007383958588777173,91.66666666666666
btc_usd_1h,-,autotheta,statistical,1796,2026-05-14,0.8809107987570002,0.2503059166847379,1.2910224458303512,0.00901672622082868,70.83333333333334
btc_usd_1h,-,autotheta,statistical,1916,2026-05-19,0.3659802941544784,0.2503059166847379,0.5156110861151647,0.004576078281829601,100.0
btc_usd_1h,-,autotheta,statistical,2035,2026-05-24,0.4950097091643124,0.2503059166847379,0.6812724601033294,0.005364774328897028,95.83333333333334
btc_usd_1h,-,autotheta,statistical,2155,2026-05-29,0.2156482583320377,0.2503059166847379,0.307086567300957,0.003787199346436233,100.0
btc_usd_1h,-,autotheta,statistical,2275,2026-06-03,2.0279970934671674,0.2503059166847379,3.438865179702205,0.027695378453420124,4.166666666666666
btc_usd_1h,-,autotheta,statistical,2394,2026-06-08,0.6823469804016804,0.2503059166847379,1.2016872731216763,0.008265614446106951,83.33333333333334
btc_usd_1h,-,autotheta,statistical,2514,2026-06-13,0.3916420165878389,0.2503059166847379,0.6554573597365231,0.005855499276995465,100.0
btc_usd_1h,-,autotheta,statistical,2634,2026-06-18,0.32405635904830427,0.2503059166847379,0.5663776657691348,0.005586199433030184,100.0
btc_usd_1h,-,autotheta,statistical,2753,2026-06-23,0.4372992500762221,0.2503059166847379,0.7557351197713752,0.006816706248461891,91.66666666666666
btc_usd_1h,-,autotheta,statistical,2873,2026-06-28,0.22921120832131262,0.2503059166847379,0.39614174930698287,0.0049319837089568715,100.0
btc_usd_1h,-,autotheta,statistical,2993,2026-07-03,0.5106707444990598,0.2503059166847379,0.8350366682911117,0.0066169704557187195,100.0
btc_usd_1h,-,autotheta,statistical,3112,2026-07-08,0.787347849349418,0.2503059166847379,1.2581623321545654,0.009514306623654845,95.83333333333334
btc_usd_1h,-,autotheta,statistical,3232,2026-07-13,0.5165975743619912,0.2503059166847379,0.8151041319336303,0.007554250509231453,91.66666666666666
btc_usd_1h,-,autotheta,statistical,3352,2026-07-18,0.5894889480153918,0.2503059166847379,0.9155687709066564,0.006893611924831395,100.0
btc_usd_1h,-,autotheta,statistical,3471,2026-07-23,0.2893389597794015,0.2503059166847379,0.4456898350662463,0.004729918367998877,100.0
btc_usd_1h,-,autotheta,statistical,3591,2026-07-28,0.6478932401666587,0.2503059166847379,1.0028145062983786,0.007660162420376508,91.66666666666666
btc_usd_1h,-,mstl,statistical,1796,2026-05-14,0.7142189258310279,0.042229656253766734,1.0477986968420732,0.007968543395640224,70.83333333333334
btc_usd_1h,-,mstl,statistical,1916,2026-05-19,0.5021426110256546,0.042229656253766734,0.7074630264682938,0.005031315540329917,100.0
btc_usd_1h,-,mstl,statistical,2035,2026-05-24,0.530493220413048,0.042229656253766734,0.7302802822982658,0.005201285882114271,95.83333333333334
btc_usd_1h,-,mstl,statistical,2155,2026-05-29,0.23465697327471455,0.042229656253766734,0.33418981672904385,0.0034483705394075873,100.0
btc_usd_1h,-,mstl,statistical,2275,2026-06-03,2.129710716868189,0.042229656253766734,3.611369278438486,0.030781700692755855,4.166666666666666
btc_usd_1h,-,mstl,statistical,2394,2026-06-08,0.8978197030097925,0.042229656253766734,1.577857512512108,0.011287415862376256,79.16666666666666
btc_usd_1h,-,mstl,statistical,2514,2026-06-13,0.4121417572401798,0.042229656253766734,0.6898273180461555,0.0056204249176400566,87.5
btc_usd_1h,-,mstl,statistical,2634,2026-06-18,0.29137844551089387,0.042229656253766734,0.5092248535586407,0.004997153792273624,91.66666666666666
btc_usd_1h,-,mstl,statistical,2753,2026-06-23,0.5199159141920192,0.042229656253766734,0.8966894606102624,0.007352858271502678,91.66666666666666
btc_usd_1h,-,mstl,statistical,2873,2026-06-28,0.17807351108219868,0.042229656253766734,0.3086272205432181,0.004491855348852336,100.0
btc_usd_1h,-,mstl,statistical,2993,2026-07-03,0.4957692294182816,0.042229656253766734,0.8108035570401618,0.005941772705316725,100.0
btc_usd_1h,-,mstl,statistical,3112,2026-07-08,0.9499669182322564,0.042229656253766734,1.517048426890831,0.011017712118378422,66.66666666666666
btc_usd_1h,-,mstl,statistical,3232,2026-07-13,0.629120310171286,0.042229656253766734,0.9932592994048676,0.00819493763562883,75.0
btc_usd_1h,-,mstl,statistical,3352,2026-07-18,0.8757657853087394,0.042229656253766734,1.360252568697389,0.00920498516231023,83.33333333333334
btc_usd_1h,-,mstl,statistical,3471,2026-07-23,0.2935265399170847,0.042229656253766734,0.45294488710981234,0.004548602646380444,100.0
btc_usd_1h,-,mstl,statistical,3591,2026-07-28,0.6906813884541647,0.042229656253766734,1.069276398498776,0.007301606026374713,91.66666666666666
btc_usd_1h,-,gbdt_calendar,ml,1796,2026-05-14,0.7933537701505031,1.1453302604422788,1.1585120361536119,,
btc_usd_1h,-,gbdt_calendar,ml,1916,2026-05-19,0.5604709372431227,1.1453302604422788,0.7894705872265109,,
btc_usd_1h,-,gbdt_calendar,ml,2035,2026-05-24,1.1504202786111757,1.1453302604422788,1.584246949843246,,
btc_usd_1h,-,gbdt_calendar,ml,2155,2026-05-29,1.2688810249381277,1.1453302604422788,1.8101712236343728,,
btc_usd_1h,-,gbdt_calendar,ml,2275,2026-06-03,3.3075512486065644,1.1453302604422788,5.6050379764010225,,
btc_usd_1h,-,gbdt_calendar,ml,2394,2026-06-08,0.5669319963405675,1.1453302604422788,0.9977674789045509,,
btc_usd_1h,-,gbdt_calendar,ml,2514,2026-06-13,2.1267656459395172,1.1453302604422788,3.5624112538329533,,
btc_usd_1h,-,gbdt_calendar,ml,2634,2026-06-18,0.7944168827200319,1.1453302604422788,1.3902627776086758,,
btc_usd_1h,-,gbdt_calendar,ml,2753,2026-06-23,0.7022058013105308,1.1453302604422788,1.206163105009993,,
btc_usd_1h,-,gbdt_calendar,ml,2873,2026-06-28,0.9282555964747501,1.1453302604422788,1.6052621367949067,,
btc_usd_1h,-,gbdt_calendar,ml,2993,2026-07-03,0.5205897434487955,1.1453302604422788,0.8516768720706792,,
btc_usd_1h,-,gbdt_calendar,ml,3112,2026-07-08,0.6546779054388795,1.1453302604422788,1.047707843645687,,
btc_usd_1h,-,gbdt_calendar,ml,3232,2026-07-13,1.029918342993062,1.1453302604422788,1.634905482126788,,
btc_usd_1h,-,gbdt_calendar,ml,3352,2026-07-18,0.604537990587799,1.1453302604422788,0.9391491865742908,,
btc_usd_1h,-,gbdt_calendar,ml,3471,2026-07-23,0.6097351258448348,1.1453302604422788,0.9387396543438364,,
btc_usd_1h,-,gbdt_calendar,ml,3591,2026-07-28,1.761859739055786,1.1453302604422788,2.7285355900855106,,
btc_usd_1h,-,timesfm_2p5_ctx2048,timesfm,1796,2026-05-14,0.7312209385807279,0.19537890625360887,1.072600624645194,0.007961604685153523,75.0
btc_usd_1h,-,timesfm_2p5_ctx2048,timesfm,1916,2026-05-19,0.46738430463578773,0.19537890625360887,0.6582565939537509,0.004727686099487764,100.0
btc_usd_1h,-,timesfm_2p5_ctx2048,timesfm,2035,2026-05-24,0.6388184380632881,0.19537890625360887,0.8790862014155363,0.005913899062180889,100.0
btc_usd_1h,-,timesfm_2p5_ctx2048,timesfm,2155,2026-05-29,0.3160759225427723,0.19537890625360887,0.45034182195367245,0.0038458595389489043,100.0
btc_usd_1h,-,timesfm_2p5_ctx2048,timesfm,2275,2026-06-03,1.77690068998436,0.19537890625360887,3.0142513453824513,0.02364022873662656,29.166666666666668
btc_usd_1h,-,timesfm_2p5_ctx2048,timesfm,2394,2026-06-08,0.8784995543911607,0.19537890625360887,1.5457195286751568,0.011229184118805914,83.33333333333334
btc_usd_1h,-,timesfm_2p5_ctx2048,timesfm,2514,2026-06-13,0.3325664542307301,0.19537890625360887,0.5569781768671455,0.004341749374504203,100.0
btc_usd_1h,-,timesfm_2p5_ctx2048,timesfm,2634,2026-06-18,0.24776740197401015,0.19537890625360887,0.4331355534037911,0.005411505375946679,100.0
btc_usd_1h,-,timesfm_2p5_ctx2048,timesfm,2753,2026-06-23,0.45492869864536534,0.19537890625360887,0.7880246974152157,0.007210129621070493,87.5
btc_usd_1h,-,timesfm_2p5_ctx2048,timesfm,2873,2026-06-28,0.26390608824937656,0.19537890625360887,0.4556781024168427,0.004148952070972611,95.83333333333334
btc_usd_1h,-,timesfm_2p5_ctx2048,timesfm,2993,2026-07-03,0.31478443474987394,0.19537890625360887,0.5146325110174169,0.0043429213417960685,95.83333333333334
btc_usd_1h,-,timesfm_2p5_ctx2048,timesfm,3112,2026-07-08,0.9289352422960172,0.19537890625360887,1.4851776789163864,0.01035493698689735,91.66666666666666
btc_usd_1h,-,timesfm_2p5_ctx2048,timesfm,3232,2026-07-13,0.48378183737024266,0.19537890625360887,0.7625386197701647,0.006692072432812401,83.33333333333334
btc_usd_1h,-,timesfm_2p5_ctx2048,timesfm,3352,2026-07-18,0.45287986754087783,0.19537890625360887,0.7032732648879103,0.0051353514870811695,87.5
btc_usd_1h,-,timesfm_2p5_ctx2048,timesfm,3471,2026-07-23,0.33767978438236784,0.19537890625360887,0.5199282081533142,0.004176514447414739,100.0
btc_usd_1h,-,timesfm_2p5_ctx2048,timesfm,3591,2026-07-28,0.6667395110790374,0.19537890625360887,1.032146983915914,0.0071998328221576586,91.66666666666666
btc_usd_1h,-,chronos_2_ctx2048,chronos,1796,2026-05-14,0.7393229921421162,0.019297138002002612,1.084048635502475,0.008253049070462109,70.83333333333334
btc_usd_1h,-,chronos_2_ctx2048,chronos,1916,2026-05-19,0.4479054021139832,0.019297138002002612,0.6308674408882444,0.004591478760934731,95.83333333333334
btc_usd_1h,-,chronos_2_ctx2048,chronos,2035,2026-05-24,0.6081833851282883,0.019297138002002612,0.8369702604380379,0.0056864055108138654,95.83333333333334
btc_usd_1h,-,chronos_2_ctx2048,chronos,2155,2026-05-29,0.19029159622154357,0.019297138002002612,0.2709432108764035,0.0034852232915039425,100.0
btc_usd_1h,-,chronos_2_ctx2048,chronos,2275,2026-06-03,1.9109798541846166,0.019297138002002612,3.241213525614086,0.027224901229883504,4.166666666666666
btc_usd_1h,-,chronos_2_ctx2048,chronos,2394,2026-06-08,0.8249664736094618,0.019297138002002612,1.4508114864979245,0.01033367429769703,79.16666666666666
btc_usd_1h,-,chronos_2_ctx2048,chronos,2514,2026-06-13,0.20199634357798368,0.019297138002002612,0.3384668293275533,0.0029610232175073877,100.0
btc_usd_1h,-,chronos_2_ctx2048,chronos,2634,2026-06-18,0.26930084598247167,0.019297138002002612,0.4708185552558853,0.004997439219009498,100.0
btc_usd_1h,-,chronos_2_ctx2048,chronos,2753,2026-06-23,0.45179850042595476,0.019297138002002612,0.781936007907772,0.006851686786875983,87.5
btc_usd_1h,-,chronos_2_ctx2048,chronos,2873,2026-06-28,0.3466313151609834,0.019297138002002612,0.5981680316050109,0.00513639115907743,100.0
btc_usd_1h,-,chronos_2_ctx2048,chronos,2993,2026-07-03,0.15991796919907456,0.019297138002002612,0.2614490260538715,0.002802509064264264,100.0
btc_usd_1h,-,chronos_2_ctx2048,chronos,3112,2026-07-08,0.9095053739818685,0.019297138002002612,1.4541671146547441,0.010144026622417252,87.5
btc_usd_1h,-,chronos_2_ctx2048,chronos,3232,2026-07-13,0.46855616099199154,0.019297138002002612,0.7384165960436991,0.006622300329135992,83.33333333333334
btc_usd_1h,-,chronos_2_ctx2048,chronos,3352,2026-07-18,0.4406459249980546,0.019297138002002612,0.6842604616828465,0.004914949084023655,83.33333333333334
btc_usd_1h,-,chronos_2_ctx2048,chronos,3471,2026-07-23,0.29171951733027074,0.019297138002002612,0.44986424039471845,0.0040637268192660865,100.0
btc_usd_1h,-,chronos_2_ctx2048,chronos,3591,2026-07-28,0.780998031336859,0.019297138002002612,1.2094221912831793,0.00829576497286678,87.5
btc_usd_1h,-,chronos_bolt_small,chronos,1796,2026-05-14,0.9747846258991124,0.006071671879908536,1.428122544733016,0.010339571917889374,70.83333333333334
btc_usd_1h,-,chronos_bolt_small,chronos,1916,2026-05-19,0.3316417024836411,0.006071671879908536,0.46732920548374346,0.0038600833622652827,100.0
btc_usd_1h,-,chronos_bolt_small,chronos,2035,2026-05-24,0.6137209782185287,0.006071671879908536,0.8445673598675263,0.005775754585997847,95.83333333333334
btc_usd_1h,-,chronos_bolt_small,chronos,2155,2026-05-29,0.29757691762446015,0.006071671879908536,0.424018304661607,0.0037498932399773355,100.0
btc_usd_1h,-,chronos_bolt_small,chronos,2275,2026-06-03,1.8714524792010783,0.006071671879908536,3.175255582147852,0.0257360092620845,8.333333333333332
btc_usd_1h,-,chronos_bolt_small,chronos,2394,2026-06-08,0.7436109014442449,0.006071671879908536,1.3086560139195145,0.00957340455362402,87.5
btc_usd_1h,-,chronos_bolt_small,chronos,2514,2026-06-13,0.2643078169673034,0.006071671879908536,0.4425995456257402,0.003909582381586854,100.0
btc_usd_1h,-,chronos_bolt_small,chronos,2634,2026-06-18,0.24875753370548517,0.006071671879908536,0.43487451614399075,0.004903591015335361,100.0
btc_usd_1h,-,chronos_bolt_small,chronos,2753,2026-06-23,0.4951486303730624,0.006071671879908536,0.858036963823286,0.0075881887622835445,83.33333333333334
btc_usd_1h,-,chronos_bolt_small,chronos,2873,2026-06-28,0.23727388739954772,0.006071671879908536,0.4100602619801134,0.004385921533584619,100.0
btc_usd_1h,-,chronos_bolt_small,chronos,2993,2026-07-03,0.589487449526749,0.006071671879908536,0.9642561430896013,0.0066178048329798575,87.5
btc_usd_1h,-,chronos_bolt_small,chronos,3112,2026-07-08,0.44122568136092893,0.006071671879908536,0.7045687547524263,0.005723031087416678,100.0
btc_usd_1h,-,chronos_bolt_small,chronos,3232,2026-07-13,0.6321726332999643,0.006071671879908536,1.0032642328323174,0.007591685101735735,75.0
btc_usd_1h,-,chronos_bolt_small,chronos,3352,2026-07-18,0.5110436832317553,0.006071671879908536,0.7936451866612432,0.005457013233643096,100.0
btc_usd_1h,-,chronos_bolt_small,chronos,3471,2026-07-23,0.5284608851348358,0.006071671879908536,0.8124564456556111,0.005800724036607474,100.0
btc_usd_1h,-,chronos_bolt_small,chronos,3591,2026-07-28,0.537034130603167,0.006071671879908536,0.8307866414846886,0.005975226087625284,95.83333333333334
btc_returns_1h,-,naive_last,naive,1795,2026-05-14,0.7620448287625535,1.4453180483542383e-06,,,
btc_returns_1h,-,naive_last,naive,1915,2026-05-19,0.46914601005914575,1.4453180483542383e-06,,,
btc_returns_1h,-,naive_last,naive,2034,2026-05-24,0.5283238523491105,1.4453180483542383e-06,,,
btc_returns_1h,-,naive_last,naive,2154,2026-05-29,2.188878629882892,1.4453180483542383e-06,,,
btc_returns_1h,-,naive_last,naive,2274,2026-06-03,2.2080588277400293,1.4453180483542383e-06,,,
btc_returns_1h,-,naive_last,naive,2393,2026-06-08,0.8768549711858474,1.4453180483542383e-06,,,
btc_returns_1h,-,naive_last,naive,2513,2026-06-13,0.4228567563395192,1.4453180483542383e-06,,,
btc_returns_1h,-,naive_last,naive,2633,2026-06-18,0.67410608547074,1.4453180483542383e-06,,,
btc_returns_1h,-,naive_last,naive,2752,2026-06-23,1.005522133447665,1.4453180483542383e-06,,,
btc_returns_1h,-,naive_last,naive,2872,2026-06-28,0.9216221156798746,1.4453180483542383e-06,,,
btc_returns_1h,-,naive_last,naive,2992,2026-07-03,0.6718058766218313,1.4453180483542383e-06,,,
btc_returns_1h,-,naive_last,naive,3111,2026-07-08,0.8608226853143205,1.4453180483542383e-06,,,
btc_returns_1h,-,naive_last,naive,3231,2026-07-13,1.046538375357292,1.4453180483542383e-06,,,
btc_returns_1h,-,naive_last,naive,3351,2026-07-18,0.23302802967321457,1.4453180483542383e-06,,,
btc_returns_1h,-,naive_last,naive,3470,2026-07-23,0.5279027345795162,1.4453180483542383e-06,,,
btc_returns_1h,-,naive_last,naive,3590,2026-07-28,1.100398828303412,1.4453180483542383e-06,,,
btc_returns_1h,-,naive_mean,naive,1795,2026-05-14,0.7490201286412902,4.046873073093593e-06,,,
btc_returns_1h,-,naive_mean,naive,1915,2026-05-19,0.47520859000690646,4.046873073093593e-06,,,
btc_returns_1h,-,naive_mean,naive,2034,2026-05-24,0.5148329585957043,4.046873073093593e-06,,,
btc_returns_1h,-,naive_mean,naive,2154,2026-05-29,0.32336455338867903,4.046873073093593e-06,,,
btc_returns_1h,-,naive_mean,naive,2274,2026-06-03,2.133963681120413,4.046873073093593e-06,,,
btc_returns_1h,-,naive_mean,naive,2393,2026-06-08,0.8612923851387242,4.046873073093593e-06,,,
btc_returns_1h,-,naive_mean,naive,2513,2026-06-13,0.3636012504445291,4.046873073093593e-06,,,
btc_returns_1h,-,naive_mean,naive,2633,2026-06-18,0.5629532775449008,4.046873073093593e-06,,,
btc_returns_1h,-,naive_mean,naive,2752,2026-06-23,0.9436529232367653,4.046873073093593e-06,,,
btc_returns_1h,-,naive_mean,naive,2872,2026-06-28,0.7161885659223889,4.046873073093593e-06,,,
btc_returns_1h,-,naive_mean,naive,2992,2026-07-03,0.4000759365595635,4.046873073093593e-06,,,
btc_returns_1h,-,naive_mean,naive,3111,2026-07-08,0.5740211428661957,4.046873073093593e-06,,,
btc_returns_1h,-,naive_mean,naive,3231,2026-07-13,0.7556629550403069,4.046873073093593e-06,,,
btc_returns_1h,-,naive_mean,naive,3351,2026-07-18,0.2311871530353245,4.046873073093593e-06,,,
btc_returns_1h,-,naive_mean,naive,3470,2026-07-23,0.5171564552736192,4.046873073093593e-06,,,
btc_returns_1h,-,naive_mean,naive,3590,2026-07-28,0.7458875889143827,4.046873073093593e-06,,,
btc_returns_1h,-,seasonal_naive,naive,1795,2026-05-14,1.045241192951983,2.059874532278627e-06,,,
btc_returns_1h,-,seasonal_naive,naive,1915,2026-05-19,0.7814316760803133,2.059874532278627e-06,,,
btc_returns_1h,-,seasonal_naive,naive,2034,2026-05-24,0.7857985249149697,2.059874532278627e-06,,,
btc_returns_1h,-,seasonal_naive,naive,2154,2026-05-29,0.8894999036725182,2.059874532278627e-06,,,
btc_returns_1h,-,seasonal_naive,naive,2274,2026-06-03,2.901236930682924,2.059874532278627e-06,,,
btc_returns_1h,-,seasonal_naive,naive,2393,2026-06-08,1.7436569887005025,2.059874532278627e-06,,,
btc_returns_1h,-,seasonal_naive,naive,2513,2026-06-13,0.60041865453348,2.059874532278627e-06,,,
btc_returns_1h,-,seasonal_naive,naive,2633,2026-06-18,1.2187863211421535,2.059874532278627e-06,,,
btc_returns_1h,-,seasonal_naive,naive,2752,2026-06-23,1.1632422781730838,2.059874532278627e-06,,,
btc_returns_1h,-,seasonal_naive,naive,2872,2026-06-28,0.9029561183744533,2.059874532278627e-06,,,
btc_returns_1h,-,seasonal_naive,naive,2992,2026-07-03,0.729348228298251,2.059874532278627e-06,,,
btc_returns_1h,-,seasonal_naive,naive,3111,2026-07-08,0.9241690330221157,2.059874532278627e-06,,,
btc_returns_1h,-,seasonal_naive,naive,3231,2026-07-13,0.9717475008003226,2.059874532278627e-06,,,
btc_returns_1h,-,seasonal_naive,naive,3351,2026-07-18,0.35129116328601606,2.059874532278627e-06,,,
btc_returns_1h,-,seasonal_naive,naive,3470,2026-07-23,0.7080927328317356,2.059874532278627e-06,,,
btc_returns_1h,-,seasonal_naive,naive,3590,2026-07-28,1.0744645578219727,2.059874532278627e-06,,,
btc_returns_1h,-,seasonal_profile,naive,1795,2026-05-14,0.7448104270276481,1.632031489862129e-05,,,
btc_returns_1h,-,seasonal_profile,naive,1915,2026-05-19,0.5714920053977968,1.632031489862129e-05,,,
btc_returns_1h,-,seasonal_profile,naive,2034,2026-05-24,0.6615846209701821,1.632031489862129e-05,,,
btc_returns_1h,-,seasonal_profile,naive,2154,2026-05-29,0.5122831306809655,1.632031489862129e-05,,,
btc_returns_1h,-,seasonal_profile,naive,2274,2026-06-03,2.286270407841293,1.632031489862129e-05,,,
btc_returns_1h,-,seasonal_profile,naive,2393,2026-06-08,1.1836153339741557,1.632031489862129e-05,,,
btc_returns_1h,-,seasonal_profile,naive,2513,2026-06-13,0.43935242799550384,1.632031489862129e-05,,,
btc_returns_1h,-,seasonal_profile,naive,2633,2026-06-18,0.6193789249473127,1.632031489862129e-05,,,
btc_returns_1h,-,seasonal_profile,naive,2752,2026-06-23,0.9220384520677183,1.632031489862129e-05,,,
btc_returns_1h,-,seasonal_profile,naive,2872,2026-06-28,0.8013348784803772,1.632031489862129e-05,,,
btc_returns_1h,-,seasonal_profile,naive,2992,2026-07-03,0.6264772663257725,1.632031489862129e-05,,,
btc_returns_1h,-,seasonal_profile,naive,3111,2026-07-08,0.6583384304692157,1.632031489862129e-05,,,
btc_returns_1h,-,seasonal_profile,naive,3231,2026-07-13,0.7636014895756708,1.632031489862129e-05,,,
btc_returns_1h,-,seasonal_profile,naive,3351,2026-07-18,0.3478745818880817,1.632031489862129e-05,,,
btc_returns_1h,-,seasonal_profile,naive,3470,2026-07-23,0.593039486060541,1.632031489862129e-05,,,
btc_returns_1h,-,seasonal_profile,naive,3590,2026-07-28,0.8308639200327067,1.632031489862129e-05,,,
btc_returns_1h,-,autoets,statistical,1795,2026-05-14,0.7475563962316474,0.1764122500026133,,0.7975962533547486,91.66666666666666
btc_returns_1h,-,autoets,statistical,1915,2026-05-19,0.4777698161440571,0.1764122500026133,,0.8130787405913864,91.66666666666666
btc_returns_1h,-,autoets,statistical,2034,2026-05-24,0.5153748900067737,0.1764122500026133,,0.8715662217458386,91.66666666666666
btc_returns_1h,-,autoets,statistical,2154,2026-05-29,0.32192859436427,0.1764122500026133,,0.9615780806447128,100.0
btc_returns_1h,-,autoets,statistical,2274,2026-06-03,2.116782953663893,0.1764122500026133,,0.8602559542382813,29.166666666666668
btc_returns_1h,-,autoets,statistical,2393,2026-06-08,0.8491826603093092,0.1764122500026133,,0.7669248035676602,79.16666666666666
btc_returns_1h,-,autoets,statistical,2513,2026-06-13,0.3675162412873863,0.1764122500026133,,0.9552099136783521,100.0
btc_returns_1h,-,autoets,statistical,2633,2026-06-18,0.5668227655486859,0.1764122500026133,,0.7921106282644336,95.83333333333334
btc_returns_1h,-,autoets,statistical,2752,2026-06-23,0.9390284290895891,0.1764122500026133,,0.8012805745159349,83.33333333333334
btc_returns_1h,-,autoets,statistical,2872,2026-06-28,0.7146327826697451,0.1764122500026133,,0.7680780153705843,83.33333333333334
btc_returns_1h,-,autoets,statistical,2992,2026-07-03,0.4073322426484702,0.1764122500026133,,0.9994210219128521,95.83333333333334
btc_returns_1h,-,autoets,statistical,3111,2026-07-08,0.5777850543940278,0.1764122500026133,,0.8313241795919376,83.33333333333334
btc_returns_1h,-,autoets,statistical,3231,2026-07-13,0.7597713217266178,0.1764122500026133,,0.8388407500783452,83.33333333333334
btc_returns_1h,-,autoets,statistical,3351,2026-07-18,0.23939121036428437,0.1764122500026133,,1.3390104251830215,100.0
btc_returns_1h,-,autoets,statistical,3470,2026-07-23,0.5171564552736192,0.1764122500026133,,0.8527787252518441,95.83333333333334
btc_returns_1h,-,autoets,statistical,3590,2026-07-28,0.7536798079019247,0.1764122500026133,,0.7627664520995433,87.5
btc_returns_1h,-,autotheta,statistical,1795,2026-05-14,0.8221748770237589,0.15114565887779463,,0.874569255903977,83.33333333333334
btc_returns_1h,-,autotheta,statistical,1915,2026-05-19,0.48132887839303196,0.15114565887779463,,0.8493232006270295,95.83333333333334
btc_returns_1h,-,autotheta,statistical,2034,2026-05-24,0.5165299209213031,0.15114565887779463,,0.9087763779935235,91.66666666666666
btc_returns_1h,-,autotheta,statistical,2154,2026-05-29,0.3567206025646813,0.15114565887779463,,1.0514782783611885,100.0
btc_returns_1h,-,autotheta,statistical,2274,2026-06-03,2.105377919037334,0.15114565887779463,,0.8361287852441375,37.5
btc_returns_1h,-,autotheta,statistical,2393,2026-06-08,0.8920132707239954,0.15114565887779463,,0.7916137043764582,79.16666666666666
btc_returns_1h,-,autotheta,statistical,2513,2026-06-13,0.3953255838957007,0.15114565887779463,,1.0436431580255006,95.83333333333334
btc_returns_1h,-,autotheta,statistical,2633,2026-06-18,0.7975649602338026,0.15114565887779463,,1.0604321770846856,87.5
btc_returns_1h,-,autotheta,statistical,2752,2026-06-23,0.8907565628217384,0.15114565887779463,,0.7636943221782665,83.33333333333334
btc_returns_1h,-,autotheta,statistical,2872,2026-06-28,0.7039592125961924,0.15114565887779463,,0.7632326934030366,91.66666666666666
btc_returns_1h,-,autotheta,statistical,2992,2026-07-03,0.3647858630580565,0.15114565887779463,,0.9744931446877024,95.83333333333334
btc_returns_1h,-,autotheta,statistical,3111,2026-07-08,0.6601957984187754,0.15114565887779463,,0.9679625601568114,83.33333333333334
btc_returns_1h,-,autotheta,statistical,3231,2026-07-13,0.8218102047361475,0.15114565887779463,,0.9051978243927372,83.33333333333334
btc_returns_1h,-,autotheta,statistical,3351,2026-07-18,0.25691587608569477,0.15114565887779463,,1.4426352270952967,100.0
btc_returns_1h,-,autotheta,statistical,3470,2026-07-23,0.5007730991770951,0.15114565887779463,,0.8412256418840097,100.0
btc_returns_1h,-,autotheta,statistical,3590,2026-07-28,0.7614368633975249,0.15114565887779463,,0.796306349887463,87.5
btc_returns_1h,-,mstl,statistical,1795,2026-05-14,0.7474167913019818,0.03690874474705197,,0.7866440548348363,79.16666666666666
btc_returns_1h,-,mstl,statistical,1915,2026-05-19,0.4570279764815643,0.03690874474705197,,0.7577119345478133,95.83333333333334
btc_returns_1h,-,mstl,statistical,2034,2026-05-24,0.6398184513586704,0.03690874474705197,,1.0115948185527912,79.16666666666666
btc_returns_1h,-,mstl,statistical,2154,2026-05-29,0.4001515046141647,0.03690874474705197,,0.9944012982974038,100.0
btc_returns_1h,-,mstl,statistical,2274,2026-06-03,2.2868986836917853,0.03690874474705197,,0.9451421906618972,29.166666666666668
btc_returns_1h,-,mstl,statistical,2393,2026-06-08,0.915527741432036,0.03690874474705197,,0.8031861621845054,66.66666666666666
btc_returns_1h,-,mstl,statistical,2513,2026-06-13,0.43602755231009843,0.03690874474705197,,1.0414135284779567,91.66666666666666
btc_returns_1h,-,mstl,statistical,2633,2026-06-18,0.6170906391012698,0.03690874474705197,,0.8588727668305782,87.5
btc_returns_1h,-,mstl,statistical,2752,2026-06-23,0.9835366081750563,0.03690874474705197,,0.8317661937681274,75.0
btc_returns_1h,-,mstl,statistical,2872,2026-06-28,0.7304267236522952,0.03690874474705197,,0.7932016031360055,87.5
btc_returns_1h,-,mstl,statistical,2992,2026-07-03,0.5420968068548343,0.03690874474705197,,1.1407083891813854,91.66666666666666
btc_returns_1h,-,mstl,statistical,3111,2026-07-08,0.631363826631283,0.03690874474705197,,0.8925315124157147,79.16666666666666
btc_returns_1h,-,mstl,statistical,3231,2026-07-13,0.828121695003603,0.03690874474705197,,0.8835173150720717,75.0
btc_returns_1h,-,mstl,statistical,3351,2026-07-18,0.36191017895323996,0.03690874474705197,,1.43615589626826,100.0
btc_returns_1h,-,mstl,statistical,3470,2026-07-23,0.5583736382572039,0.03690874474705197,,0.8630144114311011,95.83333333333334
btc_returns_1h,-,mstl,statistical,3590,2026-07-28,0.7383019818086052,0.03690874474705197,,0.7539736462094254,83.33333333333334
btc_returns_1h,-,gbdt_calendar,ml,1795,2026-05-14,0.8271242734146959,1.0047100599404075,,,
btc_returns_1h,-,gbdt_calendar,ml,1915,2026-05-19,0.6591939437914592,1.0047100599404075,,,
btc_returns_1h,-,gbdt_calendar,ml,2034,2026-05-24,0.6837296045047714,1.0047100599404075,,,
btc_returns_1h,-,gbdt_calendar,ml,2154,2026-05-29,0.46733771016876435,1.0047100599404075,,,
btc_returns_1h,-,gbdt_calendar,ml,2274,2026-06-03,2.0070572687641133,1.0047100599404075,,,
btc_returns_1h,-,gbdt_calendar,ml,2393,2026-06-08,0.8367604942592466,1.0047100599404075,,,
btc_returns_1h,-,gbdt_calendar,ml,2513,2026-06-13,0.4597491789057409,1.0047100599404075,,,
btc_returns_1h,-,gbdt_calendar,ml,2633,2026-06-18,0.5621703489731942,1.0047100599404075,,,
btc_returns_1h,-,gbdt_calendar,ml,2752,2026-06-23,0.9651074026258273,1.0047100599404075,,,
btc_returns_1h,-,gbdt_calendar,ml,2872,2026-06-28,0.722235648057138,1.0047100599404075,,,
btc_returns_1h,-,gbdt_calendar,ml,2992,2026-07-03,0.47986394807543764,1.0047100599404075,,,
btc_returns_1h,-,gbdt_calendar,ml,3111,2026-07-08,0.5924220792511639,1.0047100599404075,,,
btc_returns_1h,-,gbdt_calendar,ml,3231,2026-07-13,0.8052890265221675,1.0047100599404075,,,
btc_returns_1h,-,gbdt_calendar,ml,3351,2026-07-18,0.29034371969101946,1.0047100599404075,,,
btc_returns_1h,-,gbdt_calendar,ml,3470,2026-07-23,0.5315875323087301,1.0047100599404075,,,
btc_returns_1h,-,gbdt_calendar,ml,3590,2026-07-28,0.7841931301595317,1.0047100599404075,,,
btc_returns_1h,-,timesfm_2p5_ctx2048,timesfm,1795,2026-05-14,0.7461580719374488,0.19903947394050192,,0.8218391785749208,66.66666666666666
btc_returns_1h,-,timesfm_2p5_ctx2048,timesfm,1915,2026-05-19,0.4831879575387971,0.19903947394050192,,0.780996149556527,66.66666666666666
btc_returns_1h,-,timesfm_2p5_ctx2048,timesfm,2034,2026-05-24,0.5112224975314787,0.19903947394050192,,0.8206133077105985,79.16666666666666
btc_returns_1h,-,timesfm_2p5_ctx2048,timesfm,2154,2026-05-29,0.3382873713766165,0.19903947394050192,,0.8414647091067843,95.83333333333334
btc_returns_1h,-,timesfm_2p5_ctx2048,timesfm,2274,2026-06-03,2.1353409072283673,0.19903947394050192,,0.8950508258404329,29.166666666666668
btc_returns_1h,-,timesfm_2p5_ctx2048,timesfm,2393,2026-06-08,0.8590392043397095,0.19903947394050192,,0.7749805720365489,66.66666666666666
btc_returns_1h,-,timesfm_2p5_ctx2048,timesfm,2513,2026-06-13,0.3613127312222156,0.19903947394050192,,0.8236349788775871,95.83333333333334
btc_returns_1h,-,timesfm_2p5_ctx2048,timesfm,2633,2026-06-18,0.5647657174455306,0.19903947394050192,,0.7837282427711386,87.5
btc_returns_1h,-,timesfm_2p5_ctx2048,timesfm,2752,2026-06-23,0.9563662218219756,0.19903947394050192,,0.8277792766996185,70.83333333333334
btc_returns_1h,-,timesfm_2p5_ctx2048,timesfm,2872,2026-06-28,0.7186479335658467,0.19903947394050192,,0.787207445310369,66.66666666666666
btc_returns_1h,-,timesfm_2p5_ctx2048,timesfm,2992,2026-07-03,0.3929739305878345,0.19903947394050192,,0.8474106506502538,83.33333333333334
btc_returns_1h,-,timesfm_2p5_ctx2048,timesfm,3111,2026-07-08,0.5707463110979298,0.19903947394050192,,0.7916747847528655,83.33333333333334
btc_returns_1h,-,timesfm_2p5_ctx2048,timesfm,3231,2026-07-13,0.7588091626676192,0.19903947394050192,,0.8362646070365016,70.83333333333334
btc_returns_1h,-,timesfm_2p5_ctx2048,timesfm,3351,2026-07-18,0.2313653491779288,0.19903947394050192,,0.8947357980983541,95.83333333333334
btc_returns_1h,-,timesfm_2p5_ctx2048,timesfm,3470,2026-07-23,0.5218627878518408,0.19903947394050192,,0.8044161957669774,83.33333333333334
btc_returns_1h,-,timesfm_2p5_ctx2048,timesfm,3590,2026-07-28,0.7389602827638806,0.19903947394050192,,0.7949166313245971,50.0
btc_returns_1h,-,chronos_2_ctx2048,chronos,1795,2026-05-14,0.7467512409497624,0.01822526825708337,,0.8241650781157406,58.333333333333336
btc_returns_1h,-,chronos_2_ctx2048,chronos,1915,2026-05-19,0.47510344957844625,0.01822526825708337,,0.7639333403327441,95.83333333333334
btc_returns_1h,-,chronos_2_ctx2048,chronos,2034,2026-05-24,0.5177533172497124,0.01822526825708337,,0.835228502850279,87.5
btc_returns_1h,-,chronos_2_ctx2048,chronos,2154,2026-05-29,0.32144254791471877,0.01822526825708337,,0.7983703053790484,79.16666666666666
btc_returns_1h,-,chronos_2_ctx2048,chronos,2274,2026-06-03,2.1364397059709943,0.01822526825708337,,0.8743808614354192,37.5
btc_returns_1h,-,chronos_2_ctx2048,chronos,2393,2026-06-08,0.864212994999975,0.01822526825708337,,0.7677751463900993,87.5
btc_returns_1h,-,chronos_2_ctx2048,chronos,2513,2026-06-13,0.36220253370751776,0.01822526825708337,,0.807713313220544,70.83333333333334
btc_returns_1h,-,chronos_2_ctx2048,chronos,2633,2026-06-18,0.5564248858735574,0.01822526825708337,,0.778521356329273,91.66666666666666
btc_returns_1h,-,chronos_2_ctx2048,chronos,2752,2026-06-23,0.9448642389820047,0.01822526825708337,,0.7930557761428229,75.0
btc_returns_1h,-,chronos_2_ctx2048,chronos,2872,2026-06-28,0.7135553925750687,0.01822526825708337,,0.7423616691386169,100.0
btc_returns_1h,-,chronos_2_ctx2048,chronos,2992,2026-07-03,0.39659077148411237,0.01822526825708337,,0.8419817495064772,70.83333333333334
btc_returns_1h,-,chronos_2_ctx2048,chronos,3111,2026-07-08,0.5741071112535271,0.01822526825708337,,0.797351316191026,91.66666666666666
btc_returns_1h,-,chronos_2_ctx2048,chronos,3231,2026-07-13,0.7572017395730839,0.01822526825708337,,0.8137939609813886,70.83333333333334
btc_returns_1h,-,chronos_2_ctx2048,chronos,3351,2026-07-18,0.22659255065182918,0.01822526825708337,,0.80245390798545,75.0
btc_returns_1h,-,chronos_2_ctx2048,chronos,3470,2026-07-23,0.517877487441413,0.01822526825708337,,0.7877202694027826,79.16666666666666
btc_returns_1h,-,chronos_2_ctx2048,chronos,3590,2026-07-28,0.7437979991135215,0.01822526825708337,,0.7816420565003958,50.0
btc_returns_1h,-,chronos_bolt_small,chronos,1795,2026-05-14,0.7479258571330943,0.005955312502919696,,0.8180666826518319,70.83333333333334
btc_returns_1h,-,chronos_bolt_small,chronos,1915,2026-05-19,0.47547748392702155,0.005955312502919696,,0.7704657812798605,87.5
btc_returns_1h,-,chronos_bolt_small,chronos,2034,2026-05-24,0.5151127317572382,0.005955312502919696,,0.8321790952591506,83.33333333333334
btc_returns_1h,-,chronos_bolt_small,chronos,2154,2026-05-29,0.3246835110020561,0.005955312502919696,,0.8032634631807697,95.83333333333334
btc_returns_1h,-,chronos_bolt_small,chronos,2274,2026-06-03,2.127419096137418,0.005955312502919696,,0.877576387906658,33.33333333333333
btc_returns_1h,-,chronos_bolt_small,chronos,2393,2026-06-08,0.8508409597593248,0.005955312502919696,,0.7598619752390013,75.0
btc_returns_1h,-,chronos_bolt_small,chronos,2513,2026-06-13,0.3630035041366009,0.005955312502919696,,0.817487745423614,91.66666666666666
btc_returns_1h,-,chronos_bolt_small,chronos,2633,2026-06-18,0.5707520728764832,0.005955312502919696,,0.7918813326182377,95.83333333333334
btc_returns_1h,-,chronos_bolt_small,chronos,2752,2026-06-23,0.9445711173536844,0.005955312502919696,,0.8071157553253253,70.83333333333334
btc_returns_1h,-,chronos_bolt_small,chronos,2872,2026-06-28,0.7145813456105826,0.005955312502919696,,0.7887494964593411,66.66666666666666
btc_returns_1h,-,chronos_bolt_small,chronos,2992,2026-07-03,0.3989242059244207,0.005955312502919696,,0.8498270211172063,91.66666666666666
btc_returns_1h,-,chronos_bolt_small,chronos,3111,2026-07-08,0.5745230954299044,0.005955312502919696,,0.7877431392764883,83.33333333333334
btc_returns_1h,-,chronos_bolt_small,chronos,3231,2026-07-13,0.7592316067466569,0.005955312502919696,,0.8224267196970366,70.83333333333334
btc_returns_1h,-,chronos_bolt_small,chronos,3351,2026-07-18,0.22566707936427136,0.005955312502919696,,0.8270594721738408,87.5
btc_returns_1h,-,chronos_bolt_small,chronos,3470,2026-07-23,0.5152897937864716,0.005955312502919696,,0.793873460124377,83.33333333333334
btc_returns_1h,-,chronos_bolt_small,chronos,3590,2026-07-28,0.7412031468168101,0.005955312502919696,,0.7823130076909756,62.5
quake_magnitude_seq,-,naive_last,naive,1316,2026-02-24,0.5872601655579556,1.492189767304808e-06,4.216583086323772,,
quake_magnitude_seq,-,naive_last,naive,1404,2026-02-28,0.5699413295690153,1.492189767304808e-06,3.792805725799121,,
quake_magnitude_seq,-,naive_last,naive,1491,2026-03-04,1.0635899768463808,1.492189767304808e-06,7.779320617433398,,
quake_magnitude_seq,-,naive_last,naive,1579,2026-03-07,0.8134638774318358,1.492189767304808e-06,5.541922353112339,,
quake_magnitude_seq,-,naive_last,naive,1667,2026-03-11,0.9479734213217075,1.492189767304808e-06,6.457249058021043,,
quake_magnitude_seq,-,naive_last,naive,1755,2026-03-15,1.3936900949567417,1.492189767304808e-06,10.54911953960018,,
quake_magnitude_seq,-,naive_last,naive,1842,2026-03-18,0.7860203302626982,1.492189767304808e-06,5.51389225961603,,
quake_magnitude_seq,-,naive_last,naive,1930,2026-03-22,1.499197120511447,1.492189767304808e-06,8.53899476524662,,
quake_magnitude_seq,-,naive_last,naive,2018,2026-03-26,1.1284059059965026,1.492189767304808e-06,7.326597747306607,,
quake_magnitude_seq,-,naive_last,naive,2106,2026-03-29,0.7621243009233796,1.492189767304808e-06,5.218582427434573,,
quake_magnitude_seq,-,naive_last,naive,2193,2026-04-02,0.9816484466971392,1.492189767304808e-06,6.22752902797268,,
quake_magnitude_seq,-,naive_last,naive,2281,2026-04-06,1.040777593785776,1.492189767304808e-06,6.927858723947357,,
quake_magnitude_seq,-,naive_last,naive,2369,2026-04-09,1.6537069006153005,1.492189767304808e-06,12.907514608605206,,
quake_magnitude_seq,-,naive_last,naive,2457,2026-04-13,0.5892772298625707,1.492189767304808e-06,4.244837243608473,,
quake_magnitude_seq,-,naive_last,naive,2544,2026-04-17,0.8684090601837955,1.492189767304808e-06,5.74311893241603,,
quake_magnitude_seq,-,naive_last,naive,2632,2026-04-20,0.8306739746184251,1.492189767304808e-06,6.292591740565875,,
quake_magnitude_seq,-,naive_mean,naive,1316,2026-02-24,0.6540833654561344,3.4193144529126585e-06,4.981136655720558,,
quake_magnitude_seq,-,naive_mean,naive,1404,2026-02-28,0.6800274864867484,3.4193144529126585e-06,4.786121384403689,,
quake_magnitude_seq,-,naive_mean,naive,1491,2026-03-04,0.8079993293428333,3.4193144529126585e-06,5.72225832398833,,
quake_magnitude_seq,-,naive_mean,naive,1579,2026-03-07,0.8419091631476356,3.4193144529126585e-06,6.004707123924806,,
quake_magnitude_seq,-,naive_mean,naive,1667,2026-03-11,0.7677126359188493,3.4193144529126585e-06,5.405077916267711,,
quake_magnitude_seq,-,naive_mean,naive,1755,2026-03-15,0.6056087371592619,3.4193144529126585e-06,4.480141621627156,,
quake_magnitude_seq,-,naive_mean,naive,1842,2026-03-18,0.7958355014560875,3.4193144529126585e-06,5.596383163858427,,
quake_magnitude_seq,-,naive_mean,naive,1930,2026-03-22,1.506944091071466,3.4193144529126585e-06,8.96964064127728,,
quake_magnitude_seq,-,naive_mean,naive,2018,2026-03-26,0.9671613512797077,3.4193144529126585e-06,6.547272712347403,,
quake_magnitude_seq,-,naive_mean,naive,2106,2026-03-29,0.7568288698850538,3.4193144529126585e-06,5.485455281503379,,
quake_magnitude_seq,-,naive_mean,naive,2193,2026-04-02,0.9847715824539426,3.4193144529126585e-06,6.400446540542175,,
quake_magnitude_seq,-,naive_mean,naive,2281,2026-04-06,0.9521893171377623,3.4193144529126585e-06,6.5282808959409575,,
quake_magnitude_seq,-,naive_mean,naive,2369,2026-04-09,0.6051140132152313,3.4193144529126585e-06,4.691634033883398,,
quake_magnitude_seq,-,naive_mean,naive,2457,2026-04-13,0.6736129490390942,3.4193144529126585e-06,4.996290453092378,,
quake_magnitude_seq,-,naive_mean,naive,2544,2026-04-17,0.9337404520312316,3.4193144529126585e-06,6.604404947689063,,
quake_magnitude_seq,-,naive_mean,naive,2632,2026-04-20,0.8115988464977034,3.4193144529126585e-06,6.042409205818729,,
quake_magnitude_seq,-,seasonal_naive,naive,1316,2026-02-24,1.009857186655544,2.0234365365467966e-06,7.707172237697521,,
quake_magnitude_seq,-,seasonal_naive,naive,1404,2026-02-28,0.866785772052877,2.0234365365467966e-06,6.1592244401028475,,
quake_magnitude_seq,-,seasonal_naive,naive,1491,2026-03-04,0.9064687302668019,2.0234365365467966e-06,6.353340132989647,,
quake_magnitude_seq,-,seasonal_naive,naive,1579,2026-03-07,1.1364568875885939,2.0234365365467966e-06,8.1946462447437,,
quake_magnitude_seq,-,seasonal_naive,naive,1667,2026-03-11,1.2420098423272006,2.0234365365467966e-06,8.805652759240536,,
quake_magnitude_seq,-,seasonal_naive,naive,1755,2026-03-15,0.9053029676642084,2.0234365365467966e-06,6.779289342713712,,
quake_magnitude_seq,-,seasonal_naive,naive,1842,2026-03-18,1.3325030713641763,2.0234365365467966e-06,9.483529301858802,,
quake_magnitude_seq,-,seasonal_naive,naive,1930,2026-03-22,1.413876959181527,2.0234365365467966e-06,8.482679061349947,,
quake_magnitude_seq,-,seasonal_naive,naive,2018,2026-03-26,1.3084706782299875,2.0234365365467966e-06,8.871987661332081,,
quake_magnitude_seq,-,seasonal_naive,naive,2106,2026-03-29,1.0360127215677197,2.0234365365467966e-06,7.501629280156546,,
quake_magnitude_seq,-,seasonal_naive,naive,2193,2026-04-02,1.4074236765898742,2.0234365365467966e-06,9.433505174724251,,
quake_magnitude_seq,-,seasonal_naive,naive,2281,2026-04-06,1.1094002922771453,2.0234365365467966e-06,7.452596471620658,,
quake_magnitude_seq,-,seasonal_naive,naive,2369,2026-04-09,0.6707342673824296,2.0234365365467966e-06,5.146395860185515,,
quake_magnitude_seq,-,seasonal_naive,naive,2457,2026-04-13,1.1901089152126425,2.0234365365467966e-06,8.90067149631459,,
quake_magnitude_seq,-,seasonal_naive,naive,2544,2026-04-17,1.039805585220071,2.0234365365467966e-06,7.681513324733869,,
quake_magnitude_seq,-,seasonal_naive,naive,2632,2026-04-20,0.8761903567892971,2.0234365365467966e-06,6.454945886018283,,
quake_magnitude_seq,-,seasonal_profile,naive,1316,2026-02-24,0.6621070494035778,1.6307312762364745e-05,4.9461186712162615,,
quake_magnitude_seq,-,seasonal_profile,naive,1404,2026-02-28,0.617436440366433,1.6307312762364745e-05,4.366471573453219,,
quake_magnitude_seq,-,seasonal_profile,naive,1491,2026-03-04,0.6263619876764838,1.6307312762364745e-05,4.424589977667179,,
quake_magnitude_seq,-,seasonal_profile,naive,1579,2026-03-07,0.8613146937513553,1.6307312762364745e-05,6.10936365902485,,
quake_magnitude_seq,-,seasonal_profile,naive,1667,2026-03-11,0.906808322380939,1.6307312762364745e-05,6.47644413833041,,
quake_magnitude_seq,-,seasonal_profile,naive,1755,2026-03-15,0.5002990084460095,1.6307312762364745e-05,3.710936685079933,,
quake_magnitude_seq,-,seasonal_profile,naive,1842,2026-03-18,0.8209278181304144,1.6307312762364745e-05,5.601971201347337,,
quake_magnitude_seq,-,seasonal_profile,naive,1930,2026-03-22,1.421799545590734,1.6307312762364745e-05,8.281834830336509,,
quake_magnitude_seq,-,seasonal_profile,naive,2018,2026-03-26,0.9783519291352658,1.6307312762364745e-05,6.64745674496115,,
quake_magnitude_seq,-,seasonal_profile,naive,2106,2026-03-29,0.7912993718181027,1.6307312762364745e-05,5.673730611395517,,
quake_magnitude_seq,-,seasonal_profile,naive,2193,2026-04-02,1.0644380747318376,1.6307312762364745e-05,6.8329076951560115,,
quake_magnitude_seq,-,seasonal_profile,naive,2281,2026-04-06,0.9349842669449134,1.6307312762364745e-05,6.266053091464712,,
quake_magnitude_seq,-,seasonal_profile,naive,2369,2026-04-09,0.7169918030639765,1.6307312762364745e-05,5.498857247016945,,
quake_magnitude_seq,-,seasonal_profile,naive,2457,2026-04-13,0.8261435673563491,1.6307312762364745e-05,6.136738307519912,,
quake_magnitude_seq,-,seasonal_profile,naive,2544,2026-04-17,1.1712095877478825,1.6307312762364745e-05,8.378314164165031,,
quake_magnitude_seq,-,seasonal_profile,naive,2632,2026-04-20,0.7510203058193977,1.6307312762364745e-05,5.4628342333849105,,
quake_magnitude_seq,-,autoets,statistical,1316,2026-02-24,0.6541540143939986,0.4773461484364816,4.981713176787838,0.03807055682151205,95.83333333333334
quake_magnitude_seq,-,autoets,statistical,1404,2026-02-28,0.679990429416535,0.4773461484364816,4.785828797246356,0.040069288095444536,87.5
quake_magnitude_seq,-,autoets,statistical,1491,2026-03-04,0.8078688093659769,0.4773461484364816,5.721194058069455,0.04309982353225187,91.66666666666666
quake_magnitude_seq,-,autoets,statistical,1579,2026-03-07,0.8406828779091227,0.4773461484364816,5.992626622672897,0.043859443838759345,87.5
quake_magnitude_seq,-,autoets,statistical,1667,2026-03-11,0.7624585260401209,0.4773461484364816,5.358026025163281,0.044143771988788195,83.33333333333334
quake_magnitude_seq,-,autoets,statistical,1755,2026-03-15,0.5971833083977297,0.4773461484364816,4.41420795607523,0.03376382494425542,95.83333333333334
quake_magnitude_seq,-,autoets,statistical,1842,2026-03-18,0.7910314855437811,0.4773461484364816,5.556008155741613,0.04310436969926376,91.66666666666666
quake_magnitude_seq,-,autoets,statistical,1930,2026-03-22,1.5031516423880713,0.4773461484364816,8.933021584435759,0.0849041008056618,70.83333333333334
quake_magnitude_seq,-,autoets,statistical,2018,2026-03-26,0.9639903968554869,0.4773461484364816,6.515429438709646,0.05326198108940436,83.33333333333334
quake_magnitude_seq,-,autoets,statistical,2106,2026-03-29,0.7504155456374381,0.4773461484364816,5.43272107373723,0.0412233398218085,87.5
quake_magnitude_seq,-,autoets,statistical,2193,2026-04-02,0.9828252026668927,0.4773461484364816,6.37525819347126,0.05725628848633177,83.33333333333334
quake_magnitude_seq,-,autoets,statistical,2281,2026-04-06,0.949280662463949,0.4773461484364816,6.4834352944176885,0.05719264714028147,87.5
quake_magnitude_seq,-,autoets,statistical,2369,2026-04-09,0.5987119002955235,0.4773461484364816,4.638314134338445,0.033894407018451735,100.0
quake_magnitude_seq,-,autoets,statistical,2457,2026-04-13,0.6748889258966309,0.4773461484364816,5.007276210716072,0.03868087181237681,95.83333333333334
quake_magnitude_seq,-,autoets,statistical,2544,2026-04-17,0.9503900943725055,0.4773461484364816,6.7258141349234215,0.05880667024341298,87.5
quake_magnitude_seq,-,autoets,statistical,2632,2026-04-20,0.8475879506917285,0.4773461484364816,6.305057813148256,0.04713350907805336,87.5
quake_magnitude_seq,-,autotheta,statistical,1316,2026-02-24,0.6770934243056993,0.24918067187536508,5.168926948291921,0.0396215056485241,95.83333333333334
quake_magnitude_seq,-,autotheta,statistical,1404,2026-02-28,0.7103181837118978,0.24918067187536508,5.025373983245662,0.04054195789280766,87.5
quake_magnitude_seq,-,autotheta,statistical,1491,2026-03-04,0.7805650433202119,0.24918067187536508,5.494528539977934,0.04298831437159316,91.66666666666666
quake_magnitude_seq,-,autotheta,statistical,1579,2026-03-07,0.8360645277740634,0.24918067187536508,5.948784884705624,0.044367157945846294,87.5
quake_magnitude_seq,-,autotheta,statistical,1667,2026-03-11,0.7492918189514598,0.24918067187536508,5.253455007068713,0.045411956803510505,83.33333333333334
quake_magnitude_seq,-,autotheta,statistical,1755,2026-03-15,0.7669713696519567,0.24918067187536508,5.723818239263282,0.03974464531894767,100.0
quake_magnitude_seq,-,autotheta,statistical,1842,2026-03-18,0.834906135783481,0.24918067187536508,5.89018816720446,0.044726029935655165,91.66666666666666
quake_magnitude_seq,-,autotheta,statistical,1930,2026-03-22,1.5543768144954846,0.24918067187536508,9.54594346339414,0.08429604390345345,75.0
quake_magnitude_seq,-,autotheta,statistical,2018,2026-03-26,0.9158241590389102,0.24918067187536508,6.119234037440017,0.05280593144217228,83.33333333333334
quake_magnitude_seq,-,autotheta,statistical,2106,2026-03-29,0.8011586712796911,0.24918067187536508,5.869350728354233,0.041348757493822684,95.83333333333334
quake_magnitude_seq,-,autotheta,statistical,2193,2026-04-02,0.9550040929082817,0.24918067187536508,6.127732852500802,0.058846801795522874,83.33333333333334
quake_magnitude_seq,-,autotheta,statistical,2281,2026-04-06,0.9516972409074911,0.24918067187536508,6.368987760322129,0.05966981390066917,87.5
quake_magnitude_seq,-,autotheta,statistical,2369,2026-04-09,0.6791764798532911,0.24918067187536508,5.266448886143263,0.037794032847711025,100.0
quake_magnitude_seq,-,autotheta,statistical,2457,2026-04-13,0.8237819968331851,0.24918067187536508,6.242531987263232,0.045176833938537934,95.83333333333334
quake_magnitude_seq,-,autotheta,statistical,2544,2026-04-17,0.947497633693079,0.24918067187536508,6.711579684631534,0.06001685796889896,87.5
quake_magnitude_seq,-,autotheta,statistical,2632,2026-04-20,0.8383658580854753,0.24918067187536508,6.221225736556321,0.04674808284630413,87.5
quake_magnitude_seq,-,mstl,statistical,1316,2026-02-24,0.7627653167799651,0.051594843753264286,5.780760991027173,0.04351797466905199,95.83333333333334
quake_magnitude_seq,-,mstl,statistical,1404,2026-02-28,0.5674794639131497,0.051594843753264286,3.9693226567184055,0.03742511267967755,83.33333333333334
quake_magnitude_seq,-,mstl,statistical,1491,2026-03-04,0.6690977784428322,0.051594843753264286,4.790093771710204,0.03463918650960765,95.83333333333334
quake_magnitude_seq,-,mstl,statistical,1579,2026-03-07,0.8723108118882619,0.051594843753264286,6.266051686352577,0.04691102651212886,75.0
quake_magnitude_seq,-,mstl,statistical,1667,2026-03-11,0.864284544471817,0.051594843753264286,6.125573528945175,0.05020419018782301,79.16666666666666
quake_magnitude_seq,-,mstl,statistical,1755,2026-03-15,0.7058424953089744,0.051594843753264286,5.220078169437148,0.03909758256504409,87.5
quake_magnitude_seq,-,mstl,statistical,1842,2026-03-18,0.9588544185804562,0.051594843753264286,6.7227138885625495,0.052293393132911356,79.16666666666666
quake_magnitude_seq,-,mstl,statistical,1930,2026-03-22,1.3942176710669907,0.051594843753264286,8.19363590263876,0.08188237244485133,66.66666666666666
quake_magnitude_seq,-,mstl,statistical,2018,2026-03-26,0.9546241638486876,0.051594843753264286,6.463575793738502,0.053654575421198294,75.0
quake_magnitude_seq,-,mstl,statistical,2106,2026-03-29,0.7751716769351792,0.051594843753264286,5.607151189903535,0.04314011971000109,83.33333333333334
quake_magnitude_seq,-,mstl,statistical,2193,2026-04-02,1.054755510597385,0.051594843753264286,6.847672145109733,0.06287797217179109,70.83333333333334
quake_magnitude_seq,-,mstl,statistical,2281,2026-04-06,0.9982353052350479,0.051594843753264286,6.806678286454234,0.06197799048646086,79.16666666666666
quake_magnitude_seq,-,mstl,statistical,2369,2026-04-09,0.6444331136158098,0.051594843753264286,4.98246126394414,0.03602110567914361,87.5
quake_magnitude_seq,-,mstl,statistical,2457,2026-04-13,0.8240450040807679,0.051594843753264286,6.125143099365524,0.04874611366720014,79.16666666666666
quake_magnitude_seq,-,mstl,statistical,2544,2026-04-17,1.10822203305966,0.051594843753264286,7.9398629008453865,0.06809127396185004,75.0
quake_magnitude_seq,-,mstl,statistical,2632,2026-04-20,0.832625845283355,0.051594843753264286,6.189088413204482,0.04796180591148662,79.16666666666666
quake_magnitude_seq,-,gbdt_calendar,ml,1316,2026-02-24,0.5576360712192735,0.9921903567446861,4.207639053572704,,
quake_magnitude_seq,-,gbdt_calendar,ml,1404,2026-02-28,0.740533106275855,0.9921903567446861,5.268483017150657,,
quake_magnitude_seq,-,gbdt_calendar,ml,1491,2026-03-04,0.7843763128272523,0.9921903567446861,5.51752613924937,,
quake_magnitude_seq,-,gbdt_calendar,ml,1579,2026-03-07,0.8447928242893356,0.9921903567446861,5.998872533590785,,
quake_magnitude_seq,-,gbdt_calendar,ml,1667,2026-03-11,0.8207587859750781,0.9921903567446861,5.862903516444693,,
quake_magnitude_seq,-,gbdt_calendar,ml,1755,2026-03-15,0.8469640983300513,0.9921903567446861,6.293639812254197,,
quake_magnitude_seq,-,gbdt_calendar,ml,1842,2026-03-18,0.8124084901785684,0.9921903567446861,5.691263524947136,,
quake_magnitude_seq,-,gbdt_calendar,ml,1930,2026-03-22,1.5094730705233959,0.9921903567446861,9.049007878269279,,
quake_magnitude_seq,-,gbdt_calendar,ml,2018,2026-03-26,1.070992549701971,0.9921903567446861,7.2315099480833425,,
quake_magnitude_seq,-,gbdt_calendar,ml,2106,2026-03-29,0.9856274001419651,0.9921903567446861,7.173776151970802,,
quake_magnitude_seq,-,gbdt_calendar,ml,2193,2026-04-02,1.1047911885874608,0.9921903567446861,7.233472176889398,,
quake_magnitude_seq,-,gbdt_calendar,ml,2281,2026-04-06,0.9571417138260728,0.9921903567446861,6.503715037973085,,
quake_magnitude_seq,-,gbdt_calendar,ml,2369,2026-04-09,0.6847022507424779,0.9921903567446861,5.302050962007495,,
quake_magnitude_seq,-,gbdt_calendar,ml,2457,2026-04-13,0.7823669847389306,0.9921903567446861,5.870424963756165,,
quake_magnitude_seq,-,gbdt_calendar,ml,2544,2026-04-17,0.9736799924621112,0.9921903567446861,6.897501719470686,,
quake_magnitude_seq,-,gbdt_calendar,ml,2632,2026-04-20,0.831089694048191,0.9921903567446861,6.257442466490125,,
quake_magnitude_seq,-,timesfm_2p5_ctx2048,timesfm,1316,2026-02-24,0.5724911984082081,0.20277246093610302,4.263227947811011,0.03282083567004622,95.83333333333334
quake_magnitude_seq,-,timesfm_2p5_ctx2048,timesfm,1404,2026-02-28,0.5785463805206174,0.20277246093610302,3.9438997660845536,0.036998155842656685,87.5
quake_magnitude_seq,-,timesfm_2p5_ctx2048,timesfm,1491,2026-03-04,0.7050487278030024,0.20277246093610302,4.865414353296247,0.03982892004945246,91.66666666666666
quake_magnitude_seq,-,timesfm_2p5_ctx2048,timesfm,1579,2026-03-07,0.8178422976753821,0.20277246093610302,5.699305838614407,0.043362685992679645,83.33333333333334
quake_magnitude_seq,-,timesfm_2p5_ctx2048,timesfm,1667,2026-03-11,0.7405880117183394,0.20277246093610302,5.095968723580761,0.043600697692418824,75.0
quake_magnitude_seq,-,timesfm_2p5_ctx2048,timesfm,1755,2026-03-15,0.49469562717980153,0.20277246093610302,3.5934514822141663,0.02928684771826681,95.83333333333334
quake_magnitude_seq,-,timesfm_2p5_ctx2048,timesfm,1842,2026-03-18,0.7374261523063698,0.20277246093610302,5.043491154186902,0.04122788898536448,91.66666666666666
quake_magnitude_seq,-,timesfm_2p5_ctx2048,timesfm,1930,2026-03-22,1.453371768652696,0.20277246093610302,8.411386828538252,0.08516471192008077,70.83333333333334
quake_magnitude_seq,-,timesfm_2p5_ctx2048,timesfm,2018,2026-03-26,0.9502931222410078,0.20277246093610302,6.297475655191552,0.053089441865902615,54.166666666666664
quake_magnitude_seq,-,timesfm_2p5_ctx2048,timesfm,2106,2026-03-29,0.698015808848313,0.20277246093610302,4.961697650798235,0.03851674421869143,75.0
quake_magnitude_seq,-,timesfm_2p5_ctx2048,timesfm,2193,2026-04-02,0.9826224612966582,0.20277246093610302,6.24154228615105,0.058839381515350356,79.16666666666666
quake_magnitude_seq,-,timesfm_2p5_ctx2048,timesfm,2281,2026-04-06,0.9464825077806808,0.20277246093610302,6.356881605606944,0.057859252992853064,58.333333333333336
quake_magnitude_seq,-,timesfm_2p5_ctx2048,timesfm,2369,2026-04-09,0.5544073794021981,0.20277246093610302,4.222070182627416,0.02968806533430543,70.83333333333334
quake_magnitude_seq,-,timesfm_2p5_ctx2048,timesfm,2457,2026-04-13,0.600704149274659,0.20277246093610302,4.341001717398846,0.03612434398662579,95.83333333333334
quake_magnitude_seq,-,timesfm_2p5_ctx2048,timesfm,2544,2026-04-17,0.8357120464378859,0.20277246093610302,5.7199875158325275,0.052623483686436164,87.5
quake_magnitude_seq,-,timesfm_2p5_ctx2048,timesfm,2632,2026-04-20,0.8082589764885192,0.20277246093610302,5.901598016205237,0.044717137279406266,75.0
quake_magnitude_seq,-,chronos_2_ctx2048,chronos,1316,2026-02-24,0.5573251303452299,0.01402848438010551,4.122983426364705,0.032559090998543073,62.5
quake_magnitude_seq,-,chronos_2_ctx2048,chronos,1404,2026-02-28,0.5801416883951449,0.01402848438010551,3.9507699275368626,0.036131890430542594,83.33333333333334
quake_magnitude_seq,-,chronos_2_ctx2048,chronos,1491,2026-03-04,0.7083944456645387,0.01402848438010551,4.867000397952658,0.04003781242340965,54.166666666666664
quake_magnitude_seq,-,chronos_2_ctx2048,chronos,1579,2026-03-07,0.8122749381411362,0.01402848438010551,5.634419937559964,0.0433567981143322,50.0
quake_magnitude_seq,-,chronos_2_ctx2048,chronos,1667,2026-03-11,0.7396111356510555,0.01402848438010551,5.054136231678809,0.04277984690647483,66.66666666666666
quake_magnitude_seq,-,chronos_2_ctx2048,chronos,1755,2026-03-15,0.4653983063165078,0.01402848438010551,3.357264211208318,0.02917264285737118,70.83333333333334
quake_magnitude_seq,-,chronos_2_ctx2048,chronos,1842,2026-03-18,0.7380952314392293,0.01402848438010551,5.040156991040016,0.04088151435965673,70.83333333333334
quake_magnitude_seq,-,chronos_2_ctx2048,chronos,1930,2026-03-22,1.4522754791030714,0.01402848438010551,8.373545216063814,0.08465372219832751,54.166666666666664
quake_magnitude_seq,-,chronos_2_ctx2048,chronos,2018,2026-03-26,0.9612416521278773,0.01402848438010551,6.340545206686434,0.05309602768836815,54.166666666666664
quake_magnitude_seq,-,chronos_2_ctx2048,chronos,2106,2026-03-29,0.6916529569090275,0.01402848438010551,4.8868529516922425,0.03817353798792913,54.166666666666664
quake_magnitude_seq,-,chronos_2_ctx2048,chronos,2193,2026-04-02,0.9888782506701259,0.01402848438010551,6.276736958200939,0.05813491216341743,66.66666666666666
quake_magnitude_seq,-,chronos_2_ctx2048,chronos,2281,2026-04-06,0.9543419259123713,0.01402848438010551,6.3868164852727265,0.057423011100755414,58.333333333333336
quake_magnitude_seq,-,chronos_2_ctx2048,chronos,2369,2026-04-09,0.5490643264638229,0.01402848438010551,4.165282995907429,0.030221347604231064,58.333333333333336
quake_magnitude_seq,-,chronos_2_ctx2048,chronos,2457,2026-04-13,0.5920855469155817,0.01402848438010551,4.267611462488178,0.035688618385871465,70.83333333333334
quake_magnitude_seq,-,chronos_2_ctx2048,chronos,2544,2026-04-17,0.8238041885610435,0.01402848438010551,5.621371908725017,0.05165894019608315,54.166666666666664
quake_magnitude_seq,-,chronos_2_ctx2048,chronos,2632,2026-04-20,0.8049610576781253,0.01402848438010551,5.8497579002674,0.04429261534248991,54.166666666666664
quake_magnitude_seq,-,chronos_bolt_small,chronos,1316,2026-02-24,0.550338829358317,0.006413830749806948,4.048570383473563,0.03377153625398339,66.66666666666666
quake_magnitude_seq,-,chronos_bolt_small,chronos,1404,2026-02-28,0.5811074202613251,0.006413830749806948,3.9196675316833205,0.0364772435432471,83.33333333333334
quake_magnitude_seq,-,chronos_bolt_small,chronos,1491,2026-03-04,0.6991047871415065,0.006413830749806948,4.777234761897281,0.03920362221703754,54.166666666666664
quake_magnitude_seq,-,chronos_bolt_small,chronos,1579,2026-03-07,0.8162849201138658,0.006413830749806948,5.6360045338761795,0.04312470228759719,62.5
quake_magnitude_seq,-,chronos_bolt_small,chronos,1667,2026-03-11,0.7383819646154459,0.006413830749806948,5.027482998619855,0.043257697869760504,83.33333333333334
quake_magnitude_seq,-,chronos_bolt_small,chronos,1755,2026-03-15,0.4745116378921196,0.006413830749806948,3.439787811855873,0.030767055098842373,79.16666666666666
quake_magnitude_seq,-,chronos_bolt_small,chronos,1842,2026-03-18,0.7465100738726979,0.006413830749806948,5.078637306002651,0.041399047707568644,91.66666666666666
quake_magnitude_seq,-,chronos_bolt_small,chronos,1930,2026-03-22,1.444659978841456,0.006413830749806948,8.306793107364104,0.08225577896091696,50.0
quake_magnitude_seq,-,chronos_bolt_small,chronos,2018,2026-03-26,0.9573030214405174,0.006413830749806948,6.3083756953495715,0.05205244145202927,66.66666666666666
quake_magnitude_seq,-,chronos_bolt_small,chronos,2106,2026-03-29,0.6766301322101624,0.006413830749806948,4.769295846972745,0.03830291470910749,62.5
quake_magnitude_seq,-,chronos_bolt_small,chronos,2193,2026-04-02,0.9943342663975039,0.006413830749806948,6.308351060449407,0.05728484799779249,70.83333333333334
quake_magnitude_seq,-,chronos_bolt_small,chronos,2281,2026-04-06,0.9614993403270202,0.006413830749806948,6.409280753334999,0.05750376988201984,54.166666666666664
quake_magnitude_seq,-,chronos_bolt_small,chronos,2369,2026-04-09,0.5400328388075846,0.006413830749806948,4.077683449540116,0.030766142387228704,58.333333333333336
quake_magnitude_seq,-,chronos_bolt_small,chronos,2457,2026-04-13,0.6219498699224375,0.006413830749806948,4.470477029624043,0.03679474414255249,70.83333333333334
quake_magnitude_seq,-,chronos_bolt_small,chronos,2544,2026-04-17,0.8358007815035604,0.006413830749806948,5.716148248157422,0.05315837838108017,54.166666666666664
quake_magnitude_seq,-,chronos_bolt_small,chronos,2632,2026-04-20,0.8054368723288192,0.006413830749806948,5.836295352486069,0.044078582337256665,62.5
white_noise_synth,-,naive_last,naive,1536,2026-05-04,1.141560280821475,1.492189767304808e-06,,,
white_noise_synth,-,naive_last,naive,1638,2026-05-08,1.1883050532018737,1.492189767304808e-06,,,
white_noise_synth,-,naive_last,naive,1741,2026-05-12,1.0344808397582794,1.492189767304808e-06,,,
white_noise_synth,-,naive_last,naive,1843,2026-05-16,1.281431720869613,1.492189767304808e-06,,,
white_noise_synth,-,naive_last,naive,1945,2026-05-21,0.6864735717172339,1.492189767304808e-06,,,
white_noise_synth,-,naive_last,naive,2048,2026-05-25,0.7922818577202982,1.492189767304808e-06,,,
white_noise_synth,-,naive_last,naive,2150,2026-05-29,1.255432586672566,1.492189767304808e-06,,,
white_noise_synth,-,naive_last,naive,2252,2026-06-02,0.7148696814258335,1.492189767304808e-06,,,
white_noise_synth,-,naive_last,naive,2355,2026-06-07,0.9388509478142003,1.492189767304808e-06,,,
white_noise_synth,-,naive_last,naive,2457,2026-06-11,1.5778215618197833,1.492189767304808e-06,,,
white_noise_synth,-,naive_last,naive,2559,2026-06-15,0.8785235916782879,1.492189767304808e-06,,,
white_noise_synth,-,naive_last,naive,2662,2026-06-19,0.8407369578426437,1.492189767304808e-06,,,
white_noise_synth,-,naive_last,naive,2764,2026-06-24,0.8946589334283529,1.492189767304808e-06,,,
white_noise_synth,-,naive_last,naive,2866,2026-06-28,0.7778828623472862,1.492189767304808e-06,,,
white_noise_synth,-,naive_last,naive,2969,2026-07-02,1.0072266841795319,1.492189767304808e-06,,,
white_noise_synth,-,naive_last,naive,3071,2026-07-06,0.7834090670371977,1.492189767304808e-06,,,
white_noise_synth,-,naive_mean,naive,1536,2026-05-04,0.7751165252478331,3.929686499759555e-06,,,
white_noise_synth,-,naive_mean,naive,1638,2026-05-08,0.6475261266898183,3.929686499759555e-06,,,
white_noise_synth,-,naive_mean,naive,1741,2026-05-12,0.9006803882984116,3.929686499759555e-06,,,
white_noise_synth,-,naive_mean,naive,1843,2026-05-16,0.6213047880021522,3.929686499759555e-06,,,
white_noise_synth,-,naive_mean,naive,1945,2026-05-21,0.6712929764728242,3.929686499759555e-06,,,
white_noise_synth,-,naive_mean,naive,2048,2026-05-25,0.6584557303106131,3.929686499759555e-06,,,
white_noise_synth,-,naive_mean,naive,2150,2026-05-29,0.733679074266657,3.929686499759555e-06,,,
white_noise_synth,-,naive_mean,naive,2252,2026-06-02,0.707300988305221,3.929686499759555e-06,,,
white_noise_synth,-,naive_mean,naive,2355,2026-06-07,0.841060629559901,3.929686499759555e-06,,,
white_noise_synth,-,naive_mean,naive,2457,2026-06-11,0.6090441945248222,3.929686499759555e-06,,,
white_noise_synth,-,naive_mean,naive,2559,2026-06-15,0.7870759824103801,3.929686499759555e-06,,,
white_noise_synth,-,naive_mean,naive,2662,2026-06-19,0.7647899151797194,3.929686499759555e-06,,,
white_noise_synth,-,naive_mean,naive,2764,2026-06-24,0.684203681267823,3.929686499759555e-06,,,
white_noise_synth,-,naive_mean,naive,2866,2026-06-28,0.6430525410513008,3.929686499759555e-06,,,
white_noise_synth,-,naive_mean,naive,2969,2026-07-02,0.779149207140659,3.929686499759555e-06,,,
white_noise_synth,-,naive_mean,naive,3071,2026-07-06,0.7861731082011262,3.929686499759555e-06,,,
white_noise_synth,-,seasonal_naive,naive,1536,2026-05-04,0.8711830748665326,1.9817452994175255e-06,,,
white_noise_synth,-,seasonal_naive,naive,1638,2026-05-08,0.8077559182783812,1.9817452994175255e-06,,,
white_noise_synth,-,seasonal_naive,naive,1741,2026-05-12,1.1901446876522512,1.9817452994175255e-06,,,
white_noise_synth,-,seasonal_naive,naive,1843,2026-05-16,0.9225794943314013,1.9817452994175255e-06,,,
white_noise_synth,-,seasonal_naive,naive,1945,2026-05-21,1.1549881405254074,1.9817452994175255e-06,,,
white_noise_synth,-,seasonal_naive,naive,2048,2026-05-25,0.9191569562016533,1.9817452994175255e-06,,,
white_noise_synth,-,seasonal_naive,naive,2150,2026-05-29,1.0683047045930711,1.9817452994175255e-06,,,
white_noise_synth,-,seasonal_naive,naive,2252,2026-06-02,0.9654059132062653,1.9817452994175255e-06,,,
white_noise_synth,-,seasonal_naive,naive,2355,2026-06-07,1.1126710677909013,1.9817452994175255e-06,,,
white_noise_synth,-,seasonal_naive,naive,2457,2026-06-11,0.9066371127474276,1.9817452994175255e-06,,,
white_noise_synth,-,seasonal_naive,naive,2559,2026-06-15,0.8717472011895474,1.9817452994175255e-06,,,
white_noise_synth,-,seasonal_naive,naive,2662,2026-06-19,1.0288006471770492,1.9817452994175255e-06,,,
white_noise_synth,-,seasonal_naive,naive,2764,2026-06-24,0.9909809606626068,1.9817452994175255e-06,,,
white_noise_synth,-,seasonal_naive,naive,2866,2026-06-28,0.8315185562314241,1.9817452994175255e-06,,,
white_noise_synth,-,seasonal_naive,naive,2969,2026-07-02,0.9579951770109955,1.9817452994175255e-06,,,
white_noise_synth,-,seasonal_naive,naive,3071,2026-07-06,1.146335574505568,1.9817452994175255e-06,,,
white_noise_synth,-,seasonal_profile,naive,1536,2026-05-04,0.9211772209249404,1.6468744433950633e-05,,,
white_noise_synth,-,seasonal_profile,naive,1638,2026-05-08,0.7966837234751862,1.6468744433950633e-05,,,
white_noise_synth,-,seasonal_profile,naive,1741,2026-05-12,0.8786722903155505,1.6468744433950633e-05,,,
white_noise_synth,-,seasonal_profile,naive,1843,2026-05-16,0.7531278376347952,1.6468744433950633e-05,,,
white_noise_synth,-,seasonal_profile,naive,1945,2026-05-21,0.7608844081604449,1.6468744433950633e-05,,,
white_noise_synth,-,seasonal_profile,naive,2048,2026-05-25,0.8303500799990198,1.6468744433950633e-05,,,
white_noise_synth,-,seasonal_profile,naive,2150,2026-05-29,0.9056349932650727,1.6468744433950633e-05,,,
white_noise_synth,-,seasonal_profile,naive,2252,2026-06-02,0.65355111069358,1.6468744433950633e-05,,,
white_noise_synth,-,seasonal_profile,naive,2355,2026-06-07,0.8516444852501069,1.6468744433950633e-05,,,
white_noise_synth,-,seasonal_profile,naive,2457,2026-06-11,0.6035079148965594,1.6468744433950633e-05,,,
white_noise_synth,-,seasonal_profile,naive,2559,2026-06-15,0.7636764840729686,1.6468744433950633e-05,,,
white_noise_synth,-,seasonal_profile,naive,2662,2026-06-19,0.7713209334893611,1.6468744433950633e-05,,,
white_noise_synth,-,seasonal_profile,naive,2764,2026-06-24,0.7037675446050436,1.6468744433950633e-05,,,
white_noise_synth,-,seasonal_profile,naive,2866,2026-06-28,0.7221771091578957,1.6468744433950633e-05,,,
white_noise_synth,-,seasonal_profile,naive,2969,2026-07-02,0.8739958506870447,1.6468744433950633e-05,,,
white_noise_synth,-,seasonal_profile,naive,3071,2026-07-06,0.8149005704844436,1.6468744433950633e-05,,,
white_noise_synth,-,autoets,statistical,1536,2026-05-04,0.7758674194321764,0.17634347137936857,,0.7786514475788091,75.0
white_noise_synth,-,autoets,statistical,1638,2026-05-08,0.6491307964671112,0.17634347137936857,,0.8019051637218111,79.16666666666666
white_noise_synth,-,autoets,statistical,1741,2026-05-12,0.9006803882984116,0.17634347137936857,,0.7320885737754682,75.0
white_noise_synth,-,autoets,statistical,1843,2026-05-16,0.6160412232456459,0.17634347137936857,,0.7979155516010625,91.66666666666666
white_noise_synth,-,autoets,statistical,1945,2026-05-21,0.6740520727400984,0.17634347137936857,,0.7440103657564564,83.33333333333334
white_noise_synth,-,autoets,statistical,2048,2026-05-25,0.6540681345225206,0.17634347137936857,,0.7914936134501223,75.0
white_noise_synth,-,autoets,statistical,2150,2026-05-29,0.7309305812622203,0.17634347137936857,,0.7422773921526077,75.0
white_noise_synth,-,autoets,statistical,2252,2026-06-02,0.709641811697717,0.17634347137936857,,0.7466124451679461,83.33333333333334
white_noise_synth,-,autoets,statistical,2355,2026-06-07,0.8348910391327036,0.17634347137936857,,0.7695314781678312,79.16666666666666
white_noise_synth,-,autoets,statistical,2457,2026-06-11,0.6129669810329902,0.17634347137936857,,0.7692461252411917,87.5
white_noise_synth,-,autoets,statistical,2559,2026-06-15,0.780850058434559,0.17634347137936857,,0.7862055248452158,70.83333333333334
white_noise_synth,-,autoets,statistical,2662,2026-06-19,0.7695958929939737,0.17634347137936857,,0.7375890403749003,87.5
white_noise_synth,-,autoets,statistical,2764,2026-06-24,0.6795027895272184,0.17634347137936857,,0.761020841599394,83.33333333333334
white_noise_synth,-,autoets,statistical,2866,2026-06-28,0.6430525410513008,0.17634347137936857,,0.7794106948130345,83.33333333333334
white_noise_synth,-,autoets,statistical,2969,2026-07-02,0.7828393806523058,0.17634347137936857,,0.7712456224367411,75.0
white_noise_synth,-,autoets,statistical,3071,2026-07-06,0.7850898183820454,0.17634347137936857,,0.809693024602427,75.0
white_noise_synth,-,autotheta,statistical,1536,2026-05-04,0.8443580197646213,0.23320546875038417,,0.8027781208603356,75.0
white_noise_synth,-,autotheta,statistical,1638,2026-05-08,0.6521772324126853,0.23320546875038417,,0.8278862250788257,79.16666666666666
white_noise_synth,-,autotheta,statistical,1741,2026-05-12,0.9006501271230283,0.23320546875038417,,0.7435281984071228,83.33333333333334
white_noise_synth,-,autotheta,statistical,1843,2026-05-16,0.8367389843367811,0.23320546875038417,,1.0781544723427998,70.83333333333334
white_noise_synth,-,autotheta,statistical,1945,2026-05-21,0.6557947452137696,0.23320546875038417,,0.7547008179509468,83.33333333333334
white_noise_synth,-,autotheta,statistical,2048,2026-05-25,0.6787226624497488,0.23320546875038417,,0.8327523130952147,79.16666666666666
white_noise_synth,-,autotheta,statistical,2150,2026-05-29,0.7310594415732128,0.23320546875038417,,0.7525337075737191,79.16666666666666
white_noise_synth,-,autotheta,statistical,2252,2026-06-02,0.7467977129577875,0.23320546875038417,,0.7774062790718509,91.66666666666666
white_noise_synth,-,autotheta,statistical,2355,2026-06-07,0.867250565462837,0.23320546875038417,,0.8299460013417049,79.16666666666666
white_noise_synth,-,autotheta,statistical,2457,2026-06-11,0.6314412233334641,0.23320546875038417,,0.7741809087599184,83.33333333333334
white_noise_synth,-,autotheta,statistical,2559,2026-06-15,0.7779789293127249,0.23320546875038417,,0.787521061666653,75.0
white_noise_synth,-,autotheta,statistical,2662,2026-06-19,0.8469428774442143,0.23320546875038417,,0.8052483241688111,70.83333333333334
white_noise_synth,-,autotheta,statistical,2764,2026-06-24,0.8267328810499752,0.23320546875038417,,0.9742781367902513,70.83333333333334
white_noise_synth,-,autotheta,statistical,2866,2026-06-28,0.64305209477016,0.23320546875038417,,0.8084214747824825,83.33333333333334
white_noise_synth,-,autotheta,statistical,2969,2026-07-02,0.7996762668341596,0.23320546875038417,,0.7775409840553095,70.83333333333334
white_noise_synth,-,autotheta,statistical,3071,2026-07-06,0.8084502490269427,0.23320546875038417,,0.8162910643567585,79.16666666666666
white_noise_synth,-,mstl,statistical,1536,2026-05-04,0.8534246492014254,0.0360072734329151,,0.8576983195625414,70.83333333333334
white_noise_synth,-,mstl,statistical,1638,2026-05-08,0.7169118331112417,0.0360072734329151,,0.8589114584403132,79.16666666666666
white_noise_synth,-,mstl,statistical,1741,2026-05-12,0.8427732837468951,0.0360072734329151,,0.711935334893425,66.66666666666666
white_noise_synth,-,mstl,statistical,1843,2026-05-16,0.6902877229642657,0.0360072734329151,,0.8629816834020999,75.0
white_noise_synth,-,mstl,statistical,1945,2026-05-21,0.7205895043610264,0.0360072734329151,,0.7817075220410041,79.16666666666666
white_noise_synth,-,mstl,statistical,2048,2026-05-25,0.7709688611287246,0.0360072734329151,,0.9159498056401001,75.0
white_noise_synth,-,mstl,statistical,2150,2026-05-29,0.8069244696961644,0.0360072734329151,,0.8086470227632703,75.0
white_noise_synth,-,mstl,statistical,2252,2026-06-02,0.65567243351731,0.0360072734329151,,0.7110521890633368,83.33333333333334
white_noise_synth,-,mstl,statistical,2355,2026-06-07,0.8003737727562894,0.0360072734329151,,0.777251197797355,75.0
white_noise_synth,-,mstl,statistical,2457,2026-06-11,0.6420416498450244,0.0360072734329151,,0.7690361983020416,83.33333333333334
white_noise_synth,-,mstl,statistical,2559,2026-06-15,0.7917567737017971,0.0360072734329151,,0.8054696663009453,75.0
white_noise_synth,-,mstl,statistical,2662,2026-06-19,0.7248802139820498,0.0360072734329151,,0.7044903519405189,79.16666666666666
white_noise_synth,-,mstl,statistical,2764,2026-06-24,0.6818508435107444,0.0360072734329151,,0.7659607256883192,70.83333333333334
white_noise_synth,-,mstl,statistical,2866,2026-06-28,0.6882490318888463,0.0360072734329151,,0.8113381785580634,83.33333333333334
white_noise_synth,-,mstl,statistical,2969,2026-07-02,0.7994872829055438,0.0360072734329151,,0.8160419359852128,66.66666666666666
white_noise_synth,-,mstl,statistical,3071,2026-07-06,0.7811374182210875,0.0360072734329151,,0.8308323027823211,75.0
white_noise_synth,-,gbdt_calendar,ml,1536,2026-05-04,0.7043252667452433,0.9822708177525783,,,
white_noise_synth,-,gbdt_calendar,ml,1638,2026-05-08,0.6316618637987661,0.9822708177525783,,,
white_noise_synth,-,gbdt_calendar,ml,1741,2026-05-12,0.9970060248585793,0.9822708177525783,,,
white_noise_synth,-,gbdt_calendar,ml,1843,2026-05-16,0.6369310236831811,0.9822708177525783,,,
white_noise_synth,-,gbdt_calendar,ml,1945,2026-05-21,0.6629338317315389,0.9822708177525783,,,
white_noise_synth,-,gbdt_calendar,ml,2048,2026-05-25,0.8097850575703508,0.9822708177525783,,,
white_noise_synth,-,gbdt_calendar,ml,2150,2026-05-29,0.7618666680764135,0.9822708177525783,,,
white_noise_synth,-,gbdt_calendar,ml,2252,2026-06-02,0.8031091994679727,0.9822708177525783,,,
white_noise_synth,-,gbdt_calendar,ml,2355,2026-06-07,0.89149945277611,0.9822708177525783,,,
white_noise_synth,-,gbdt_calendar,ml,2457,2026-06-11,0.6769808406412728,0.9822708177525783,,,
white_noise_synth,-,gbdt_calendar,ml,2559,2026-06-15,0.912526898283254,0.9822708177525783,,,
white_noise_synth,-,gbdt_calendar,ml,2662,2026-06-19,0.8056210344932738,0.9822708177525783,,,
white_noise_synth,-,gbdt_calendar,ml,2764,2026-06-24,0.710627390770451,0.9822708177525783,,,
white_noise_synth,-,gbdt_calendar,ml,2866,2026-06-28,0.681322042004145,0.9822708177525783,,,
white_noise_synth,-,gbdt_calendar,ml,2969,2026-07-02,0.9180219820435754,0.9822708177525783,,,
white_noise_synth,-,gbdt_calendar,ml,3071,2026-07-06,0.8091005268605755,0.9822708177525783,,,
white_noise_synth,-,timesfm_2p5_ctx2048,timesfm,1536,2026-05-04,0.7779718575872616,0.19667544530966552,,0.7748729291400145,75.0
white_noise_synth,-,timesfm_2p5_ctx2048,timesfm,1638,2026-05-08,0.6525017061464712,0.19667544530966552,,0.8066177123686269,79.16666666666666
white_noise_synth,-,timesfm_2p5_ctx2048,timesfm,1741,2026-05-12,0.900865319423507,0.19667544530966552,,0.7282022863370621,79.16666666666666
white_noise_synth,-,timesfm_2p5_ctx2048,timesfm,1843,2026-05-16,0.6125036342114148,0.19667544530966552,,0.7955688003452821,91.66666666666666
white_noise_synth,-,timesfm_2p5_ctx2048,timesfm,1945,2026-05-21,0.6743721232172145,0.19667544530966552,,0.7440389309127116,83.33333333333334
white_noise_synth,-,timesfm_2p5_ctx2048,timesfm,2048,2026-05-25,0.6571089343144945,0.19667544530966552,,0.7932504962276301,75.0
white_noise_synth,-,timesfm_2p5_ctx2048,timesfm,2150,2026-05-29,0.7334324757287898,0.19667544530966552,,0.7440350171127543,75.0
white_noise_synth,-,timesfm_2p5_ctx2048,timesfm,2252,2026-06-02,0.7079775650258614,0.19667544530966552,,0.7453310931159355,83.33333333333334
white_noise_synth,-,timesfm_2p5_ctx2048,timesfm,2355,2026-06-07,0.8374124349061426,0.19667544530966552,,0.7709339013647787,79.16666666666666
white_noise_synth,-,timesfm_2p5_ctx2048,timesfm,2457,2026-06-11,0.6120609647936636,0.19667544530966552,,0.768431925598754,87.5
white_noise_synth,-,timesfm_2p5_ctx2048,timesfm,2559,2026-06-15,0.7795520245401181,0.19667544530966552,,0.7858480236968175,70.83333333333334
white_noise_synth,-,timesfm_2p5_ctx2048,timesfm,2662,2026-06-19,0.7690488402658633,0.19667544530966552,,0.7370430331408627,87.5
white_noise_synth,-,timesfm_2p5_ctx2048,timesfm,2764,2026-06-24,0.6805664233781342,0.19667544530966552,,0.7621800903762944,79.16666666666666
white_noise_synth,-,timesfm_2p5_ctx2048,timesfm,2866,2026-06-28,0.6424439893887114,0.19667544530966552,,0.7803132021976088,83.33333333333334
white_noise_synth,-,timesfm_2p5_ctx2048,timesfm,2969,2026-07-02,0.7835080862993059,0.19667544530966552,,0.7724131026470753,75.0
white_noise_synth,-,timesfm_2p5_ctx2048,timesfm,3071,2026-07-06,0.7834873210949189,0.19667544530966552,,0.8083326358592281,75.0
white_noise_synth,-,chronos_2_ctx2048,chronos,1536,2026-05-04,0.7825939037740116,0.017024526066961698,,0.7742316883516065,79.16666666666666
white_noise_synth,-,chronos_2_ctx2048,chronos,1638,2026-05-08,0.6481258129259436,0.017024526066961698,,0.8092957877171311,79.16666666666666
white_noise_synth,-,chronos_2_ctx2048,chronos,1741,2026-05-12,0.897086668683489,0.017024526066961698,,0.7296888057971995,70.83333333333334
white_noise_synth,-,chronos_2_ctx2048,chronos,1843,2026-05-16,0.602519019135503,0.017024526066961698,,0.7744327786950341,91.66666666666666
white_noise_synth,-,chronos_2_ctx2048,chronos,1945,2026-05-21,0.6786299909450418,0.017024526066961698,,0.7406698674290477,83.33333333333334
white_noise_synth,-,chronos_2_ctx2048,chronos,2048,2026-05-25,0.6482307735267658,0.017024526066961698,,0.7750152645780838,75.0
white_noise_synth,-,chronos_2_ctx2048,chronos,2150,2026-05-29,0.6891745349274001,0.017024526066961698,,0.7135963721170367,75.0
white_noise_synth,-,chronos_2_ctx2048,chronos,2252,2026-06-02,0.6959734307582636,0.017024526066961698,,0.7344837420255814,83.33333333333334
white_noise_synth,-,chronos_2_ctx2048,chronos,2355,2026-06-07,0.8428091385192885,0.017024526066961698,,0.7753058185135482,79.16666666666666
white_noise_synth,-,chronos_2_ctx2048,chronos,2457,2026-06-11,0.6101242989849344,0.017024526066961698,,0.7658593108314763,87.5
white_noise_synth,-,chronos_2_ctx2048,chronos,2559,2026-06-15,0.7822649462567851,0.017024526066961698,,0.7881476748167181,70.83333333333334
white_noise_synth,-,chronos_2_ctx2048,chronos,2662,2026-06-19,0.7720142638430701,0.017024526066961698,,0.7396579055243094,87.5
white_noise_synth,-,chronos_2_ctx2048,chronos,2764,2026-06-24,0.6840962336420137,0.017024526066961698,,0.7662478745495599,83.33333333333334
white_noise_synth,-,chronos_2_ctx2048,chronos,2866,2026-06-28,0.6428647961275928,0.017024526066961698,,0.7801571113657417,83.33333333333334
white_noise_synth,-,chronos_2_ctx2048,chronos,2969,2026-07-02,0.7827050866182562,0.017024526066961698,,0.7723053861058772,75.0
white_noise_synth,-,chronos_2_ctx2048,chronos,3071,2026-07-06,0.7838323247429363,0.017024526066961698,,0.8090889831114288,75.0
white_noise_synth,-,chronos_bolt_small,chronos,1536,2026-05-04,0.7769136694751748,0.00664694268925814,,0.7732705779605135,83.33333333333334
white_noise_synth,-,chronos_bolt_small,chronos,1638,2026-05-08,0.6594202854067509,0.00664694268925814,,0.81329040175086,79.16666666666666
white_noise_synth,-,chronos_bolt_small,chronos,1741,2026-05-12,0.9055249849937249,0.00664694268925814,,0.7322522601267027,75.0
white_noise_synth,-,chronos_bolt_small,chronos,1843,2026-05-16,0.6449101511160178,0.00664694268925814,,0.8175899720485801,91.66666666666666
white_noise_synth,-,chronos_bolt_small,chronos,1945,2026-05-21,0.6747172284953302,0.00664694268925814,,0.7431519671906269,83.33333333333334
white_noise_synth,-,chronos_bolt_small,chronos,2048,2026-05-25,0.6615798362665885,0.00664694268925814,,0.8036470685240032,75.0
white_noise_synth,-,chronos_bolt_small,chronos,2150,2026-05-29,0.7177029814188867,0.00664694268925814,,0.7326659330421753,75.0
white_noise_synth,-,chronos_bolt_small,chronos,2252,2026-06-02,0.703000332190493,0.00664694268925814,,0.7413096147743552,83.33333333333334
white_noise_synth,-,chronos_bolt_small,chronos,2355,2026-06-07,0.8555800948890688,0.00664694268925814,,0.7923187589156477,70.83333333333334
white_noise_synth,-,chronos_bolt_small,chronos,2457,2026-06-11,0.6041297376027077,0.00664694268925814,,0.7653599561974644,87.5
white_noise_synth,-,chronos_bolt_small,chronos,2559,2026-06-15,0.7711258755901648,0.00664694268925814,,0.7781005806027219,75.0
white_noise_synth,-,chronos_bolt_small,chronos,2662,2026-06-19,0.7795165564710872,0.00664694268925814,,0.7468153926554381,87.5
white_noise_synth,-,chronos_bolt_small,chronos,2764,2026-06-24,0.6928141658659184,0.00664694268925814,,0.7766558758506746,83.33333333333334
white_noise_synth,-,chronos_bolt_small,chronos,2866,2026-06-28,0.6502990768271878,0.00664694268925814,,0.7917649772919266,83.33333333333334
white_noise_synth,-,chronos_bolt_small,chronos,2969,2026-07-02,0.7848318192404543,0.00664694268925814,,0.7780390289916822,75.0
white_noise_synth,-,chronos_bolt_small,chronos,3071,2026-07-06,0.7866669227096252,0.00664694268925814,,0.8124645228216905,79.16666666666666
boom_telemetry_5t,ds-139-5T/v003,naive_last,naive,1992,2024-06-07,0.0,1.4036268112249672e-06,,,
boom_telemetry_5t,ds-139-5T/v003,naive_last,naive,2125,2024-06-08,0.0,1.4036268112249672e-06,,,
boom_telemetry_5t,ds-139-5T/v003,naive_last,naive,2257,2024-06-08,0.0,1.4036268112249672e-06,,,
boom_telemetry_5t,ds-139-5T/v003,naive_last,naive,2390,2024-06-09,0.06486710739090094,1.4036268112249672e-06,,,
boom_telemetry_5t,ds-139-5T/v003,naive_last,naive,2523,2024-06-09,0.1302145435356046,1.4036268112249672e-06,,,
boom_telemetry_5t,ds-139-5T/v003,naive_last,naive,2656,2024-06-10,0.01961364989177661,1.4036268112249672e-06,,,
boom_telemetry_5t,ds-139-5T/v003,naive_last,naive,2788,2024-06-10,0.08303169296918961,1.4036268112249672e-06,,,
boom_telemetry_5t,ds-139-5T/v003,naive_last,naive,2921,2024-06-11,0.005805587301001245,1.4036268112249672e-06,,,
boom_telemetry_5t,ds-139-5T/v003,naive_last,naive,3054,2024-06-11,2.4377128800710297,1.4036268112249672e-06,,,
boom_telemetry_5t,ds-139-5T/v003,naive_last,naive,3187,2024-06-12,0.0,1.4036268112249672e-06,,,
boom_telemetry_5t,ds-139-5T/v003,naive_last,naive,3319,2024-06-12,0.1345454843206166,1.4036268112249672e-06,,,
boom_telemetry_5t,ds-139-5T/v003,naive_last,naive,3452,2024-06-12,0.0,1.4036268112249672e-06,,,
boom_telemetry_5t,ds-139-5T/v003,naive_last,naive,3585,2024-06-13,0.7898133443521783,1.4036268112249672e-06,,,
boom_telemetry_5t,ds-139-5T/v003,naive_last,naive,3718,2024-06-13,0.764769424216338,1.4036268112249672e-06,,,
boom_telemetry_5t,ds-139-5T/v003,naive_last,naive,3850,2024-06-14,0.0,1.4036268112249672e-06,,,
boom_telemetry_5t,ds-139-5T/v003,naive_last,naive,3983,2024-06-14,0.15713284228343524,1.4036268112249672e-06,,,
boom_telemetry_5t,ds-139-5T/v003,naive_mean,naive,1992,2024-06-07,0.23423993744369376,3.6406199797056615e-06,,,
boom_telemetry_5t,ds-139-5T/v003,naive_mean,naive,2125,2024-06-08,0.21976202240862594,3.6406199797056615e-06,,,
boom_telemetry_5t,ds-139-5T/v003,naive_mean,naive,2257,2024-06-08,0.2109666588115619,3.6406199797056615e-06,,,
boom_telemetry_5t,ds-139-5T/v003,naive_mean,naive,2390,2024-06-09,0.14077310589828265,3.6406199797056615e-06,,,
boom_telemetry_5t,ds-139-5T/v003,naive_mean,naive,2523,2024-06-09,0.4378834560180055,3.6406199797056615e-06,,,
boom_telemetry_5t,ds-139-5T/v003,naive_mean,naive,2656,2024-06-10,0.9029163326769272,3.6406199797056615e-06,,,
boom_telemetry_5t,ds-139-5T/v003,naive_mean,naive,2788,2024-06-10,1.417855804995135,3.6406199797056615e-06,,,
boom_telemetry_5t,ds-139-5T/v003,naive_mean,naive,2921,2024-06-11,1.3970716382143944,3.6406199797056615e-06,,,
boom_telemetry_5t,ds-139-5T/v003,naive_mean,naive,3054,2024-06-11,1.8780221046145162,3.6406199797056615e-06,,,
boom_telemetry_5t,ds-139-5T/v003,naive_mean,naive,3187,2024-06-12,0.6367649902487736,3.6406199797056615e-06,,,
boom_telemetry_5t,ds-139-5T/v003,naive_mean,naive,3319,2024-06-12,0.48841073551990577,3.6406199797056615e-06,,,
boom_telemetry_5t,ds-139-5T/v003,naive_mean,naive,3452,2024-06-12,0.33811492782291097,3.6406199797056615e-06,,,
boom_telemetry_5t,ds-139-5T/v003,naive_mean,naive,3585,2024-06-13,1.099523037070669,3.6406199797056615e-06,,,
boom_telemetry_5t,ds-139-5T/v003,naive_mean,naive,3718,2024-06-13,1.936409982196631,3.6406199797056615e-06,,,
boom_telemetry_5t,ds-139-5T/v003,naive_mean,naive,3850,2024-06-14,1.7693287546241945,3.6406199797056615e-06,,,
boom_telemetry_5t,ds-139-5T/v003,naive_mean,naive,3983,2024-06-14,1.6021969421276854,3.6406199797056615e-06,,,
boom_telemetry_5t,ds-139-5T/v003,seasonal_naive,naive,1992,2024-06-07,0.0,2.0260631572455168e-06,,,
boom_telemetry_5t,ds-139-5T/v003,seasonal_naive,naive,2125,2024-06-08,0.0,2.0260631572455168e-06,,,
boom_telemetry_5t,ds-139-5T/v003,seasonal_naive,naive,2257,2024-06-08,0.0,2.0260631572455168e-06,,,
boom_telemetry_5t,ds-139-5T/v003,seasonal_naive,naive,2390,2024-06-09,0.06486710739090094,2.0260631572455168e-06,,,
boom_telemetry_5t,ds-139-5T/v003,seasonal_naive,naive,2523,2024-06-09,0.6215326422089565,2.0260631572455168e-06,,,
boom_telemetry_5t,ds-139-5T/v003,seasonal_naive,naive,2656,2024-06-10,1.212836786944243,2.0260631572455168e-06,,,
boom_telemetry_5t,ds-139-5T/v003,seasonal_naive,naive,2788,2024-06-10,1.004045802014893,2.0260631572455168e-06,,,
boom_telemetry_5t,ds-139-5T/v003,seasonal_naive,naive,2921,2024-06-11,0.281259258661241,2.0260631572455168e-06,,,
boom_telemetry_5t,ds-139-5T/v003,seasonal_naive,naive,3054,2024-06-11,2.902786726303113,2.0260631572455168e-06,,,
boom_telemetry_5t,ds-139-5T/v003,seasonal_naive,naive,3187,2024-06-12,2.2911761714222436,2.0260631572455168e-06,,,
boom_telemetry_5t,ds-139-5T/v003,seasonal_naive,naive,3319,2024-06-12,1.3453536446874181,2.0260631572455168e-06,,,
boom_telemetry_5t,ds-139-5T/v003,seasonal_naive,naive,3452,2024-06-12,0.9970155720808073,2.0260631572455168e-06,,,
boom_telemetry_5t,ds-139-5T/v003,seasonal_naive,naive,3585,2024-06-13,0.7754864262947677,2.0260631572455168e-06,,,
boom_telemetry_5t,ds-139-5T/v003,seasonal_naive,naive,3718,2024-06-13,1.6555639363429833,2.0260631572455168e-06,,,
boom_telemetry_5t,ds-139-5T/v003,seasonal_naive,naive,3850,2024-06-14,1.436581677362041,2.0260631572455168e-06,,,
boom_telemetry_5t,ds-139-5T/v003,seasonal_naive,naive,3983,2024-06-14,0.5020838213389408,2.0260631572455168e-06,,,
boom_telemetry_5t,ds-139-5T/v003,seasonal_profile,naive,1992,2024-06-07,0.5871690093547447,2.4208311515394598e-05,,,
boom_telemetry_5t,ds-139-5T/v003,seasonal_profile,naive,2125,2024-06-08,0.6071309237125967,2.4208311515394598e-05,,,
boom_telemetry_5t,ds-139-5T/v003,seasonal_profile,naive,2257,2024-06-08,0.001197028982814756,2.4208311515394598e-05,,,
boom_telemetry_5t,ds-139-5T/v003,seasonal_profile,naive,2390,2024-06-09,0.06486710739090094,2.4208311515394598e-05,,,
boom_telemetry_5t,ds-139-5T/v003,seasonal_profile,naive,2523,2024-06-09,0.5793820687439128,2.4208311515394598e-05,,,
boom_telemetry_5t,ds-139-5T/v003,seasonal_profile,naive,2656,2024-06-10,1.212836786944243,2.4208311515394598e-05,,,
boom_telemetry_5t,ds-139-5T/v003,seasonal_profile,naive,2788,2024-06-10,1.419150255190031,2.4208311515394598e-05,,,
boom_telemetry_5t,ds-139-5T/v003,seasonal_profile,naive,2921,2024-06-11,1.933981286822686,2.4208311515394598e-05,,,
boom_telemetry_5t,ds-139-5T/v003,seasonal_profile,naive,3054,2024-06-11,1.591495367473425,2.4208311515394598e-05,,,
boom_telemetry_5t,ds-139-5T/v003,seasonal_profile,naive,3187,2024-06-12,0.978984997090957,2.4208311515394598e-05,,,
boom_telemetry_5t,ds-139-5T/v003,seasonal_profile,naive,3319,2024-06-12,0.5311210384152716,2.4208311515394598e-05,,,
boom_telemetry_5t,ds-139-5T/v003,seasonal_profile,naive,3452,2024-06-12,0.014725976895454308,2.4208311515394598e-05,,,
boom_telemetry_5t,ds-139-5T/v003,seasonal_profile,naive,3585,2024-06-13,0.7740490980462673,2.4208311515394598e-05,,,
boom_telemetry_5t,ds-139-5T/v003,seasonal_profile,naive,3718,2024-06-13,1.2596202281210276,2.4208311515394598e-05,,,
boom_telemetry_5t,ds-139-5T/v003,seasonal_profile,naive,3850,2024-06-14,1.126647162014556,2.4208311515394598e-05,,,
boom_telemetry_5t,ds-139-5T/v003,seasonal_profile,naive,3983,2024-06-14,1.015933212053465,2.4208311515394598e-05,,,
boom_telemetry_5t,ds-139-5T/v003,autoets,statistical,1992,2024-06-07,0.0,3.7332282786883297,,0.037185830884835,100.0
boom_telemetry_5t,ds-139-5T/v003,autoets,statistical,2125,2024-06-08,0.0,3.7332282786883297,,0.036675427221325205,100.0
boom_telemetry_5t,ds-139-5T/v003,autoets,statistical,2257,2024-06-08,0.0002913020661498051,3.7332282786883297,,0.02375296519221068,100.0
boom_telemetry_5t,ds-139-5T/v003,autoets,statistical,2390,2024-06-09,0.06486710739090094,3.7332282786883297,,0.028907195060969892,100.0
boom_telemetry_5t,ds-139-5T/v003,autoets,statistical,2523,2024-06-09,0.12805650309444344,3.7332282786883297,,0.0367228983401608,93.75
boom_telemetry_5t,ds-139-5T/v003,autoets,statistical,2656,2024-06-10,0.01961364989177661,3.7332282786883297,,0.02579039844216746,97.91666666666666
boom_telemetry_5t,ds-139-5T/v003,autoets,statistical,2788,2024-06-10,0.10841591824408202,3.7332282786883297,,0.03338232586798159,97.91666666666666
boom_telemetry_5t,ds-139-5T/v003,autoets,statistical,2921,2024-06-11,0.005805587301001245,3.7332282786883297,,0.027090014604834015,100.0
boom_telemetry_5t,ds-139-5T/v003,autoets,statistical,3054,2024-06-11,2.4377128802808894,3.7332282786883297,,0.6732022289445321,2.083333333333333
boom_telemetry_5t,ds-139-5T/v003,autoets,statistical,3187,2024-06-12,3.4282516896017837e-08,3.7332282786883297,,0.02846258450501428,100.0
boom_telemetry_5t,ds-139-5T/v003,autoets,statistical,3319,2024-06-12,0.1345454843207347,3.7332282786883297,,0.047181300364153286,93.75
boom_telemetry_5t,ds-139-5T/v003,autoets,statistical,3452,2024-06-12,1.0892879488917372e-11,3.7332282786883297,,0.030708514686130062,100.0
boom_telemetry_5t,ds-139-5T/v003,autoets,statistical,3585,2024-06-13,0.7898133443521783,3.7332282786883297,,0.10493392742244824,39.58333333333333
boom_telemetry_5t,ds-139-5T/v003,autoets,statistical,3718,2024-06-13,0.7647694247090777,3.7332282786883297,,0.07984978343009988,66.66666666666666
boom_telemetry_5t,ds-139-5T/v003,autoets,statistical,3850,2024-06-14,0.0,3.7332282786883297,,0.023897090317310604,100.0
boom_telemetry_5t,ds-139-5T/v003,autoets,statistical,3983,2024-06-14,0.1728697004029031,3.7332282786883297,,0.02812446316721679,100.0
boom_telemetry_5t,ds-139-5T/v003,autotheta,statistical,1992,2024-06-07,0.002095627623365564,0.11558044530829648,,0.03658350884329945,100.0
boom_telemetry_5t,ds-139-5T/v003,autotheta,statistical,2125,2024-06-08,0.006847188462424901,0.11558044530829648,,0.036102472067095236,100.0
boom_telemetry_5t,ds-139-5T/v003,autotheta,statistical,2257,2024-06-08,0.013346924102539822,0.11558044530829648,,0.03503095145178532,100.0
boom_telemetry_5t,ds-139-5T/v003,autotheta,statistical,2390,2024-06-09,0.08685802066717489,0.11558044530829648,,0.039331649452365135,100.0
boom_telemetry_5t,ds-139-5T/v003,autotheta,statistical,2523,2024-06-09,0.13643307762023146,0.11558044530829648,,0.03894383854480312,93.75
boom_telemetry_5t,ds-139-5T/v003,autotheta,statistical,2656,2024-06-10,0.023610859942867574,0.11558044530829648,,0.02111068570302957,97.91666666666666
boom_telemetry_5t,ds-139-5T/v003,autotheta,statistical,2788,2024-06-10,0.12706850152504032,0.11558044530829648,,0.028477371089971767,97.91666666666666
boom_telemetry_5t,ds-139-5T/v003,autotheta,statistical,2921,2024-06-11,0.022698959784072395,0.11558044530829648,,0.020858131564315038,100.0
boom_telemetry_5t,ds-139-5T/v003,autotheta,statistical,3054,2024-06-11,2.4586462901456017,0.11558044530829648,,0.6819703525285888,2.083333333333333
boom_telemetry_5t,ds-139-5T/v003,autotheta,statistical,3187,2024-06-12,0.013804837019253231,0.11558044530829648,,0.033350490310107034,100.0
boom_telemetry_5t,ds-139-5T/v003,autotheta,statistical,3319,2024-06-12,0.14361259839714363,0.11558044530829648,,0.0462587989103303,93.75
boom_telemetry_5t,ds-139-5T/v003,autotheta,statistical,3452,2024-06-12,0.007280152880934487,0.11558044530829648,,0.030221991446967883,100.0
boom_telemetry_5t,ds-139-5T/v003,autotheta,statistical,3585,2024-06-13,0.7874168731566324,0.11558044530829648,,0.10633800426931427,39.58333333333333
boom_telemetry_5t,ds-139-5T/v003,autotheta,statistical,3718,2024-06-13,0.7608975489356169,0.11558044530829648,,0.082090011262089,68.75
boom_telemetry_5t,ds-139-5T/v003,autotheta,statistical,3850,2024-06-14,0.005621553413570655,0.11558044530829648,,0.023575157593713435,100.0
boom_telemetry_5t,ds-139-5T/v003,autotheta,statistical,3983,2024-06-14,0.1785185152166292,0.11558044530829648,,0.027015469303159668,100.0
boom_telemetry_5t,ds-139-5T/v003,mstl,statistical,1992,2024-06-07,0.9357073562827476,1.4514858671900583,,0.44985743526593314,0.0
boom_telemetry_5t,ds-139-5T/v003,mstl,statistical,2125,2024-06-08,0.9843669370776007,1.4514858671900583,,0.47285782174285534,0.0
boom_telemetry_5t,ds-139-5T/v003,mstl,statistical,2257,2024-06-08,0.29729294620431135,1.4514858671900583,,0.14050281086353011,0.0
boom_telemetry_5t,ds-139-5T/v003,mstl,statistical,2390,2024-06-09,2.3941037839249515,1.4514858671900583,,1.0645642476040533,0.0
boom_telemetry_5t,ds-139-5T/v003,mstl,statistical,2523,2024-06-09,1.6905822352402429,1.4514858671900583,,0.5684074444101705,0.0
boom_telemetry_5t,ds-139-5T/v003,mstl,statistical,2656,2024-06-10,0.4891128536231667,1.4514858671900583,,0.1196667357206007,0.0
boom_telemetry_5t,ds-139-5T/v003,mstl,statistical,2788,2024-06-10,0.4500657323161278,1.4514858671900583,,0.0837684653795028,0.0
boom_telemetry_5t,ds-139-5T/v003,mstl,statistical,2921,2024-06-11,2.280108017303685,1.4514858671900583,,0.3938936091366209,0.0
boom_telemetry_5t,ds-139-5T/v003,mstl,statistical,3054,2024-06-11,1.2760659230186122,1.4514858671900583,,0.3914459657080428,0.0
boom_telemetry_5t,ds-139-5T/v003,mstl,statistical,3187,2024-06-12,0.08654633274690278,1.4514858671900583,,0.018952067864758067,0.0
boom_telemetry_5t,ds-139-5T/v003,mstl,statistical,3319,2024-06-12,1.4827599072366793,1.4514858671900583,,0.25368734430960044,0.0
boom_telemetry_5t,ds-139-5T/v003,mstl,statistical,3452,2024-06-12,0.6966360976092545,1.4514858671900583,,0.1275884801325625,0.0
boom_telemetry_5t,ds-139-5T/v003,mstl,statistical,3585,2024-06-13,1.5944760986005235,1.4514858671900583,,0.26646413862039203,0.0
boom_telemetry_5t,ds-139-5T/v003,mstl,statistical,3718,2024-06-13,2.2893454896148344,1.4514858671900583,,0.3358211053502072,0.0
boom_telemetry_5t,ds-139-5T/v003,mstl,statistical,3850,2024-06-14,2.316529401451643,1.4514858671900583,,0.37812830667543024,0.0
boom_telemetry_5t,ds-139-5T/v003,mstl,statistical,3983,2024-06-14,1.21957702885886,1.4514858671900583,,0.21331606282283677,0.0
boom_telemetry_5t,ds-139-5T/v003,gbdt_calendar,ml,1992,2024-06-07,0.029033692923585996,1.1358531796868192,,,
boom_telemetry_5t,ds-139-5T/v003,gbdt_calendar,ml,2125,2024-06-08,0.002369436019226218,1.1358531796868192,,,
boom_telemetry_5t,ds-139-5T/v003,gbdt_calendar,ml,2257,2024-06-08,0.001714902523243869,1.1358531796868192,,,
boom_telemetry_5t,ds-139-5T/v003,gbdt_calendar,ml,2390,2024-06-09,0.06495325920262296,1.1358531796868192,,,
boom_telemetry_5t,ds-139-5T/v003,gbdt_calendar,ml,2523,2024-06-09,0.6561884437135138,1.1358531796868192,,,
boom_telemetry_5t,ds-139-5T/v003,gbdt_calendar,ml,2656,2024-06-10,0.04059669858463856,1.1358531796868192,,,
boom_telemetry_5t,ds-139-5T/v003,gbdt_calendar,ml,2788,2024-06-10,0.3384079282838438,1.1358531796868192,,,
boom_telemetry_5t,ds-139-5T/v003,gbdt_calendar,ml,2921,2024-06-11,0.032348622843068796,1.1358531796868192,,,
boom_telemetry_5t,ds-139-5T/v003,gbdt_calendar,ml,3054,2024-06-11,3.8612870761317044,1.1358531796868192,,,
boom_telemetry_5t,ds-139-5T/v003,gbdt_calendar,ml,3187,2024-06-12,0.0724237865520492,1.1358531796868192,,,
boom_telemetry_5t,ds-139-5T/v003,gbdt_calendar,ml,3319,2024-06-12,1.4782795321972897,1.1358531796868192,,,
boom_telemetry_5t,ds-139-5T/v003,gbdt_calendar,ml,3452,2024-06-12,0.960551155739959,1.1358531796868192,,,
boom_telemetry_5t,ds-139-5T/v003,gbdt_calendar,ml,3585,2024-06-13,0.8535325029185623,1.1358531796868192,,,
boom_telemetry_5t,ds-139-5T/v003,gbdt_calendar,ml,3718,2024-06-13,1.6719859594602882,1.1358531796868192,,,
boom_telemetry_5t,ds-139-5T/v003,gbdt_calendar,ml,3850,2024-06-14,1.2896044558507656,1.1358531796868192,,,
boom_telemetry_5t,ds-139-5T/v003,gbdt_calendar,ml,3983,2024-06-14,0.1710131169565908,1.1358531796868192,,,
boom_telemetry_5t,ds-139-5T/v003,timesfm_2p5_ctx2048,timesfm,1992,2024-06-07,0.007859740274455332,0.20282124743971508,,0.005546411106866451,100.0
boom_telemetry_5t,ds-139-5T/v003,timesfm_2p5_ctx2048,timesfm,2125,2024-06-08,0.0015809321489510077,0.20282124743971508,,0.0036573766822180025,100.0
boom_telemetry_5t,ds-139-5T/v003,timesfm_2p5_ctx2048,timesfm,2257,2024-06-08,0.05728669344016517,0.20282124743971508,,0.04021253779752264,100.0
boom_telemetry_5t,ds-139-5T/v003,timesfm_2p5_ctx2048,timesfm,2390,2024-06-09,0.06507756882432757,0.20282124743971508,,0.02626988116119486,58.333333333333336
boom_telemetry_5t,ds-139-5T/v003,timesfm_2p5_ctx2048,timesfm,2523,2024-06-09,0.20607543732316982,0.20282124743971508,,0.05176333027192101,93.75
boom_telemetry_5t,ds-139-5T/v003,timesfm_2p5_ctx2048,timesfm,2656,2024-06-10,0.023768696312445874,0.20282124743971508,,0.009246831669681332,97.91666666666666
boom_telemetry_5t,ds-139-5T/v003,timesfm_2p5_ctx2048,timesfm,2788,2024-06-10,0.2575279497970649,0.20282124743971508,,0.04404041859184608,97.91666666666666
boom_telemetry_5t,ds-139-5T/v003,timesfm_2p5_ctx2048,timesfm,2921,2024-06-11,0.009848647743886938,0.20282124743971508,,0.003721580135014538,97.91666666666666
boom_telemetry_5t,ds-139-5T/v003,timesfm_2p5_ctx2048,timesfm,3054,2024-06-11,2.485802858087461,0.20282124743971508,,0.7466709650940022,2.083333333333333
boom_telemetry_5t,ds-139-5T/v003,timesfm_2p5_ctx2048,timesfm,3187,2024-06-12,0.019622106218391493,0.20282124743971508,,0.005161089071852675,100.0
boom_telemetry_5t,ds-139-5T/v003,timesfm_2p5_ctx2048,timesfm,3319,2024-06-12,0.14575967917956711,0.20282124743971508,,0.02935923157773798,85.41666666666666
boom_telemetry_5t,ds-139-5T/v003,timesfm_2p5_ctx2048,timesfm,3452,2024-06-12,0.009031319518480099,0.20282124743971508,,0.006894226567942265,100.0
boom_telemetry_5t,ds-139-5T/v003,timesfm_2p5_ctx2048,timesfm,3585,2024-06-13,0.7921404532798173,0.20282124743971508,,0.12792295400449785,35.41666666666667
boom_telemetry_5t,ds-139-5T/v003,timesfm_2p5_ctx2048,timesfm,3718,2024-06-13,0.7611234984193679,0.20282124743971508,,0.11104062551360906,12.5
boom_telemetry_5t,ds-139-5T/v003,timesfm_2p5_ctx2048,timesfm,3850,2024-06-14,0.04924339432985577,0.20282124743971508,,0.012249778372475702,95.83333333333334
boom_telemetry_5t,ds-139-5T/v003,timesfm_2p5_ctx2048,timesfm,3983,2024-06-14,0.12098573037404797,0.20282124743971508,,0.014910948023907316,91.66666666666666
boom_telemetry_5t,ds-139-5T/v003,chronos_2_ctx2048,chronos,1992,2024-06-07,0.01187428523201572,0.020966242183931172,,0.003928183167751114,100.0
boom_telemetry_5t,ds-139-5T/v003,chronos_2_ctx2048,chronos,2125,2024-06-08,0.0014014449413168057,0.020966242183931172,,0.0013501239829321213,100.0
boom_telemetry_5t,ds-139-5T/v003,chronos_2_ctx2048,chronos,2257,2024-06-08,0.0023565806249224628,0.020966242183931172,,0.0012952184875082496,100.0
boom_telemetry_5t,ds-139-5T/v003,chronos_2_ctx2048,chronos,2390,2024-06-09,0.0685960599432661,0.020966242183931172,,0.029728752858291435,58.333333333333336
boom_telemetry_5t,ds-139-5T/v003,chronos_2_ctx2048,chronos,2523,2024-06-09,0.37400528981227965,0.020966242183931172,,0.11313400272979024,35.41666666666667
boom_telemetry_5t,ds-139-5T/v003,chronos_2_ctx2048,chronos,2656,2024-06-10,0.022493041841383336,0.020966242183931172,,0.006680062657878578,95.83333333333334
boom_telemetry_5t,ds-139-5T/v003,chronos_2_ctx2048,chronos,2788,2024-06-10,0.3066929278096727,0.020966242183931172,,0.04957973385615727,83.33333333333334
boom_telemetry_5t,ds-139-5T/v003,chronos_2_ctx2048,chronos,2921,2024-06-11,0.016908441683078416,0.020966242183931172,,0.002511011509052422,95.83333333333334
boom_telemetry_5t,ds-139-5T/v003,chronos_2_ctx2048,chronos,3054,2024-06-11,2.746068408684805,0.020966242183931172,,0.8082369085606405,2.083333333333333
boom_telemetry_5t,ds-139-5T/v003,chronos_2_ctx2048,chronos,3187,2024-06-12,0.059008117017876456,0.020966242183931172,,0.012973038380479147,100.0
boom_telemetry_5t,ds-139-5T/v003,chronos_2_ctx2048,chronos,3319,2024-06-12,0.14193536380484556,0.020966242183931172,,0.03705219371598354,91.66666666666666
boom_telemetry_5t,ds-139-5T/v003,chronos_2_ctx2048,chronos,3452,2024-06-12,0.010079785025174938,0.020966242183931172,,0.005797085473028708,100.0
boom_telemetry_5t,ds-139-5T/v003,chronos_2_ctx2048,chronos,3585,2024-06-13,0.7843854356614487,0.020966242183931172,,0.12232119202520648,35.41666666666667
boom_telemetry_5t,ds-139-5T/v003,chronos_2_ctx2048,chronos,3718,2024-06-13,0.7984498460054805,0.020966242183931172,,0.10841850547608199,12.5
boom_telemetry_5t,ds-139-5T/v003,chronos_2_ctx2048,chronos,3850,2024-06-14,0.016673804424626626,0.020966242183931172,,0.003736262795122384,100.0
boom_telemetry_5t,ds-139-5T/v003,chronos_2_ctx2048,chronos,3983,2024-06-14,0.06398426334972242,0.020966242183931172,,0.011427586792989327,97.91666666666666
boom_telemetry_5t,ds-139-5T/v003,chronos_bolt_small,chronos,1992,2024-06-07,0.010278636752530528,0.006092919247748796,,0.005927212672791771,100.0
boom_telemetry_5t,ds-139-5T/v003,chronos_bolt_small,chronos,2125,2024-06-08,0.004975657081071122,0.006092919247748796,,0.0036090735129279015,100.0
boom_telemetry_5t,ds-139-5T/v003,chronos_bolt_small,chronos,2257,2024-06-08,0.027856261961532593,0.006092919247748796,,0.01055851527130678,100.0
boom_telemetry_5t,ds-139-5T/v003,chronos_bolt_small,chronos,2390,2024-06-09,0.08351362533698407,0.006092919247748796,,0.034054308306014594,45.83333333333333
boom_telemetry_5t,ds-139-5T/v003,chronos_bolt_small,chronos,2523,2024-06-09,0.13032825536432957,0.006092919247748796,,0.03312601189598464,89.58333333333334
boom_telemetry_5t,ds-139-5T/v003,chronos_bolt_small,chronos,2656,2024-06-10,0.12348284309305801,0.006092919247748796,,0.022741776447781987,66.66666666666666
boom_telemetry_5t,ds-139-5T/v003,chronos_bolt_small,chronos,2788,2024-06-10,0.47979100254673845,0.006092919247748796,,0.062346502610611414,97.91666666666666
boom_telemetry_5t,ds-139-5T/v003,chronos_bolt_small,chronos,2921,2024-06-11,0.08237578111098812,0.006092919247748796,,0.010291093204983478,83.33333333333334
boom_telemetry_5t,ds-139-5T/v003,chronos_bolt_small,chronos,3054,2024-06-11,2.4000763061956882,0.006092919247748796,,0.7031604881210488,2.083333333333333
boom_telemetry_5t,ds-139-5T/v003,chronos_bolt_small,chronos,3187,2024-06-12,0.08558906498945644,0.006092919247748796,,0.015533648087624974,100.0
boom_telemetry_5t,ds-139-5T/v003,chronos_bolt_small,chronos,3319,2024-06-12,0.2863770182280477,0.006092919247748796,,0.04007354359966426,93.75
boom_telemetry_5t,ds-139-5T/v003,chronos_bolt_small,chronos,3452,2024-06-12,0.0714175204011596,0.006092919247748796,,0.011264811656904013,100.0
boom_telemetry_5t,ds-139-5T/v003,chronos_bolt_small,chronos,3585,2024-06-13,0.7757249731077351,0.006092919247748796,,0.12499332788129067,35.41666666666667
boom_telemetry_5t,ds-139-5T/v003,chronos_bolt_small,chronos,3718,2024-06-13,0.7755554024731696,0.006092919247748796,,0.10566866383071796,12.5
boom_telemetry_5t,ds-139-5T/v003,chronos_bolt_small,chronos,3850,2024-06-14,0.011639534013954693,0.006092919247748796,,0.005486144246320687,100.0
boom_telemetry_5t,ds-139-5T/v003,chronos_bolt_small,chronos,3983,2024-06-14,0.13806855026640033,0.006092919247748796,,0.016542929952693942,95.83333333333334
boom_telemetry_5t,ds-139-5T/v006,naive_last,naive,1992,2024-06-07,0.14801272098260163,1.6770572983659804e-06,,,
boom_telemetry_5t,ds-139-5T/v006,naive_last,naive,2125,2024-06-08,0.0,1.6770572983659804e-06,,,
boom_telemetry_5t,ds-139-5T/v006,naive_last,naive,2257,2024-06-08,0.0,1.6770572983659804e-06,,,
boom_telemetry_5t,ds-139-5T/v006,naive_last,naive,2390,2024-06-09,0.0,1.6770572983659804e-06,,,
boom_telemetry_5t,ds-139-5T/v006,naive_last,naive,2523,2024-06-09,0.34436220665977674,1.6770572983659804e-06,,,
boom_telemetry_5t,ds-139-5T/v006,naive_last,naive,2656,2024-06-10,0.0,1.6770572983659804e-06,,,
boom_telemetry_5t,ds-139-5T/v006,naive_last,naive,2788,2024-06-10,0.571231868372374,1.6770572983659804e-06,,,
boom_telemetry_5t,ds-139-5T/v006,naive_last,naive,2921,2024-06-11,0.15988566591677414,1.6770572983659804e-06,,,
boom_telemetry_5t,ds-139-5T/v006,naive_last,naive,3054,2024-06-11,1.7355212999179577,1.6770572983659804e-06,,,
boom_telemetry_5t,ds-139-5T/v006,naive_last,naive,3187,2024-06-12,0.16518834102279342,1.6770572983659804e-06,,,
boom_telemetry_5t,ds-139-5T/v006,naive_last,naive,3319,2024-06-12,1.0098978457853078,1.6770572983659804e-06,,,
boom_telemetry_5t,ds-139-5T/v006,naive_last,naive,3452,2024-06-12,0.9356886886245619,1.6770572983659804e-06,,,
boom_telemetry_5t,ds-139-5T/v006,naive_last,naive,3585,2024-06-13,0.410564174618083,1.6770572983659804e-06,,,
boom_telemetry_5t,ds-139-5T/v006,naive_last,naive,3718,2024-06-13,0.26675671755258484,1.6770572983659804e-06,,,
boom_telemetry_5t,ds-139-5T/v006,naive_last,naive,3850,2024-06-14,0.0,1.6770572983659804e-06,,,
boom_telemetry_5t,ds-139-5T/v006,naive_last,naive,3983,2024-06-14,0.0,1.6770572983659804e-06,,,
boom_telemetry_5t,ds-139-5T/v006,naive_mean,naive,1992,2024-06-07,2.3064295257637024,3.6171841202303767e-06,,,
boom_telemetry_5t,ds-139-5T/v006,naive_mean,naive,2125,2024-06-08,2.315190035682255,3.6171841202303767e-06,,,
boom_telemetry_5t,ds-139-5T/v006,naive_mean,naive,2257,2024-06-08,1.896370275130498,3.6171841202303767e-06,,,
boom_telemetry_5t,ds-139-5T/v006,naive_mean,naive,2390,2024-06-09,1.9219878876408574,3.6171841202303767e-06,,,
boom_telemetry_5t,ds-139-5T/v006,naive_mean,naive,2523,2024-06-09,1.0648953347629322,3.6171841202303767e-06,,,
boom_telemetry_5t,ds-139-5T/v006,naive_mean,naive,2656,2024-06-10,1.096484674650585,3.6171841202303767e-06,,,
boom_telemetry_5t,ds-139-5T/v006,naive_mean,naive,2788,2024-06-10,0.5244198787077855,3.6171841202303767e-06,,,
boom_telemetry_5t,ds-139-5T/v006,naive_mean,naive,2921,2024-06-11,0.6023519186882071,3.6171841202303767e-06,,,
boom_telemetry_5t,ds-139-5T/v006,naive_mean,naive,3054,2024-06-11,2.0764798678788194,3.6171841202303767e-06,,,
boom_telemetry_5t,ds-139-5T/v006,naive_mean,naive,3187,2024-06-12,1.9041182743892406,3.6171841202303767e-06,,,
boom_telemetry_5t,ds-139-5T/v006,naive_mean,naive,3319,2024-06-12,2.767690057627716,3.6171841202303767e-06,,,
boom_telemetry_5t,ds-139-5T/v006,naive_mean,naive,3452,2024-06-12,1.846025807862848,3.6171841202303767e-06,,,
boom_telemetry_5t,ds-139-5T/v006,naive_mean,naive,3585,2024-06-13,1.3612925556639952,3.6171841202303767e-06,,,
boom_telemetry_5t,ds-139-5T/v006,naive_mean,naive,3718,2024-06-13,0.6526288655402469,3.6171841202303767e-06,,,
boom_telemetry_5t,ds-139-5T/v006,naive_mean,naive,3850,2024-06-14,0.3740254668718398,3.6171841202303767e-06,,,
boom_telemetry_5t,ds-139-5T/v006,naive_mean,naive,3983,2024-06-14,1.0658649209245155,3.6171841202303767e-06,,,
boom_telemetry_5t,ds-139-5T/v006,seasonal_naive,naive,1992,2024-06-07,1.046098849599111,2.265624061692506e-06,,,
boom_telemetry_5t,ds-139-5T/v006,seasonal_naive,naive,2125,2024-06-08,0.14393793361256263,2.265624061692506e-06,,,
boom_telemetry_5t,ds-139-5T/v006,seasonal_naive,naive,2257,2024-06-08,0.14885907134464663,2.265624061692506e-06,,,
boom_telemetry_5t,ds-139-5T/v006,seasonal_naive,naive,2390,2024-06-09,0.3477816770599704,2.265624061692506e-06,,,
boom_telemetry_5t,ds-139-5T/v006,seasonal_naive,naive,2523,2024-06-09,0.9630260163638374,2.265624061692506e-06,,,
boom_telemetry_5t,ds-139-5T/v006,seasonal_naive,naive,2656,2024-06-10,0.7654649889252516,2.265624061692506e-06,,,
boom_telemetry_5t,ds-139-5T/v006,seasonal_naive,naive,2788,2024-06-10,1.445971409149876,2.265624061692506e-06,,,
boom_telemetry_5t,ds-139-5T/v006,seasonal_naive,naive,2921,2024-06-11,1.6783207925275756,2.265624061692506e-06,,,
boom_telemetry_5t,ds-139-5T/v006,seasonal_naive,naive,3054,2024-06-11,1.9436402017912033,2.265624061692506e-06,,,
boom_telemetry_5t,ds-139-5T/v006,seasonal_naive,naive,3187,2024-06-12,1.3997346870367544,2.265624061692506e-06,,,
boom_telemetry_5t,ds-139-5T/v006,seasonal_naive,naive,3319,2024-06-12,1.1521650589236332,2.265624061692506e-06,,,
boom_telemetry_5t,ds-139-5T/v006,seasonal_naive,naive,3452,2024-06-12,0.49890631533074115,2.265624061692506e-06,,,
boom_telemetry_5t,ds-139-5T/v006,seasonal_naive,naive,3585,2024-06-13,1.0656973624386266,2.265624061692506e-06,,,
boom_telemetry_5t,ds-139-5T/v006,seasonal_naive,naive,3718,2024-06-13,1.5433035468116654,2.265624061692506e-06,,,
boom_telemetry_5t,ds-139-5T/v006,seasonal_naive,naive,3850,2024-06-14,0.9846893114782982,2.265624061692506e-06,,,
boom_telemetry_5t,ds-139-5T/v006,seasonal_naive,naive,3983,2024-06-14,0.40924257688404225,2.265624061692506e-06,,,
boom_telemetry_5t,ds-139-5T/v006,seasonal_profile,naive,1992,2024-06-07,2.125269342242523,2.553387457737699e-05,,,
boom_telemetry_5t,ds-139-5T/v006,seasonal_profile,naive,2125,2024-06-08,1.0526777900908986,2.553387457737699e-05,,,
boom_telemetry_5t,ds-139-5T/v006,seasonal_profile,naive,2257,2024-06-08,1.0499774251729523,2.553387457737699e-05,,,
boom_telemetry_5t,ds-139-5T/v006,seasonal_profile,naive,2390,2024-06-09,0.3751774144734838,2.553387457737699e-05,,,
boom_telemetry_5t,ds-139-5T/v006,seasonal_profile,naive,2523,2024-06-09,0.5732411457496854,2.553387457737699e-05,,,
boom_telemetry_5t,ds-139-5T/v006,seasonal_profile,naive,2656,2024-06-10,1.074740752028774,2.553387457737699e-05,,,
boom_telemetry_5t,ds-139-5T/v006,seasonal_profile,naive,2788,2024-06-10,1.8259860982853746,2.553387457737699e-05,,,
boom_telemetry_5t,ds-139-5T/v006,seasonal_profile,naive,2921,2024-06-11,2.46941974909662,2.553387457737699e-05,,,
boom_telemetry_5t,ds-139-5T/v006,seasonal_profile,naive,3054,2024-06-11,3.1254271240726847,2.553387457737699e-05,,,
boom_telemetry_5t,ds-139-5T/v006,seasonal_profile,naive,3187,2024-06-12,3.3719888775963405,2.553387457737699e-05,,,
boom_telemetry_5t,ds-139-5T/v006,seasonal_profile,naive,3319,2024-06-12,3.5446853129224074,2.553387457737699e-05,,,
boom_telemetry_5t,ds-139-5T/v006,seasonal_profile,naive,3452,2024-06-12,2.0236023105621945,2.553387457737699e-05,,,
boom_telemetry_5t,ds-139-5T/v006,seasonal_profile,naive,3585,2024-06-13,1.571474466788467,2.553387457737699e-05,,,
boom_telemetry_5t,ds-139-5T/v006,seasonal_profile,naive,3718,2024-06-13,1.0878117514918444,2.553387457737699e-05,,,
boom_telemetry_5t,ds-139-5T/v006,seasonal_profile,naive,3850,2024-06-14,0.4339560432997325,2.553387457737699e-05,,,
boom_telemetry_5t,ds-139-5T/v006,seasonal_profile,naive,3983,2024-06-14,0.5214472804038311,2.553387457737699e-05,,,
boom_telemetry_5t,ds-139-5T/v006,autoets,statistical,1992,2024-06-07,0.14801272098260163,1.1002941666301922,,0.09580111979151756,100.0
boom_telemetry_5t,ds-139-5T/v006,autoets,statistical,2125,2024-06-08,0.0,1.1002941666301922,,0.08390286474953186,100.0
boom_telemetry_5t,ds-139-5T/v006,autoets,statistical,2257,2024-06-08,9.03579814889562e-09,1.1002941666301922,,0.08924154292503199,100.0
boom_telemetry_5t,ds-139-5T/v006,autoets,statistical,2390,2024-06-09,0.0,1.1002941666301922,,0.07740818009525596,100.0
boom_telemetry_5t,ds-139-5T/v006,autoets,statistical,2523,2024-06-09,0.3443577004109154,1.1002941666301922,,0.1174480457002541,100.0
boom_telemetry_5t,ds-139-5T/v006,autoets,statistical,2656,2024-06-10,0.0,1.1002941666301922,,0.08934511521854878,100.0
boom_telemetry_5t,ds-139-5T/v006,autoets,statistical,2788,2024-06-10,0.5712028822197901,1.1002941666301922,,0.19553373098845805,97.91666666666666
boom_telemetry_5t,ds-139-5T/v006,autoets,statistical,2921,2024-06-11,0.15988566591677414,1.1002941666301922,,0.15866677519327332,100.0
boom_telemetry_5t,ds-139-5T/v006,autoets,statistical,3054,2024-06-11,1.7355212998350344,1.1002941666301922,,1.6143616468496316,54.166666666666664
boom_telemetry_5t,ds-139-5T/v006,autoets,statistical,3187,2024-06-12,0.16521322870593091,1.1002941666301922,,0.4696152799231512,97.91666666666666
boom_telemetry_5t,ds-139-5T/v006,autoets,statistical,3319,2024-06-12,1.0098978457852856,1.1002941666301922,,1.1567158499499897,91.66666666666666
boom_telemetry_5t,ds-139-5T/v006,autoets,statistical,3452,2024-06-12,0.9295485091719329,1.1002941666301922,,0.5806962365488268,91.66666666666666
boom_telemetry_5t,ds-139-5T/v006,autoets,statistical,3585,2024-06-13,0.41056417461775324,1.1002941666301922,,0.3029446868132308,100.0
boom_telemetry_5t,ds-139-5T/v006,autoets,statistical,3718,2024-06-13,0.2667567175525846,1.1002941666301922,,0.20222578316367057,100.0
boom_telemetry_5t,ds-139-5T/v006,autoets,statistical,3850,2024-06-14,0.0,1.1002941666301922,,0.17090886941475392,100.0
boom_telemetry_5t,ds-139-5T/v006,autoets,statistical,3983,2024-06-14,3.0093971137741194e-08,1.1002941666301922,,0.25295894628772475,100.0
boom_telemetry_5t,ds-139-5T/v006,autotheta,statistical,1992,2024-06-07,0.15299260126629452,0.10399470575066516,,0.09327597064547814,100.0
boom_telemetry_5t,ds-139-5T/v006,autotheta,statistical,2125,2024-06-08,0.03489416747982571,0.10399470575066516,,0.0827119933583226,100.0
boom_telemetry_5t,ds-139-5T/v006,autotheta,statistical,2257,2024-06-08,0.043673305749885476,0.10399470575066516,,0.08761485735814376,100.0
boom_telemetry_5t,ds-139-5T/v006,autotheta,statistical,2390,2024-06-09,0.02930182668786037,0.10399470575066516,,0.07617964099508405,100.0
boom_telemetry_5t,ds-139-5T/v006,autotheta,statistical,2523,2024-06-09,0.34211213389852557,0.10399470575066516,,0.11457129898912403,100.0
boom_telemetry_5t,ds-139-5T/v006,autotheta,statistical,2656,2024-06-10,0.013344216398159959,0.10399470575066516,,0.08758758593245097,100.0
boom_telemetry_5t,ds-139-5T/v006,autotheta,statistical,2788,2024-06-10,0.5688553726556432,0.10399470575066516,,0.19411379132601353,97.91666666666666
boom_telemetry_5t,ds-139-5T/v006,autotheta,statistical,2921,2024-06-11,0.1798793842375736,0.10399470575066516,,0.15448564766539125,100.0
boom_telemetry_5t,ds-139-5T/v006,autotheta,statistical,3054,2024-06-11,1.7282826587219575,0.10399470575066516,,1.6597949245005286,56.25
boom_telemetry_5t,ds-139-5T/v006,autotheta,statistical,3187,2024-06-12,0.21203974905779055,0.10399470575066516,,0.4640995294538263,97.91666666666666
boom_telemetry_5t,ds-139-5T/v006,autotheta,statistical,3319,2024-06-12,0.9636045114380056,0.10399470575066516,,1.1607888848224492,89.58333333333334
boom_telemetry_5t,ds-139-5T/v006,autotheta,statistical,3452,2024-06-12,0.9797252489655321,0.10399470575066516,,0.5810255310034924,95.83333333333334
boom_telemetry_5t,ds-139-5T/v006,autotheta,statistical,3585,2024-06-13,0.4194572015550939,0.10399470575066516,,0.312722552343718,100.0
boom_telemetry_5t,ds-139-5T/v006,autotheta,statistical,3718,2024-06-13,0.3074901677866508,0.10399470575066516,,0.20380961781219054,100.0
boom_telemetry_5t,ds-139-5T/v006,autotheta,statistical,3850,2024-06-14,0.029218772271763095,0.10399470575066516,,0.16817474772294208,100.0
boom_telemetry_5t,ds-139-5T/v006,autotheta,statistical,3983,2024-06-14,0.017855231698454484,0.10399470575066516,,0.24161793202816814,100.0
boom_telemetry_5t,ds-139-5T/v006,mstl,statistical,1992,2024-06-07,3.3173930359279966,1.2353892890605493,,0.7211760136759239,0.0
boom_telemetry_5t,ds-139-5T/v006,mstl,statistical,2125,2024-06-08,2.4321721269093373,1.2353892890605493,,0.5159525929552347,0.0
boom_telemetry_5t,ds-139-5T/v006,mstl,statistical,2257,2024-06-08,4.508341430216436,1.2353892890605493,,1.009335071089923,0.0
boom_telemetry_5t,ds-139-5T/v006,mstl,statistical,2390,2024-06-09,1.893516046488762,1.2353892890605493,,0.39499691677688964,0.0
boom_telemetry_5t,ds-139-5T/v006,mstl,statistical,2523,2024-06-09,2.8649461776482568,1.2353892890605493,,0.6911776520357077,0.0
boom_telemetry_5t,ds-139-5T/v006,mstl,statistical,2656,2024-06-10,1.6833528943404328,1.2353892890605493,,0.4003171129121796,0.0
boom_telemetry_5t,ds-139-5T/v006,mstl,statistical,2788,2024-06-10,0.9130495400590013,1.2353892890605493,,0.31725039003902267,0.0
boom_telemetry_5t,ds-139-5T/v006,mstl,statistical,2921,2024-06-11,2.2467356739989808,1.2353892890605493,,0.9516348481902015,0.0
boom_telemetry_5t,ds-139-5T/v006,mstl,statistical,3054,2024-06-11,3.7382631258570496,1.2353892890605493,,4.637282952722231,0.0
boom_telemetry_5t,ds-139-5T/v006,mstl,statistical,3187,2024-06-12,3.5784626133091484,1.2353892890605493,,4.511536368094376,0.0
boom_telemetry_5t,ds-139-5T/v006,mstl,statistical,3319,2024-06-12,4.772468964164028,1.2353892890605493,,7.335036938245613,0.0
boom_telemetry_5t,ds-139-5T/v006,mstl,statistical,3452,2024-06-12,4.53309126363931,1.2353892890605493,,3.962606734678239,0.0
boom_telemetry_5t,ds-139-5T/v006,mstl,statistical,3585,2024-06-13,3.974987451670026,1.2353892890605493,,2.6157611308927535,0.0
boom_telemetry_5t,ds-139-5T/v006,mstl,statistical,3718,2024-06-13,2.5832402278213893,1.2353892890605493,,1.1955208773035328,0.0
boom_telemetry_5t,ds-139-5T/v006,mstl,statistical,3850,2024-06-14,2.730441785438977,1.2353892890605493,,1.2001143271571642,0.0
boom_telemetry_5t,ds-139-5T/v006,mstl,statistical,3983,2024-06-14,2.29289778230669,1.2353892890605493,,1.5692447967665084,0.0
boom_telemetry_5t,ds-139-5T/v006,gbdt_calendar,ml,1992,2024-06-07,0.8672785003653334,1.0749692994359066,,,
boom_telemetry_5t,ds-139-5T/v006,gbdt_calendar,ml,2125,2024-06-08,0.3545307671174899,1.0749692994359066,,,
boom_telemetry_5t,ds-139-5T/v006,gbdt_calendar,ml,2257,2024-06-08,0.11412713821023122,1.0749692994359066,,,
boom_telemetry_5t,ds-139-5T/v006,gbdt_calendar,ml,2390,2024-06-09,0.06907903789681549,1.0749692994359066,,,
boom_telemetry_5t,ds-139-5T/v006,gbdt_calendar,ml,2523,2024-06-09,0.9563514682236708,1.0749692994359066,,,
boom_telemetry_5t,ds-139-5T/v006,gbdt_calendar,ml,2656,2024-06-10,0.2891034530478847,1.0749692994359066,,,
boom_telemetry_5t,ds-139-5T/v006,gbdt_calendar,ml,2788,2024-06-10,1.1668589292095952,1.0749692994359066,,,
boom_telemetry_5t,ds-139-5T/v006,gbdt_calendar,ml,2921,2024-06-11,0.35686960268752044,1.0749692994359066,,,
boom_telemetry_5t,ds-139-5T/v006,gbdt_calendar,ml,3054,2024-06-11,1.1644995449574571,1.0749692994359066,,,
boom_telemetry_5t,ds-139-5T/v006,gbdt_calendar,ml,3187,2024-06-12,0.6281843419085397,1.0749692994359066,,,
boom_telemetry_5t,ds-139-5T/v006,gbdt_calendar,ml,3319,2024-06-12,1.4553160715875169,1.0749692994359066,,,
boom_telemetry_5t,ds-139-5T/v006,gbdt_calendar,ml,3452,2024-06-12,3.442054787615767,1.0749692994359066,,,
boom_telemetry_5t,ds-139-5T/v006,gbdt_calendar,ml,3585,2024-06-13,0.8148992695366062,1.0749692994359066,,,
boom_telemetry_5t,ds-139-5T/v006,gbdt_calendar,ml,3718,2024-06-13,1.7958728833244795,1.0749692994359066,,,
boom_telemetry_5t,ds-139-5T/v006,gbdt_calendar,ml,3850,2024-06-14,0.37289166108667643,1.0749692994359066,,,
boom_telemetry_5t,ds-139-5T/v006,gbdt_calendar,ml,3983,2024-06-14,0.727218527114004,1.0749692994359066,,,
boom_telemetry_5t,ds-139-5T/v006,timesfm_2p5_ctx2048,timesfm,1992,2024-06-07,0.1337744958727408,0.20467098175140563,,0.031925864964106467,97.91666666666666
boom_telemetry_5t,ds-139-5T/v006,timesfm_2p5_ctx2048,timesfm,2125,2024-06-08,0.062229747143347544,0.20467098175140563,,0.011166608142282939,100.0
boom_telemetry_5t,ds-139-5T/v006,timesfm_2p5_ctx2048,timesfm,2257,2024-06-08,0.021636755896810467,0.20467098175140563,,0.008814690831165053,100.0
boom_telemetry_5t,ds-139-5T/v006,timesfm_2p5_ctx2048,timesfm,2390,2024-06-09,0.010960254615832778,0.20467098175140563,,0.003068558559287404,100.0
boom_telemetry_5t,ds-139-5T/v006,timesfm_2p5_ctx2048,timesfm,2523,2024-06-09,0.45647305105802766,0.20467098175140563,,0.08367405143451093,91.66666666666666
boom_telemetry_5t,ds-139-5T/v006,timesfm_2p5_ctx2048,timesfm,2656,2024-06-10,0.00891576201439777,0.20467098175140563,,0.005669911343453589,100.0
boom_telemetry_5t,ds-139-5T/v006,timesfm_2p5_ctx2048,timesfm,2788,2024-06-10,0.5569238543732249,0.20467098175140563,,0.16043326961355722,91.66666666666666
boom_telemetry_5t,ds-139-5T/v006,timesfm_2p5_ctx2048,timesfm,2921,2024-06-11,0.16409547485141623,0.20467098175140563,,0.06817887007848648,100.0
boom_telemetry_5t,ds-139-5T/v006,timesfm_2p5_ctx2048,timesfm,3054,2024-06-11,1.2308292408706483,0.20467098175140563,,1.1286872214424912,56.25
boom_telemetry_5t,ds-139-5T/v006,timesfm_2p5_ctx2048,timesfm,3187,2024-06-12,0.1713854672114694,0.20467098175140563,,0.22724883069320112,95.83333333333334
boom_telemetry_5t,ds-139-5T/v006,timesfm_2p5_ctx2048,timesfm,3319,2024-06-12,0.4795635061916463,0.20467098175140563,,0.5998550525179428,91.66666666666666
boom_telemetry_5t,ds-139-5T/v006,timesfm_2p5_ctx2048,timesfm,3452,2024-06-12,0.5680127928143213,0.20467098175140563,,0.3741108295750865,79.16666666666666
boom_telemetry_5t,ds-139-5T/v006,timesfm_2p5_ctx2048,timesfm,3585,2024-06-13,0.4102962646126089,0.20467098175140563,,0.2291330317432092,64.58333333333334
boom_telemetry_5t,ds-139-5T/v006,timesfm_2p5_ctx2048,timesfm,3718,2024-06-13,0.2775055351503127,0.20467098175140563,,0.10190263648289244,68.75
boom_telemetry_5t,ds-139-5T/v006,timesfm_2p5_ctx2048,timesfm,3850,2024-06-14,0.018032934055588715,0.20467098175140563,,0.011787535821434108,91.66666666666666
boom_telemetry_5t,ds-139-5T/v006,timesfm_2p5_ctx2048,timesfm,3983,2024-06-14,0.010680935721272206,0.20467098175140563,,0.014386528071693987,100.0
boom_telemetry_5t,ds-139-5T/v006,chronos_2_ctx2048,chronos,1992,2024-06-07,0.1374943584163119,0.02148200519150123,,0.02812449241815774,97.91666666666666
boom_telemetry_5t,ds-139-5T/v006,chronos_2_ctx2048,chronos,2125,2024-06-08,0.16223680964875734,0.02148200519150123,,0.025274523431384536,58.333333333333336
boom_telemetry_5t,ds-139-5T/v006,chronos_2_ctx2048,chronos,2257,2024-06-08,0.02848908485338613,0.02148200519150123,,0.005361222171075813,100.0
boom_telemetry_5t,ds-139-5T/v006,chronos_2_ctx2048,chronos,2390,2024-06-09,0.041946134477897724,0.02148200519150123,,0.006368769435836023,0.0
boom_telemetry_5t,ds-139-5T/v006,chronos_2_ctx2048,chronos,2523,2024-06-09,0.4680642281651823,0.02148200519150123,,0.08624605808309128,93.75
boom_telemetry_5t,ds-139-5T/v006,chronos_2_ctx2048,chronos,2656,2024-06-10,0.009251394673104377,0.02148200519150123,,0.004094373306764741,100.0
boom_telemetry_5t,ds-139-5T/v006,chronos_2_ctx2048,chronos,2788,2024-06-10,0.4929202757256152,0.02148200519150123,,0.14567698404330975,89.58333333333334
boom_telemetry_5t,ds-139-5T/v006,chronos_2_ctx2048,chronos,2921,2024-06-11,0.134181513214225,0.02148200519150123,,0.058767581399473814,100.0
boom_telemetry_5t,ds-139-5T/v006,chronos_2_ctx2048,chronos,3054,2024-06-11,0.552373917876526,0.02148200519150123,,0.5247860661154493,87.5
boom_telemetry_5t,ds-139-5T/v006,chronos_2_ctx2048,chronos,3187,2024-06-12,0.2210668783844517,0.02148200519150123,,0.2356044954838442,95.83333333333334
boom_telemetry_5t,ds-139-5T/v006,chronos_2_ctx2048,chronos,3319,2024-06-12,0.6088331290391745,0.02148200519150123,,0.7034802348916119,83.33333333333334
boom_telemetry_5t,ds-139-5T/v006,chronos_2_ctx2048,chronos,3452,2024-06-12,0.5825197292032342,0.02148200519150123,,0.3768896610617296,83.33333333333334
boom_telemetry_5t,ds-139-5T/v006,chronos_2_ctx2048,chronos,3585,2024-06-13,0.3752761474712645,0.02148200519150123,,0.2078055613864309,64.58333333333334
boom_telemetry_5t,ds-139-5T/v006,chronos_2_ctx2048,chronos,3718,2024-06-13,0.2497057609604011,0.02148200519150123,,0.0933448463141386,81.25
boom_telemetry_5t,ds-139-5T/v006,chronos_2_ctx2048,chronos,3850,2024-06-14,0.010288422443244728,0.02148200519150123,,0.009500455770387897,100.0
boom_telemetry_5t,ds-139-5T/v006,chronos_2_ctx2048,chronos,3983,2024-06-14,0.03365739859076023,0.02148200519150123,,0.034944806791745824,100.0
boom_telemetry_5t,ds-139-5T/v006,chronos_bolt_small,chronos,1992,2024-06-07,0.17844275094883694,0.006280132816755213,,0.03891923322831779,100.0
boom_telemetry_5t,ds-139-5T/v006,chronos_bolt_small,chronos,2125,2024-06-08,0.06379544096604856,0.006280132816755213,,0.013277067331561962,100.0
boom_telemetry_5t,ds-139-5T/v006,chronos_bolt_small,chronos,2257,2024-06-08,0.11860924004402555,0.006280132816755213,,0.022497240958571158,100.0
boom_telemetry_5t,ds-139-5T/v006,chronos_bolt_small,chronos,2390,2024-06-09,0.053216077250683225,0.006280132816755213,,0.009246086977957157,100.0
boom_telemetry_5t,ds-139-5T/v006,chronos_bolt_small,chronos,2523,2024-06-09,0.39682669864856523,0.006280132816755213,,0.07996589225833449,91.66666666666666
boom_telemetry_5t,ds-139-5T/v006,chronos_bolt_small,chronos,2656,2024-06-10,0.04610380760659576,0.006280132816755213,,0.014027999377930625,100.0
boom_telemetry_5t,ds-139-5T/v006,chronos_bolt_small,chronos,2788,2024-06-10,0.5544863448681815,0.006280132816755213,,0.17237719422839787,95.83333333333334
boom_telemetry_5t,ds-139-5T/v006,chronos_bolt_small,chronos,2921,2024-06-11,0.4054329876495887,0.006280132816755213,,0.13032129430822975,100.0
boom_telemetry_5t,ds-139-5T/v006,chronos_bolt_small,chronos,3054,2024-06-11,1.0815274027933477,0.006280132816755213,,0.9757391874817093,66.66666666666666
boom_telemetry_5t,ds-139-5T/v006,chronos_bolt_small,chronos,3187,2024-06-12,0.14019683113011747,0.006280132816755213,,0.20462138719875797,95.83333333333334
boom_telemetry_5t,ds-139-5T/v006,chronos_bolt_small,chronos,3319,2024-06-12,0.5454470546587817,0.006280132816755213,,0.6521126449061451,87.5
boom_telemetry_5t,ds-139-5T/v006,chronos_bolt_small,chronos,3452,2024-06-12,0.44486528941996784,0.006280132816755213,,0.2910389366671946,83.33333333333334
boom_telemetry_5t,ds-139-5T/v006,chronos_bolt_small,chronos,3585,2024-06-13,0.5175585698891095,0.006280132816755213,,0.2715874756617767,66.66666666666666
boom_telemetry_5t,ds-139-5T/v006,chronos_bolt_small,chronos,3718,2024-06-13,0.24329163967328257,0.006280132816755213,,0.08515102187152705,97.91666666666666
boom_telemetry_5t,ds-139-5T/v006,chronos_bolt_small,chronos,3850,2024-06-14,0.16217235213464726,0.006280132816755213,,0.05090809384474675,70.83333333333334
boom_telemetry_5t,ds-139-5T/v006,chronos_bolt_small,chronos,3983,2024-06-14,0.08880152135763267,0.006280132816755213,,0.05637541792803088,100.0
boom_telemetry_5t,ds-139-5T/v008,naive_last,naive,1992,2024-06-07,0.18944772621786163,1.6822450561448932e-06,,,
boom_telemetry_5t,ds-139-5T/v008,naive_last,naive,2125,2024-06-08,0.2551264846196168,1.6822450561448932e-06,,,
boom_telemetry_5t,ds-139-5T/v008,naive_last,naive,2257,2024-06-08,0.34355990016004984,1.6822450561448932e-06,,,
boom_telemetry_5t,ds-139-5T/v008,naive_last,naive,2390,2024-06-09,0.20646886605097028,1.6822450561448932e-06,,,
boom_telemetry_5t,ds-139-5T/v008,naive_last,naive,2523,2024-06-09,0.5289024998923954,1.6822450561448932e-06,,,
boom_telemetry_5t,ds-139-5T/v008,naive_last,naive,2656,2024-06-10,0.41529867585940256,1.6822450561448932e-06,,,
boom_telemetry_5t,ds-139-5T/v008,naive_last,naive,2788,2024-06-10,2.0330901894059252,1.6822450561448932e-06,,,
boom_telemetry_5t,ds-139-5T/v008,naive_last,naive,2921,2024-06-11,0.9926556527703289,1.6822450561448932e-06,,,
boom_telemetry_5t,ds-139-5T/v008,naive_last,naive,3054,2024-06-11,1.450434538857072,1.6822450561448932e-06,,,
boom_telemetry_5t,ds-139-5T/v008,naive_last,naive,3187,2024-06-12,0.600153383960457,1.6822450561448932e-06,,,
boom_telemetry_5t,ds-139-5T/v008,naive_last,naive,3319,2024-06-12,0.7356093339951104,1.6822450561448932e-06,,,
boom_telemetry_5t,ds-139-5T/v008,naive_last,naive,3452,2024-06-12,0.7080367011702201,1.6822450561448932e-06,,,
boom_telemetry_5t,ds-139-5T/v008,naive_last,naive,3585,2024-06-13,0.7121227379992204,1.6822450561448932e-06,,,
boom_telemetry_5t,ds-139-5T/v008,naive_last,naive,3718,2024-06-13,0.5277155748030072,1.6822450561448932e-06,,,
boom_telemetry_5t,ds-139-5T/v008,naive_last,naive,3850,2024-06-14,0.3983562064298402,1.6822450561448932e-06,,,
boom_telemetry_5t,ds-139-5T/v008,naive_last,naive,3983,2024-06-14,0.7231455045294747,1.6822450561448932e-06,,,
boom_telemetry_5t,ds-139-5T/v008,naive_mean,naive,1992,2024-06-07,1.1109234213320474,4.309935320634395e-06,,,
boom_telemetry_5t,ds-139-5T/v008,naive_mean,naive,2125,2024-06-08,0.8184578236835472,4.309935320634395e-06,,,
boom_telemetry_5t,ds-139-5T/v008,naive_mean,naive,2257,2024-06-08,1.0645686297123096,4.309935320634395e-06,,,
boom_telemetry_5t,ds-139-5T/v008,naive_mean,naive,2390,2024-06-09,1.013937646103308,4.309935320634395e-06,,,
boom_telemetry_5t,ds-139-5T/v008,naive_mean,naive,2523,2024-06-09,0.5251464470322155,4.309935320634395e-06,,,
boom_telemetry_5t,ds-139-5T/v008,naive_mean,naive,2656,2024-06-10,1.2206749858124617,4.309935320634395e-06,,,
boom_telemetry_5t,ds-139-5T/v008,naive_mean,naive,2788,2024-06-10,1.1405469273703088,4.309935320634395e-06,,,
boom_telemetry_5t,ds-139-5T/v008,naive_mean,naive,2921,2024-06-11,1.773090920165394,4.309935320634395e-06,,,
boom_telemetry_5t,ds-139-5T/v008,naive_mean,naive,3054,2024-06-11,1.555730869733517,4.309935320634395e-06,,,
boom_telemetry_5t,ds-139-5T/v008,naive_mean,naive,3187,2024-06-12,0.7215477768828503,4.309935320634395e-06,,,
boom_telemetry_5t,ds-139-5T/v008,naive_mean,naive,3319,2024-06-12,1.4055854528751177,4.309935320634395e-06,,,
boom_telemetry_5t,ds-139-5T/v008,naive_mean,naive,3452,2024-06-12,1.1583124820898907,4.309935320634395e-06,,,
boom_telemetry_5t,ds-139-5T/v008,naive_mean,naive,3585,2024-06-13,1.8246634542579632,4.309935320634395e-06,,,
boom_telemetry_5t,ds-139-5T/v008,naive_mean,naive,3718,2024-06-13,0.8769670521869897,4.309935320634395e-06,,,
boom_telemetry_5t,ds-139-5T/v008,naive_mean,naive,3850,2024-06-14,1.2931023822066057,4.309935320634395e-06,,,
boom_telemetry_5t,ds-139-5T/v008,naive_mean,naive,3983,2024-06-14,0.8622582158959253,4.309935320634395e-06,,,
boom_telemetry_5t,ds-139-5T/v008,seasonal_naive,naive,1992,2024-06-07,1.8977518496653525,2.466185833327472e-06,,,
boom_telemetry_5t,ds-139-5T/v008,seasonal_naive,naive,2125,2024-06-08,0.5093498608215596,2.466185833327472e-06,,,
boom_telemetry_5t,ds-139-5T/v008,seasonal_naive,naive,2257,2024-06-08,0.17841621616168318,2.466185833327472e-06,,,
boom_telemetry_5t,ds-139-5T/v008,seasonal_naive,naive,2390,2024-06-09,0.2646612090819245,2.466185833327472e-06,,,
boom_telemetry_5t,ds-139-5T/v008,seasonal_naive,naive,2523,2024-06-09,1.065531042719189,2.466185833327472e-06,,,
boom_telemetry_5t,ds-139-5T/v008,seasonal_naive,naive,2656,2024-06-10,0.35692315848457506,2.466185833327472e-06,,,
boom_telemetry_5t,ds-139-5T/v008,seasonal_naive,naive,2788,2024-06-10,1.421077683715034,2.466185833327472e-06,,,
boom_telemetry_5t,ds-139-5T/v008,seasonal_naive,naive,2921,2024-06-11,0.6973989998822153,2.466185833327472e-06,,,
boom_telemetry_5t,ds-139-5T/v008,seasonal_naive,naive,3054,2024-06-11,0.9034598140804442,2.466185833327472e-06,,,
boom_telemetry_5t,ds-139-5T/v008,seasonal_naive,naive,3187,2024-06-12,0.41882086353794823,2.466185833327472e-06,,,
boom_telemetry_5t,ds-139-5T/v008,seasonal_naive,naive,3319,2024-06-12,0.6785886426747826,2.466185833327472e-06,,,
boom_telemetry_5t,ds-139-5T/v008,seasonal_naive,naive,3452,2024-06-12,1.32402104276336,2.466185833327472e-06,,,
boom_telemetry_5t,ds-139-5T/v008,seasonal_naive,naive,3585,2024-06-13,0.7697091749261353,2.466185833327472e-06,,,
boom_telemetry_5t,ds-139-5T/v008,seasonal_naive,naive,3718,2024-06-13,0.7074102979969485,2.466185833327472e-06,,,
boom_telemetry_5t,ds-139-5T/v008,seasonal_naive,naive,3850,2024-06-14,0.7564213440731212,2.466185833327472e-06,,,
boom_telemetry_5t,ds-139-5T/v008,seasonal_naive,naive,3983,2024-06-14,0.6262996601490025,2.466185833327472e-06,,,
boom_telemetry_5t,ds-139-5T/v008,seasonal_profile,naive,1992,2024-06-07,1.1175152117558338,2.636193676153198e-05,,,
boom_telemetry_5t,ds-139-5T/v008,seasonal_profile,naive,2125,2024-06-08,0.41468466677579613,2.636193676153198e-05,,,
boom_telemetry_5t,ds-139-5T/v008,seasonal_profile,naive,2257,2024-06-08,1.112978089808343,2.636193676153198e-05,,,
boom_telemetry_5t,ds-139-5T/v008,seasonal_profile,naive,2390,2024-06-09,0.5945695136739472,2.636193676153198e-05,,,
boom_telemetry_5t,ds-139-5T/v008,seasonal_profile,naive,2523,2024-06-09,0.5437564073568885,2.636193676153198e-05,,,
boom_telemetry_5t,ds-139-5T/v008,seasonal_profile,naive,2656,2024-06-10,0.5559854968032654,2.636193676153198e-05,,,
boom_telemetry_5t,ds-139-5T/v008,seasonal_profile,naive,2788,2024-06-10,1.517598967708717,2.636193676153198e-05,,,
boom_telemetry_5t,ds-139-5T/v008,seasonal_profile,naive,2921,2024-06-11,0.6919446511098286,2.636193676153198e-05,,,
boom_telemetry_5t,ds-139-5T/v008,seasonal_profile,naive,3054,2024-06-11,1.0649937091716652,2.636193676153198e-05,,,
boom_telemetry_5t,ds-139-5T/v008,seasonal_profile,naive,3187,2024-06-12,0.5675452212934277,2.636193676153198e-05,,,
boom_telemetry_5t,ds-139-5T/v008,seasonal_profile,naive,3319,2024-06-12,0.5815221211337791,2.636193676153198e-05,,,
boom_telemetry_5t,ds-139-5T/v008,seasonal_profile,naive,3452,2024-06-12,0.527094274490972,2.636193676153198e-05,,,
boom_telemetry_5t,ds-139-5T/v008,seasonal_profile,naive,3585,2024-06-13,1.0207539418352276,2.636193676153198e-05,,,
boom_telemetry_5t,ds-139-5T/v008,seasonal_profile,naive,3718,2024-06-13,0.7482313791555855,2.636193676153198e-05,,,
boom_telemetry_5t,ds-139-5T/v008,seasonal_profile,naive,3850,2024-06-14,0.3897814369699207,2.636193676153198e-05,,,
boom_telemetry_5t,ds-139-5T/v008,seasonal_profile,naive,3983,2024-06-14,1.119075176711022,2.636193676153198e-05,,,
boom_telemetry_5t,ds-139-5T/v008,autoets,statistical,1992,2024-06-07,0.2665050533385957,1.104975335932977,,1.12930190799916,100.0
boom_telemetry_5t,ds-139-5T/v008,autoets,statistical,2125,2024-06-08,0.4366202975987764,1.104975335932977,,1.655140275711467,100.0
boom_telemetry_5t,ds-139-5T/v008,autoets,statistical,2257,2024-06-08,0.3435627856077693,1.104975335932977,,0.7116836730365694,87.5
boom_telemetry_5t,ds-139-5T/v008,autoets,statistical,2390,2024-06-09,0.20646718187708937,1.104975335932977,,0.711153562390032,100.0
boom_telemetry_5t,ds-139-5T/v008,autoets,statistical,2523,2024-06-09,0.5289073679327976,1.104975335932977,,0.48671822969969136,97.91666666666666
boom_telemetry_5t,ds-139-5T/v008,autoets,statistical,2656,2024-06-10,0.41529644860709,1.104975335932977,,0.7148102217779622,95.83333333333334
boom_telemetry_5t,ds-139-5T/v008,autoets,statistical,2788,2024-06-10,2.0330850759661585,1.104975335932977,,0.9194281057465137,29.166666666666668
boom_telemetry_5t,ds-139-5T/v008,autoets,statistical,2921,2024-06-11,0.8574601604229535,1.104975335932977,,0.6618610877713044,100.0
boom_telemetry_5t,ds-139-5T/v008,autoets,statistical,3054,2024-06-11,1.4504444421943294,1.104975335932977,,1.0247183064555117,64.58333333333334
boom_telemetry_5t,ds-139-5T/v008,autoets,statistical,3187,2024-06-12,0.5542901167194095,1.104975335932977,,1.0080368756233065,100.0
boom_telemetry_5t,ds-139-5T/v008,autoets,statistical,3319,2024-06-12,0.571234676257778,1.104975335932977,,0.7928906532693984,89.58333333333334
boom_telemetry_5t,ds-139-5T/v008,autoets,statistical,3452,2024-06-12,0.6448874149173425,1.104975335932977,,0.9545916573219333,95.83333333333334
boom_telemetry_5t,ds-139-5T/v008,autoets,statistical,3585,2024-06-13,0.8722311569531965,1.104975335932977,,0.6858384933272327,89.58333333333334
boom_telemetry_5t,ds-139-5T/v008,autoets,statistical,3718,2024-06-13,0.4870977488205779,1.104975335932977,,1.3746815198286724,100.0
boom_telemetry_5t,ds-139-5T/v008,autoets,statistical,3850,2024-06-14,0.3983562064298402,1.104975335932977,,0.7266753150322973,100.0
boom_telemetry_5t,ds-139-5T/v008,autoets,statistical,3983,2024-06-14,0.7231409145775948,1.104975335932977,,0.9141836313343964,95.83333333333334
boom_telemetry_5t,ds-139-5T/v008,autotheta,statistical,1992,2024-06-07,0.18704859820317987,0.10440361981454771,,0.788676146133891,100.0
boom_telemetry_5t,ds-139-5T/v008,autotheta,statistical,2125,2024-06-08,0.23852041569828114,0.10440361981454771,,1.0683597654653199,100.0
boom_telemetry_5t,ds-139-5T/v008,autotheta,statistical,2257,2024-06-08,0.3298978168268694,0.10440361981454771,,0.6671707244856335,87.5
boom_telemetry_5t,ds-139-5T/v008,autotheta,statistical,2390,2024-06-09,0.21573446724314943,0.10440361981454771,,0.7208384064248253,100.0
boom_telemetry_5t,ds-139-5T/v008,autotheta,statistical,2523,2024-06-09,0.5322815569591117,0.10440361981454771,,0.4669767093384259,100.0
boom_telemetry_5t,ds-139-5T/v008,autotheta,statistical,2656,2024-06-10,0.4235407585451293,0.10440361981454771,,0.7405517559209917,95.83333333333334
boom_telemetry_5t,ds-139-5T/v008,autotheta,statistical,2788,2024-06-10,2.0452570542370343,0.10440361981454771,,0.9450323207791459,27.083333333333332
boom_telemetry_5t,ds-139-5T/v008,autotheta,statistical,2921,2024-06-11,0.9888207501829079,0.10440361981454771,,0.7520556306169509,77.08333333333334
boom_telemetry_5t,ds-139-5T/v008,autotheta,statistical,3054,2024-06-11,1.4597686085618689,0.10440361981454771,,1.0466143765441984,64.58333333333334
boom_telemetry_5t,ds-139-5T/v008,autotheta,statistical,3187,2024-06-12,0.599484310368224,0.10440361981454771,,0.881826844175044,100.0
boom_telemetry_5t,ds-139-5T/v008,autotheta,statistical,3319,2024-06-12,0.4637472819933957,0.10440361981454771,,1.21921785319657,97.91666666666666
boom_telemetry_5t,ds-139-5T/v008,autotheta,statistical,3452,2024-06-12,0.4608458735446327,0.10440361981454771,,1.6505685021410734,100.0
boom_telemetry_5t,ds-139-5T/v008,autotheta,statistical,3585,2024-06-13,0.5205323842249847,0.10440361981454771,,1.0587881211477688,100.0
boom_telemetry_5t,ds-139-5T/v008,autotheta,statistical,3718,2024-06-13,0.27981086165226243,0.10440361981454771,,3.5914658289917267,100.0
boom_telemetry_5t,ds-139-5T/v008,autotheta,statistical,3850,2024-06-14,0.8514487402737992,0.10440361981454771,,2.34613527216828,100.0
boom_telemetry_5t,ds-139-5T/v008,autotheta,statistical,3983,2024-06-14,0.7972176309947947,0.10440361981454771,,2.4963900399735257,100.0
boom_telemetry_5t,ds-139-5T/v008,mstl,statistical,1992,2024-06-07,1.0599120647644837,1.4391453932548757,,4.319698883215706,0.0
boom_telemetry_5t,ds-139-5T/v008,mstl,statistical,2125,2024-06-08,1.769656759044253,1.4391453932548757,,9.10988446017243,0.0
boom_telemetry_5t,ds-139-5T/v008,mstl,statistical,2257,2024-06-08,3.8981866754818353,1.4391453932548757,,10.919129375200024,0.0
boom_telemetry_5t,ds-139-5T/v008,mstl,statistical,2390,2024-06-09,0.7083133680695102,1.4391453932548757,,2.511417352449329,0.0
boom_telemetry_5t,ds-139-5T/v008,mstl,statistical,2523,2024-06-09,2.2380837457871263,1.4391453932548757,,2.8053526625950225,0.0
boom_telemetry_5t,ds-139-5T/v008,mstl,statistical,2656,2024-06-10,0.809060304607615,1.4391453932548757,,1.628709174883296,0.0
boom_telemetry_5t,ds-139-5T/v008,mstl,statistical,2788,2024-06-10,1.3996941637815319,1.4391453932548757,,0.7761199121802025,0.0
boom_telemetry_5t,ds-139-5T/v008,mstl,statistical,2921,2024-06-11,1.5668057770017318,1.4391453932548757,,1.7393991528761612,0.0
boom_telemetry_5t,ds-139-5T/v008,mstl,statistical,3054,2024-06-11,1.3315561402120726,1.4391453932548757,,1.1749083825384863,0.0
boom_telemetry_5t,ds-139-5T/v008,mstl,statistical,3187,2024-06-12,2.0416357709107418,1.4391453932548757,,4.106861448963635,0.0
boom_telemetry_5t,ds-139-5T/v008,mstl,statistical,3319,2024-06-12,1.4040175410702738,1.4391453932548757,,1.854772114968765,0.0
boom_telemetry_5t,ds-139-5T/v008,mstl,statistical,3452,2024-06-12,1.031559288652081,1.4391453932548757,,1.7615230146844694,0.0
boom_telemetry_5t,ds-139-5T/v008,mstl,statistical,3585,2024-06-13,1.3609068756217613,1.4391453932548757,,1.373709186860813,0.0
boom_telemetry_5t,ds-139-5T/v008,mstl,statistical,3718,2024-06-13,1.3750248018732012,1.4391453932548757,,4.084335591603417,0.0
boom_telemetry_5t,ds-139-5T/v008,mstl,statistical,3850,2024-06-14,0.49661654401418065,1.4391453932548757,,0.8651708186464184,0.0
boom_telemetry_5t,ds-139-5T/v008,mstl,statistical,3983,2024-06-14,2.000537711203585,1.4391453932548757,,3.32556596705608,0.0
boom_telemetry_5t,ds-139-5T/v008,gbdt_calendar,ml,1992,2024-06-07,1.3814074350406336,1.0702435338753276,,,
boom_telemetry_5t,ds-139-5T/v008,gbdt_calendar,ml,2125,2024-06-08,0.14490995520464525,1.0702435338753276,,,
boom_telemetry_5t,ds-139-5T/v008,gbdt_calendar,ml,2257,2024-06-08,0.18185407453784083,1.0702435338753276,,,
boom_telemetry_5t,ds-139-5T/v008,gbdt_calendar,ml,2390,2024-06-09,0.24650020658762345,1.0702435338753276,,,
boom_telemetry_5t,ds-139-5T/v008,gbdt_calendar,ml,2523,2024-06-09,0.5696838272308944,1.0702435338753276,,,
boom_telemetry_5t,ds-139-5T/v008,gbdt_calendar,ml,2656,2024-06-10,0.9569036472111516,1.0702435338753276,,,
boom_telemetry_5t,ds-139-5T/v008,gbdt_calendar,ml,2788,2024-06-10,1.7453701312011594,1.0702435338753276,,,
boom_telemetry_5t,ds-139-5T/v008,gbdt_calendar,ml,2921,2024-06-11,1.3933003154709542,1.0702435338753276,,,
boom_telemetry_5t,ds-139-5T/v008,gbdt_calendar,ml,3054,2024-06-11,1.3037134560726167,1.0702435338753276,,,
boom_telemetry_5t,ds-139-5T/v008,gbdt_calendar,ml,3187,2024-06-12,0.8077052997549161,1.0702435338753276,,,
boom_telemetry_5t,ds-139-5T/v008,gbdt_calendar,ml,3319,2024-06-12,0.7956659937749848,1.0702435338753276,,,
boom_telemetry_5t,ds-139-5T/v008,gbdt_calendar,ml,3452,2024-06-12,1.360868703697304,1.0702435338753276,,,
boom_telemetry_5t,ds-139-5T/v008,gbdt_calendar,ml,3585,2024-06-13,1.2439774903326974,1.0702435338753276,,,
boom_telemetry_5t,ds-139-5T/v008,gbdt_calendar,ml,3718,2024-06-13,1.1419874231464098,1.0702435338753276,,,
boom_telemetry_5t,ds-139-5T/v008,gbdt_calendar,ml,3850,2024-06-14,0.6005773179678358,1.0702435338753276,,,
boom_telemetry_5t,ds-139-5T/v008,gbdt_calendar,ml,3983,2024-06-14,0.9411065689812977,1.0702435338753276,,,
boom_telemetry_5t,ds-139-5T/v008,timesfm_2p5_ctx2048,timesfm,1992,2024-06-07,0.2887976134766704,0.20232965362811228,,0.8628584875642559,85.41666666666666
boom_telemetry_5t,ds-139-5T/v008,timesfm_2p5_ctx2048,timesfm,2125,2024-06-08,0.1754161321859309,0.20232965362811228,,0.8251519038348948,91.66666666666666
boom_telemetry_5t,ds-139-5T/v008,timesfm_2p5_ctx2048,timesfm,2257,2024-06-08,0.27117442683085613,0.20232965362811228,,0.5806589580824484,62.5
boom_telemetry_5t,ds-139-5T/v008,timesfm_2p5_ctx2048,timesfm,2390,2024-06-09,0.21031085515779718,0.20232965362811228,,0.5100486044721504,93.75
boom_telemetry_5t,ds-139-5T/v008,timesfm_2p5_ctx2048,timesfm,2523,2024-06-09,0.5512972008829161,0.20232965362811228,,0.49899231380547837,83.33333333333334
boom_telemetry_5t,ds-139-5T/v008,timesfm_2p5_ctx2048,timesfm,2656,2024-06-10,0.3354012903604609,0.20232965362811228,,0.5205991291669533,83.33333333333334
boom_telemetry_5t,ds-139-5T/v008,timesfm_2p5_ctx2048,timesfm,2788,2024-06-10,1.89957811454977,0.20232965362811228,,0.8658711359152567,31.25
boom_telemetry_5t,ds-139-5T/v008,timesfm_2p5_ctx2048,timesfm,2921,2024-06-11,0.889056006241455,0.20232965362811228,,0.796554704299771,39.58333333333333
boom_telemetry_5t,ds-139-5T/v008,timesfm_2p5_ctx2048,timesfm,3054,2024-06-11,1.1586129365982838,0.20232965362811228,,0.8000421322313884,75.0
boom_telemetry_5t,ds-139-5T/v008,timesfm_2p5_ctx2048,timesfm,3187,2024-06-12,0.5468617902480846,0.20232965362811228,,0.821877457491954,91.66666666666666
boom_telemetry_5t,ds-139-5T/v008,timesfm_2p5_ctx2048,timesfm,3319,2024-06-12,0.6489050733309976,0.20232965362811228,,0.6720616095532205,64.58333333333334
boom_telemetry_5t,ds-139-5T/v008,timesfm_2p5_ctx2048,timesfm,3452,2024-06-12,0.642732023772944,0.20232965362811228,,0.8728095133193454,54.166666666666664
boom_telemetry_5t,ds-139-5T/v008,timesfm_2p5_ctx2048,timesfm,3585,2024-06-13,0.29639347550333034,0.20232965362811228,,0.27621829551207283,95.83333333333334
boom_telemetry_5t,ds-139-5T/v008,timesfm_2p5_ctx2048,timesfm,3718,2024-06-13,0.17912871976461267,0.20232965362811228,,0.6091092359660653,100.0
boom_telemetry_5t,ds-139-5T/v008,timesfm_2p5_ctx2048,timesfm,3850,2024-06-14,0.32532848642509427,0.20232965362811228,,0.42754041932260217,100.0
boom_telemetry_5t,ds-139-5T/v008,timesfm_2p5_ctx2048,timesfm,3983,2024-06-14,0.5821500128018603,0.20232965362811228,,0.747527896911383,68.75
boom_telemetry_5t,ds-139-5T/v008,chronos_2_ctx2048,chronos,1992,2024-06-07,0.3017408119408388,0.023786708370607812,,0.9320865441757115,60.416666666666664
boom_telemetry_5t,ds-139-5T/v008,chronos_2_ctx2048,chronos,2125,2024-06-08,0.20112162167561454,0.023786708370607812,,0.8648949879167217,79.16666666666666
boom_telemetry_5t,ds-139-5T/v008,chronos_2_ctx2048,chronos,2257,2024-06-08,0.27393507855477406,0.023786708370607812,,0.6005502415747427,37.5
boom_telemetry_5t,ds-139-5T/v008,chronos_2_ctx2048,chronos,2390,2024-06-09,0.22721407318659995,0.023786708370607812,,0.5376362326920753,93.75
boom_telemetry_5t,ds-139-5T/v008,chronos_2_ctx2048,chronos,2523,2024-06-09,0.5969700072006334,0.023786708370607812,,0.5435423174691593,62.5
boom_telemetry_5t,ds-139-5T/v008,chronos_2_ctx2048,chronos,2656,2024-06-10,0.3526566144931441,0.023786708370607812,,0.5492715690215794,91.66666666666666
boom_telemetry_5t,ds-139-5T/v008,chronos_2_ctx2048,chronos,2788,2024-06-10,1.732424075990608,0.023786708370607812,,0.7842881705273087,39.58333333333333
boom_telemetry_5t,ds-139-5T/v008,chronos_2_ctx2048,chronos,2921,2024-06-11,0.8028780118513542,0.023786708370607812,,0.723733934578614,39.58333333333333
boom_telemetry_5t,ds-139-5T/v008,chronos_2_ctx2048,chronos,3054,2024-06-11,1.0371175717833445,0.023786708370607812,,0.726680969114802,79.16666666666666
boom_telemetry_5t,ds-139-5T/v008,chronos_2_ctx2048,chronos,3187,2024-06-12,0.5274869484390293,0.023786708370607812,,0.7777215771334582,100.0
boom_telemetry_5t,ds-139-5T/v008,chronos_2_ctx2048,chronos,3319,2024-06-12,0.5050009968585608,0.023786708370607812,,0.5477297151753296,66.66666666666666
boom_telemetry_5t,ds-139-5T/v008,chronos_2_ctx2048,chronos,3452,2024-06-12,0.5350908763470035,0.023786708370607812,,0.718075312363002,75.0
boom_telemetry_5t,ds-139-5T/v008,chronos_2_ctx2048,chronos,3585,2024-06-13,0.25387184345671976,0.023786708370607812,,0.22969920443082273,93.75
boom_telemetry_5t,ds-139-5T/v008,chronos_2_ctx2048,chronos,3718,2024-06-13,0.27887465621812185,0.023786708370607812,,0.7154320767658087,97.91666666666666
boom_telemetry_5t,ds-139-5T/v008,chronos_2_ctx2048,chronos,3850,2024-06-14,0.3508542440839546,0.023786708370607812,,0.4592468708195653,58.333333333333336
boom_telemetry_5t,ds-139-5T/v008,chronos_2_ctx2048,chronos,3983,2024-06-14,0.45565678667149406,0.023786708370607812,,0.5660806882406502,83.33333333333334
boom_telemetry_5t,ds-139-5T/v008,chronos_bolt_small,chronos,1992,2024-06-07,0.2602817213592488,0.006905533875396941,,0.7528435318199318,81.25
boom_telemetry_5t,ds-139-5T/v008,chronos_bolt_small,chronos,2125,2024-06-08,0.23524623207917741,0.006905533875396941,,0.9334271643005432,58.333333333333336
boom_telemetry_5t,ds-139-5T/v008,chronos_bolt_small,chronos,2257,2024-06-08,0.3069582377127093,0.006905533875396941,,0.6545699547624011,62.5
boom_telemetry_5t,ds-139-5T/v008,chronos_bolt_small,chronos,2390,2024-06-09,0.20095034800628564,0.006905533875396941,,0.5046856853264745,95.83333333333334
boom_telemetry_5t,ds-139-5T/v008,chronos_bolt_small,chronos,2523,2024-06-09,0.5948182707736944,0.006905533875396941,,0.552951345954732,58.333333333333336
boom_telemetry_5t,ds-139-5T/v008,chronos_bolt_small,chronos,2656,2024-06-10,0.35630284548828595,0.006905533875396941,,0.5574305693025088,87.5
boom_telemetry_5t,ds-139-5T/v008,chronos_bolt_small,chronos,2788,2024-06-10,1.9029512608209598,0.006905533875396941,,0.8513758991342969,31.25
boom_telemetry_5t,ds-139-5T/v008,chronos_bolt_small,chronos,2921,2024-06-11,1.0054279456739095,0.006905533875396941,,0.9090029737849852,33.33333333333333
boom_telemetry_5t,ds-139-5T/v008,chronos_bolt_small,chronos,3054,2024-06-11,1.2150000295134897,0.006905533875396941,,0.873753309261839,58.333333333333336
boom_telemetry_5t,ds-139-5T/v008,chronos_bolt_small,chronos,3187,2024-06-12,0.8835922325000388,0.006905533875396941,,1.3944787514143584,35.41666666666667
boom_telemetry_5t,ds-139-5T/v008,chronos_bolt_small,chronos,3319,2024-06-12,0.45259672125686895,0.006905533875396941,,0.5005035476657822,79.16666666666666
boom_telemetry_5t,ds-139-5T/v008,chronos_bolt_small,chronos,3452,2024-06-12,0.8563429218728165,0.006905533875396941,,1.1945700683613139,39.58333333333333
boom_telemetry_5t,ds-139-5T/v008,chronos_bolt_small,chronos,3585,2024-06-13,0.25790476490097713,0.006905533875396941,,0.21409501840824618,93.75
boom_telemetry_5t,ds-139-5T/v008,chronos_bolt_small,chronos,3718,2024-06-13,0.28378854688628624,0.006905533875396941,,0.744027660891292,100.0
boom_telemetry_5t,ds-139-5T/v008,chronos_bolt_small,chronos,3850,2024-06-14,0.31938909359433354,0.006905533875396941,,0.4092785317700094,81.25
boom_telemetry_5t,ds-139-5T/v008,chronos_bolt_small,chronos,3983,2024-06-14,0.49804062338975164,0.006905533875396941,,0.6199714164130772,85.41666666666666
boom_telemetry_5t,ds-139-5T/v016,naive_last,naive,1992,2024-06-07,0.005567446786478277,1.6796911950223148e-06,,,
boom_telemetry_5t,ds-139-5T/v016,naive_last,naive,2125,2024-06-08,0.007010738912217564,1.6796911950223148e-06,,,
boom_telemetry_5t,ds-139-5T/v016,naive_last,naive,2257,2024-06-08,0.017639370215647633,1.6796911950223148e-06,,,
boom_telemetry_5t,ds-139-5T/v016,naive_last,naive,2390,2024-06-09,0.014004028761433328,1.6796911950223148e-06,,,
boom_telemetry_5t,ds-139-5T/v016,naive_last,naive,2523,2024-06-09,0.08486843952179499,1.6796911950223148e-06,,,
boom_telemetry_5t,ds-139-5T/v016,naive_last,naive,2656,2024-06-10,0.27633609648658736,1.6796911950223148e-06,,,
boom_telemetry_5t,ds-139-5T/v016,naive_last,naive,2788,2024-06-10,1.7937163412063715,1.6796911950223148e-06,,,
boom_telemetry_5t,ds-139-5T/v016,naive_last,naive,2921,2024-06-11,0.023236630821690685,1.6796911950223148e-06,,,
boom_telemetry_5t,ds-139-5T/v016,naive_last,naive,3054,2024-06-11,0.8075284856023326,1.6796911950223148e-06,,,
boom_telemetry_5t,ds-139-5T/v016,naive_last,naive,3187,2024-06-12,0.0,1.6796911950223148e-06,,,
boom_telemetry_5t,ds-139-5T/v016,naive_last,naive,3319,2024-06-12,0.0,1.6796911950223148e-06,,,
boom_telemetry_5t,ds-139-5T/v016,naive_last,naive,3452,2024-06-12,0.0,1.6796911950223148e-06,,,
boom_telemetry_5t,ds-139-5T/v016,naive_last,naive,3585,2024-06-13,0.0,1.6796911950223148e-06,,,
boom_telemetry_5t,ds-139-5T/v016,naive_last,naive,3718,2024-06-13,0.0,1.6796911950223148e-06,,,
boom_telemetry_5t,ds-139-5T/v016,naive_last,naive,3850,2024-06-14,0.0,1.6796911950223148e-06,,,
boom_telemetry_5t,ds-139-5T/v016,naive_last,naive,3983,2024-06-14,0.774827521016301,1.6796911950223148e-06,,,
boom_telemetry_5t,ds-139-5T/v016,naive_mean,naive,1992,2024-06-07,0.34321724682824556,3.487002686597407e-06,,,
boom_telemetry_5t,ds-139-5T/v016,naive_mean,naive,2125,2024-06-08,0.3207198955871214,3.487002686597407e-06,,,
boom_telemetry_5t,ds-139-5T/v016,naive_mean,naive,2257,2024-06-08,0.32430344153930446,3.487002686597407e-06,,,
boom_telemetry_5t,ds-139-5T/v016,naive_mean,naive,2390,2024-06-09,0.5563589596906172,3.487002686597407e-06,,,
boom_telemetry_5t,ds-139-5T/v016,naive_mean,naive,2523,2024-06-09,0.4572064070132339,3.487002686597407e-06,,,
boom_telemetry_5t,ds-139-5T/v016,naive_mean,naive,2656,2024-06-10,9.663210762174868,3.487002686597407e-06,,,
boom_telemetry_5t,ds-139-5T/v016,naive_mean,naive,2788,2024-06-10,5.39766214810505,3.487002686597407e-06,,,
boom_telemetry_5t,ds-139-5T/v016,naive_mean,naive,2921,2024-06-11,6.9592185143368255,3.487002686597407e-06,,,
boom_telemetry_5t,ds-139-5T/v016,naive_mean,naive,3054,2024-06-11,5.3823465702733575,3.487002686597407e-06,,,
boom_telemetry_5t,ds-139-5T/v016,naive_mean,naive,3187,2024-06-12,6.079676789946422,3.487002686597407e-06,,,
boom_telemetry_5t,ds-139-5T/v016,naive_mean,naive,3319,2024-06-12,5.6580111648838995,3.487002686597407e-06,,,
boom_telemetry_5t,ds-139-5T/v016,naive_mean,naive,3452,2024-06-12,5.569789093212746,3.487002686597407e-06,,,
boom_telemetry_5t,ds-139-5T/v016,naive_mean,naive,3585,2024-06-13,7.625705019905788,3.487002686597407e-06,,,
boom_telemetry_5t,ds-139-5T/v016,naive_mean,naive,3718,2024-06-13,10.932274581582096,3.487002686597407e-06,,,
boom_telemetry_5t,ds-139-5T/v016,naive_mean,naive,3850,2024-06-14,12.104227796700473,3.487002686597407e-06,,,
boom_telemetry_5t,ds-139-5T/v016,naive_mean,naive,3983,2024-06-14,11.511121269489168,3.487002686597407e-06,,,
boom_telemetry_5t,ds-139-5T/v016,seasonal_naive,naive,1992,2024-06-07,0.06447861338412542,2.158871211577207e-06,,,
boom_telemetry_5t,ds-139-5T/v016,seasonal_naive,naive,2125,2024-06-08,0.01604099494459135,2.158871211577207e-06,,,
boom_telemetry_5t,ds-139-5T/v016,seasonal_naive,naive,2257,2024-06-08,0.0004164557193770272,2.158871211577207e-06,,,
boom_telemetry_5t,ds-139-5T/v016,seasonal_naive,naive,2390,2024-06-09,0.0013264289537241007,2.158871211577207e-06,,,
boom_telemetry_5t,ds-139-5T/v016,seasonal_naive,naive,2523,2024-06-09,0.05874030994693867,2.158871211577207e-06,,,
boom_telemetry_5t,ds-139-5T/v016,seasonal_naive,naive,2656,2024-06-10,0.49409981355269345,2.158871211577207e-06,,,
boom_telemetry_5t,ds-139-5T/v016,seasonal_naive,naive,2788,2024-06-10,1.0474566317506595,2.158871211577207e-06,,,
boom_telemetry_5t,ds-139-5T/v016,seasonal_naive,naive,2921,2024-06-11,1.1118615525416347,2.158871211577207e-06,,,
boom_telemetry_5t,ds-139-5T/v016,seasonal_naive,naive,3054,2024-06-11,1.361299601425175,2.158871211577207e-06,,,
boom_telemetry_5t,ds-139-5T/v016,seasonal_naive,naive,3187,2024-06-12,0.41583744380673043,2.158871211577207e-06,,,
boom_telemetry_5t,ds-139-5T/v016,seasonal_naive,naive,3319,2024-06-12,0.3833139875817841,2.158871211577207e-06,,,
boom_telemetry_5t,ds-139-5T/v016,seasonal_naive,naive,3452,2024-06-12,0.014270128681319052,2.158871211577207e-06,,,
boom_telemetry_5t,ds-139-5T/v016,seasonal_naive,naive,3585,2024-06-13,0.0,2.158871211577207e-06,,,
boom_telemetry_5t,ds-139-5T/v016,seasonal_naive,naive,3718,2024-06-13,0.0,2.158871211577207e-06,,,
boom_telemetry_5t,ds-139-5T/v016,seasonal_naive,naive,3850,2024-06-14,0.0,2.158871211577207e-06,,,
boom_telemetry_5t,ds-139-5T/v016,seasonal_naive,naive,3983,2024-06-14,0.0013943491525951405,2.158871211577207e-06,,,
boom_telemetry_5t,ds-139-5T/v016,seasonal_profile,naive,1992,2024-06-07,0.10788241225874044,2.5278626708313823e-05,,,
boom_telemetry_5t,ds-139-5T/v016,seasonal_profile,naive,2125,2024-06-08,0.10755691042637522,2.5278626708313823e-05,,,
boom_telemetry_5t,ds-139-5T/v016,seasonal_profile,naive,2257,2024-06-08,0.10566405384477003,2.5278626708313823e-05,,,
boom_telemetry_5t,ds-139-5T/v016,seasonal_profile,naive,2390,2024-06-09,0.10857586233705183,2.5278626708313823e-05,,,
boom_telemetry_5t,ds-139-5T/v016,seasonal_profile,naive,2523,2024-06-09,0.1463854978194364,2.5278626708313823e-05,,,
boom_telemetry_5t,ds-139-5T/v016,seasonal_profile,naive,2656,2024-06-10,0.5617346621473429,2.5278626708313823e-05,,,
boom_telemetry_5t,ds-139-5T/v016,seasonal_profile,naive,2788,2024-06-10,2.939189427243453,2.5278626708313823e-05,,,
boom_telemetry_5t,ds-139-5T/v016,seasonal_profile,naive,2921,2024-06-11,1.4511557092695733,2.5278626708313823e-05,,,
boom_telemetry_5t,ds-139-5T/v016,seasonal_profile,naive,3054,2024-06-11,1.0936774553279627,2.5278626708313823e-05,,,
boom_telemetry_5t,ds-139-5T/v016,seasonal_profile,naive,3187,2024-06-12,0.7653706286565563,2.5278626708313823e-05,,,
boom_telemetry_5t,ds-139-5T/v016,seasonal_profile,naive,3319,2024-06-12,0.472234554069184,2.5278626708313823e-05,,,
boom_telemetry_5t,ds-139-5T/v016,seasonal_profile,naive,3452,2024-06-12,0.23211086657619878,2.5278626708313823e-05,,,
boom_telemetry_5t,ds-139-5T/v016,seasonal_profile,naive,3585,2024-06-13,0.2600373948359497,2.5278626708313823e-05,,,
boom_telemetry_5t,ds-139-5T/v016,seasonal_profile,naive,3718,2024-06-13,0.1522645888498991,2.5278626708313823e-05,,,
boom_telemetry_5t,ds-139-5T/v016,seasonal_profile,naive,3850,2024-06-14,0.0,2.5278626708313823e-05,,,
boom_telemetry_5t,ds-139-5T/v016,seasonal_profile,naive,3983,2024-06-14,0.301660360369309,2.5278626708313823e-05,,,
boom_telemetry_5t,ds-139-5T/v016,autoets,statistical,1992,2024-06-07,0.007798091235804486,1.0809537942550378,,221.64959632928375,100.0
boom_telemetry_5t,ds-139-5T/v016,autoets,statistical,2125,2024-06-08,0.007010738641450856,1.0809537942550378,,1.7958473324018571,100.0
boom_telemetry_5t,ds-139-5T/v016,autoets,statistical,2257,2024-06-08,0.017639370215647633,1.0809537942550378,,1.866426840734443,100.0
boom_telemetry_5t,ds-139-5T/v016,autoets,statistical,2390,2024-06-09,0.014004028761433328,1.0809537942550378,,1.896836831834459,100.0
boom_telemetry_5t,ds-139-5T/v016,autoets,statistical,2523,2024-06-09,0.0848720995499859,1.0809537942550378,,0.7818113568417638,81.25
boom_telemetry_5t,ds-139-5T/v016,autoets,statistical,2656,2024-06-10,0.27633609648658736,1.0809537942550378,,0.9859953844926861,100.0
boom_telemetry_5t,ds-139-5T/v016,autoets,statistical,2788,2024-06-10,1.793713195595656,1.0809537942550378,,0.423918182272956,60.416666666666664
boom_telemetry_5t,ds-139-5T/v016,autoets,statistical,2921,2024-06-11,0.023236630821690685,1.0809537942550378,,0.2624886843080135,100.0
boom_telemetry_5t,ds-139-5T/v016,autoets,statistical,3054,2024-06-11,0.8075284856023326,1.0809537942550378,,0.3310112415729513,87.5
boom_telemetry_5t,ds-139-5T/v016,autoets,statistical,3187,2024-06-12,0.0,1.0809537942550378,,0.38615460485583053,100.0
boom_telemetry_5t,ds-139-5T/v016,autoets,statistical,3319,2024-06-12,0.0,1.0809537942550378,,0.36594502837427173,100.0
boom_telemetry_5t,ds-139-5T/v016,autoets,statistical,3452,2024-06-12,0.0,1.0809537942550378,,0.36042346437813505,100.0
boom_telemetry_5t,ds-139-5T/v016,autoets,statistical,3585,2024-06-13,0.0,1.0809537942550378,,0.3588782402358476,100.0
boom_telemetry_5t,ds-139-5T/v016,autoets,statistical,3718,2024-06-13,0.0,1.0809537942550378,,0.383448832326831,100.0
boom_telemetry_5t,ds-139-5T/v016,autoets,statistical,3850,2024-06-14,0.0,1.0809537942550378,,0.3621147001128659,100.0
boom_telemetry_5t,ds-139-5T/v016,autoets,statistical,3983,2024-06-14,0.774827521016301,1.0809537942550378,,0.4032314977993313,100.0
boom_telemetry_5t,ds-139-5T/v016,autotheta,statistical,1992,2024-06-07,0.005567446786478277,0.11338034637446981,,142.41363564550727,100.0
boom_telemetry_5t,ds-139-5T/v016,autotheta,statistical,2125,2024-06-08,0.006793053569615766,0.11338034637446981,,1.8286108108443324,100.0
boom_telemetry_5t,ds-139-5T/v016,autotheta,statistical,2257,2024-06-08,0.019166612870054327,0.11338034637446981,,1.8296004613884524,100.0
boom_telemetry_5t,ds-139-5T/v016,autotheta,statistical,2390,2024-06-09,0.013167691506503747,0.11338034637446981,,1.8927565140270217,100.0
boom_telemetry_5t,ds-139-5T/v016,autotheta,statistical,2523,2024-06-09,0.08833322299562307,0.11338034637446981,,0.786072256662421,79.16666666666666
boom_telemetry_5t,ds-139-5T/v016,autotheta,statistical,2656,2024-06-10,0.2678500069447411,0.11338034637446981,,0.9865869721292551,100.0
boom_telemetry_5t,ds-139-5T/v016,autotheta,statistical,2788,2024-06-10,1.7997444261827773,0.11338034637446981,,0.42942659536090166,60.416666666666664
boom_telemetry_5t,ds-139-5T/v016,autotheta,statistical,2921,2024-06-11,0.06550504731317873,0.11338034637446981,,0.26051121258452214,100.0
boom_telemetry_5t,ds-139-5T/v016,autotheta,statistical,3054,2024-06-11,0.795295256380588,0.11338034637446981,,0.3280787017126098,91.66666666666666
boom_telemetry_5t,ds-139-5T/v016,autotheta,statistical,3187,2024-06-12,0.14218729025322516,0.11338034637446981,,0.9559458595332981,100.0
boom_telemetry_5t,ds-139-5T/v016,autotheta,statistical,3319,2024-06-12,0.2406645476503185,0.11338034637446981,,0.9926065443665824,100.0
boom_telemetry_5t,ds-139-5T/v016,autotheta,statistical,3452,2024-06-12,0.12727044699789475,0.11338034637446981,,0.9314446143515716,100.0
boom_telemetry_5t,ds-139-5T/v016,autotheta,statistical,3585,2024-06-13,0.1604580579930896,0.11338034637446981,,0.8918642272430564,100.0
boom_telemetry_5t,ds-139-5T/v016,autotheta,statistical,3718,2024-06-13,0.33093559970994646,0.11338034637446981,,1.0292392369345902,100.0
boom_telemetry_5t,ds-139-5T/v016,autotheta,statistical,3850,2024-06-14,0.13660091094712906,0.11338034637446981,,0.9455678924462945,100.0
boom_telemetry_5t,ds-139-5T/v016,autotheta,statistical,3983,2024-06-14,0.1139567536984265,0.11338034637446981,,0.7564882252432179,100.0
boom_telemetry_5t,ds-139-5T/v016,mstl,statistical,1992,2024-06-07,2.816122583633241,1.3797627604435547,,483.9798750644108,0.0
boom_telemetry_5t,ds-139-5T/v016,mstl,statistical,2125,2024-06-08,0.09902708042274344,1.3797627604435547,,16.975225777933776,0.0
boom_telemetry_5t,ds-139-5T/v016,mstl,statistical,2257,2024-06-08,0.11781166393443282,1.3797627604435547,,14.573543058505633,0.0
boom_telemetry_5t,ds-139-5T/v016,mstl,statistical,2390,2024-06-09,0.21684409178624184,1.3797627604435547,,19.538409756242864,0.0
boom_telemetry_5t,ds-139-5T/v016,mstl,statistical,2523,2024-06-09,0.2715726675074643,1.3797627604435547,,3.7011006614500133,0.0
boom_telemetry_5t,ds-139-5T/v016,mstl,statistical,2656,2024-06-10,4.70634206441649,1.3797627604435547,,10.201467604129189,0.0
boom_telemetry_5t,ds-139-5T/v016,mstl,statistical,2788,2024-06-10,6.8711395836887625,1.3797627604435547,,1.7176809102434454,0.0
boom_telemetry_5t,ds-139-5T/v016,mstl,statistical,2921,2024-06-11,5.272060050527768,1.3797627604435547,,3.446997196395877,0.0
boom_telemetry_5t,ds-139-5T/v016,mstl,statistical,3054,2024-06-11,4.705315006434407,1.3797627604435547,,2.1353773813748544,0.0
boom_telemetry_5t,ds-139-5T/v016,mstl,statistical,3187,2024-06-12,3.3040123538856943,1.3797627604435547,,3.5158419721434306,0.0
boom_telemetry_5t,ds-139-5T/v016,mstl,statistical,3319,2024-06-12,0.561851703524743,1.3797627604435547,,0.6168802819769451,0.0
boom_telemetry_5t,ds-139-5T/v016,mstl,statistical,3452,2024-06-12,1.1213393391144184,1.3797627604435547,,1.205701592376295,0.0
boom_telemetry_5t,ds-139-5T/v016,mstl,statistical,3585,2024-06-13,1.3425012040178097,1.3797627604435547,,1.0152145551210372,0.0
boom_telemetry_5t,ds-139-5T/v016,mstl,statistical,3718,2024-06-13,3.3370401153044362,1.3797627604435547,,1.7032139886106905,0.0
boom_telemetry_5t,ds-139-5T/v016,mstl,statistical,3850,2024-06-14,2.344283591039488,1.3797627604435547,,1.0436143312400274,0.0
boom_telemetry_5t,ds-139-5T/v016,mstl,statistical,3983,2024-06-14,2.4204727000951203,1.3797627604435547,,1.006346097244115,0.0
boom_telemetry_5t,ds-139-5T/v016,gbdt_calendar,ml,1992,2024-06-07,0.02853755857078377,0.9339284739326104,,,
boom_telemetry_5t,ds-139-5T/v016,gbdt_calendar,ml,2125,2024-06-08,0.009369969477504923,0.9339284739326104,,,
boom_telemetry_5t,ds-139-5T/v016,gbdt_calendar,ml,2257,2024-06-08,0.013913309858579281,0.9339284739326104,,,
boom_telemetry_5t,ds-139-5T/v016,gbdt_calendar,ml,2390,2024-06-09,0.01833118007719752,0.9339284739326104,,,
boom_telemetry_5t,ds-139-5T/v016,gbdt_calendar,ml,2523,2024-06-09,0.06959889876238037,0.9339284739326104,,,
boom_telemetry_5t,ds-139-5T/v016,gbdt_calendar,ml,2656,2024-06-10,0.16771964825352043,0.9339284739326104,,,
boom_telemetry_5t,ds-139-5T/v016,gbdt_calendar,ml,2788,2024-06-10,3.7946667942152374,0.9339284739326104,,,
boom_telemetry_5t,ds-139-5T/v016,gbdt_calendar,ml,2921,2024-06-11,0.11355680651788815,0.9339284739326104,,,
boom_telemetry_5t,ds-139-5T/v016,gbdt_calendar,ml,3054,2024-06-11,1.3312474836840158,0.9339284739326104,,,
boom_telemetry_5t,ds-139-5T/v016,gbdt_calendar,ml,3187,2024-06-12,0.06809209489054718,0.9339284739326104,,,
boom_telemetry_5t,ds-139-5T/v016,gbdt_calendar,ml,3319,2024-06-12,0.07069171021415943,0.9339284739326104,,,
boom_telemetry_5t,ds-139-5T/v016,gbdt_calendar,ml,3452,2024-06-12,0.17317778646006,0.9339284739326104,,,
boom_telemetry_5t,ds-139-5T/v016,gbdt_calendar,ml,3585,2024-06-13,0.009152075674118259,0.9339284739326104,,,
boom_telemetry_5t,ds-139-5T/v016,gbdt_calendar,ml,3718,2024-06-13,0.2560456222730722,0.9339284739326104,,,
boom_telemetry_5t,ds-139-5T/v016,gbdt_calendar,ml,3850,2024-06-14,0.013363460167937673,0.9339284739326104,,,
boom_telemetry_5t,ds-139-5T/v016,gbdt_calendar,ml,3983,2024-06-14,0.2198714238796686,0.9339284739326104,,,
boom_telemetry_5t,ds-139-5T/v016,timesfm_2p5_ctx2048,timesfm,1992,2024-06-07,0.011964009693755925,0.20576903381152079,,1.912123321051606,100.0
boom_telemetry_5t,ds-139-5T/v016,timesfm_2p5_ctx2048,timesfm,2125,2024-06-08,0.005384411672497023,0.20576903381152079,,1.5108422322543738,100.0
boom_telemetry_5t,ds-139-5T/v016,timesfm_2p5_ctx2048,timesfm,2257,2024-06-08,0.018978611518647555,0.20576903381152079,,1.9576499070338793,100.0
boom_telemetry_5t,ds-139-5T/v016,timesfm_2p5_ctx2048,timesfm,2390,2024-06-09,0.010878150422547032,0.20576903381152079,,1.494196502541734,100.0
boom_telemetry_5t,ds-139-5T/v016,timesfm_2p5_ctx2048,timesfm,2523,2024-06-09,0.028337543911297804,0.20576903381152079,,0.5007814124535044,100.0
boom_telemetry_5t,ds-139-5T/v016,timesfm_2p5_ctx2048,timesfm,2656,2024-06-10,0.03477860657361943,0.20576903381152079,,0.12485502101897242,95.83333333333334
boom_telemetry_5t,ds-139-5T/v016,timesfm_2p5_ctx2048,timesfm,2788,2024-06-10,2.4962082385730353,0.20576903381152079,,0.5210207476595397,50.0
boom_telemetry_5t,ds-139-5T/v016,timesfm_2p5_ctx2048,timesfm,2921,2024-06-11,0.0874663942919328,0.20576903381152079,,0.051156859971135456,100.0
boom_telemetry_5t,ds-139-5T/v016,timesfm_2p5_ctx2048,timesfm,3054,2024-06-11,0.41011677845750355,0.20576903381152079,,0.14836423224970885,100.0
boom_telemetry_5t,ds-139-5T/v016,timesfm_2p5_ctx2048,timesfm,3187,2024-06-12,0.02027816912933523,0.20576903381152079,,0.02857249379977472,100.0
boom_telemetry_5t,ds-139-5T/v016,timesfm_2p5_ctx2048,timesfm,3319,2024-06-12,0.02731776797990387,0.20576903381152079,,0.03020337321033736,85.41666666666666
boom_telemetry_5t,ds-139-5T/v016,timesfm_2p5_ctx2048,timesfm,3452,2024-06-12,0.005592165319562399,0.20576903381152079,,0.011450649978169105,100.0
boom_telemetry_5t,ds-139-5T/v016,timesfm_2p5_ctx2048,timesfm,3585,2024-06-13,0.02294983550924944,0.20576903381152079,,0.016721119301843317,97.91666666666666
boom_telemetry_5t,ds-139-5T/v016,timesfm_2p5_ctx2048,timesfm,3718,2024-06-13,0.017208475097381288,0.20576903381152079,,0.011874458284530936,100.0
boom_telemetry_5t,ds-139-5T/v016,timesfm_2p5_ctx2048,timesfm,3850,2024-06-14,0.025708720187536862,0.20576903381152079,,0.009530354732696263,100.0
boom_telemetry_5t,ds-139-5T/v016,timesfm_2p5_ctx2048,timesfm,3983,2024-06-14,0.08775187113055774,0.20576903381152079,,0.030738360121863217,100.0
boom_telemetry_5t,ds-139-5T/v016,chronos_2_ctx2048,chronos,1992,2024-06-07,0.012701746793857802,0.022353338499669917,,1.7005905652003952,89.58333333333334
boom_telemetry_5t,ds-139-5T/v016,chronos_2_ctx2048,chronos,2125,2024-06-08,0.009239266222148095,0.022353338499669917,,1.166729103633694,97.91666666666666
boom_telemetry_5t,ds-139-5T/v016,chronos_2_ctx2048,chronos,2257,2024-06-08,0.00847413650899937,0.022353338499669917,,0.8282718152996942,87.5
boom_telemetry_5t,ds-139-5T/v016,chronos_2_ctx2048,chronos,2390,2024-06-09,0.010667139717210347,0.022353338499669917,,0.7853920898635808,100.0
boom_telemetry_5t,ds-139-5T/v016,chronos_2_ctx2048,chronos,2523,2024-06-09,0.045209593089663096,0.022353338499669917,,0.46093369303806475,64.58333333333334
boom_telemetry_5t,ds-139-5T/v016,chronos_2_ctx2048,chronos,2656,2024-06-10,0.08230907109376948,0.022353338499669917,,0.12710103057954997,100.0
boom_telemetry_5t,ds-139-5T/v016,chronos_2_ctx2048,chronos,2788,2024-06-10,0.7204656731087585,0.022353338499669917,,0.164142551244234,93.75
boom_telemetry_5t,ds-139-5T/v016,chronos_2_ctx2048,chronos,2921,2024-06-11,0.10991976188031263,0.022353338499669917,,0.06190889617776926,100.0
boom_telemetry_5t,ds-139-5T/v016,chronos_2_ctx2048,chronos,3054,2024-06-11,0.5085416465931949,0.022353338499669917,,0.1950502647711481,93.75
boom_telemetry_5t,ds-139-5T/v016,chronos_2_ctx2048,chronos,3187,2024-06-12,0.028867260496102085,0.022353338499669917,,0.03438891889409385,100.0
boom_telemetry_5t,ds-139-5T/v016,chronos_2_ctx2048,chronos,3319,2024-06-12,0.013036277917790922,0.022353338499669917,,0.010831564146428607,100.0
boom_telemetry_5t,ds-139-5T/v016,chronos_2_ctx2048,chronos,3452,2024-06-12,0.014641820981361386,0.022353338499669917,,0.011146009911080853,100.0
boom_telemetry_5t,ds-139-5T/v016,chronos_2_ctx2048,chronos,3585,2024-06-13,0.010225085663332648,0.022353338499669917,,0.005405216275068077,100.0
boom_telemetry_5t,ds-139-5T/v016,chronos_2_ctx2048,chronos,3718,2024-06-13,0.015749965893912355,0.022353338499669917,,0.006456786834211814,72.91666666666666
boom_telemetry_5t,ds-139-5T/v016,chronos_2_ctx2048,chronos,3850,2024-06-14,0.009682238169957813,0.022353338499669917,,0.0032683407548827308,91.66666666666666
boom_telemetry_5t,ds-139-5T/v016,chronos_2_ctx2048,chronos,3983,2024-06-14,0.021101164160506326,0.022353338499669917,,0.007418694634140345,97.91666666666666
boom_telemetry_5t,ds-139-5T/v016,chronos_bolt_small,chronos,1992,2024-06-07,0.029596145520409,0.006513239561172668,,4.076440325683943,70.83333333333334
boom_telemetry_5t,ds-139-5T/v016,chronos_bolt_small,chronos,2125,2024-06-08,0.04926280559217097,0.006513239561172668,,6.7727293443902425,37.5
boom_telemetry_5t,ds-139-5T/v016,chronos_bolt_small,chronos,2257,2024-06-08,0.044295564863989195,0.006513239561172668,,4.358638102508554,62.5
boom_telemetry_5t,ds-139-5T/v016,chronos_bolt_small,chronos,2390,2024-06-09,0.0628162883861377,0.006513239561172668,,4.537008190404628,58.333333333333336
boom_telemetry_5t,ds-139-5T/v016,chronos_bolt_small,chronos,2523,2024-06-09,0.07990199038766597,0.006513239561172668,,0.8405347698818924,68.75
boom_telemetry_5t,ds-139-5T/v016,chronos_bolt_small,chronos,2656,2024-06-10,0.1202040597174233,0.006513239561172668,,0.21315392810757317,95.83333333333334
boom_telemetry_5t,ds-139-5T/v016,chronos_bolt_small,chronos,2788,2024-06-10,1.4930682971615614,0.006513239561172668,,0.323273377363301,87.5
boom_telemetry_5t,ds-139-5T/v016,chronos_bolt_small,chronos,2921,2024-06-11,0.1485482960554933,0.006513239561172668,,0.08025505393857309,70.83333333333334
boom_telemetry_5t,ds-139-5T/v016,chronos_bolt_small,chronos,3054,2024-06-11,0.7119981847815152,0.006513239561172668,,0.2547805773729955,79.16666666666666
boom_telemetry_5t,ds-139-5T/v016,chronos_bolt_small,chronos,3187,2024-06-12,0.054288383182269424,0.006513239561172668,,0.04717031568077889,100.0
boom_telemetry_5t,ds-139-5T/v016,chronos_bolt_small,chronos,3319,2024-06-12,0.12314809956899668,0.006513239561172668,,0.09937118049892474,100.0
boom_telemetry_5t,ds-139-5T/v016,chronos_bolt_small,chronos,3452,2024-06-12,0.03925999257886914,0.006513239561172668,,0.037411175638663155,100.0
boom_telemetry_5t,ds-139-5T/v016,chronos_bolt_small,chronos,3585,2024-06-13,0.07705519781954102,0.006513239561172668,,0.042956553375284895,100.0
boom_telemetry_5t,ds-139-5T/v016,chronos_bolt_small,chronos,3718,2024-06-13,0.06532787609061182,0.006513239561172668,,0.0412877576748336,100.0
boom_telemetry_5t,ds-139-5T/v016,chronos_bolt_small,chronos,3850,2024-06-14,0.07290367450529119,0.006513239561172668,,0.02323745403764399,100.0
boom_telemetry_5t,ds-139-5T/v016,chronos_bolt_small,chronos,3983,2024-06-14,0.22921281257149842,0.006513239561172668,,0.0694094442615195,72.91666666666666
boom_telemetry_5t,ds-139-5T/v017,naive_last,naive,1992,2024-06-07,0.6290026543389375,1.7396232578903437e-06,,,
boom_telemetry_5t,ds-139-5T/v017,naive_last,naive,2125,2024-06-08,0.5041303909545777,1.7396232578903437e-06,,,
boom_telemetry_5t,ds-139-5T/v017,naive_last,naive,2257,2024-06-08,0.9562045961666766,1.7396232578903437e-06,,,
boom_telemetry_5t,ds-139-5T/v017,naive_last,naive,2390,2024-06-09,1.1980186024729835,1.7396232578903437e-06,,,
boom_telemetry_5t,ds-139-5T/v017,naive_last,naive,2523,2024-06-09,1.279933653501377,1.7396232578903437e-06,,,
boom_telemetry_5t,ds-139-5T/v017,naive_last,naive,2656,2024-06-10,0.632869428706327,1.7396232578903437e-06,,,
boom_telemetry_5t,ds-139-5T/v017,naive_last,naive,2788,2024-06-10,2.46283229460489,1.7396232578903437e-06,,,
boom_telemetry_5t,ds-139-5T/v017,naive_last,naive,2921,2024-06-11,0.30239079401626795,1.7396232578903437e-06,,,
boom_telemetry_5t,ds-139-5T/v017,naive_last,naive,3054,2024-06-11,2.199229134295185,1.7396232578903437e-06,,,
boom_telemetry_5t,ds-139-5T/v017,naive_last,naive,3187,2024-06-12,1.2014417374273023,1.7396232578903437e-06,,,
boom_telemetry_5t,ds-139-5T/v017,naive_last,naive,3319,2024-06-12,0.6683789012615917,1.7396232578903437e-06,,,
boom_telemetry_5t,ds-139-5T/v017,naive_last,naive,3452,2024-06-12,1.1088073148244588,1.7396232578903437e-06,,,
boom_telemetry_5t,ds-139-5T/v017,naive_last,naive,3585,2024-06-13,1.1777704420728192,1.7396232578903437e-06,,,
boom_telemetry_5t,ds-139-5T/v017,naive_last,naive,3718,2024-06-13,0.8137132630442877,1.7396232578903437e-06,,,
boom_telemetry_5t,ds-139-5T/v017,naive_last,naive,3850,2024-06-14,0.547814284795592,1.7396232578903437e-06,,,
boom_telemetry_5t,ds-139-5T/v017,naive_last,naive,3983,2024-06-14,0.5572083875797036,1.7396232578903437e-06,,,
boom_telemetry_5t,ds-139-5T/v017,naive_mean,naive,1992,2024-06-07,1.314820687952482,3.898436261806637e-06,,,
boom_telemetry_5t,ds-139-5T/v017,naive_mean,naive,2125,2024-06-08,1.0918046734332205,3.898436261806637e-06,,,
boom_telemetry_5t,ds-139-5T/v017,naive_mean,naive,2257,2024-06-08,1.2597532261013455,3.898436261806637e-06,,,
boom_telemetry_5t,ds-139-5T/v017,naive_mean,naive,2390,2024-06-09,1.0621911844939742,3.898436261806637e-06,,,
boom_telemetry_5t,ds-139-5T/v017,naive_mean,naive,2523,2024-06-09,2.1762135273773158,3.898436261806637e-06,,,
boom_telemetry_5t,ds-139-5T/v017,naive_mean,naive,2656,2024-06-10,0.889883832186927,3.898436261806637e-06,,,
boom_telemetry_5t,ds-139-5T/v017,naive_mean,naive,2788,2024-06-10,3.3248363038088447,3.898436261806637e-06,,,
boom_telemetry_5t,ds-139-5T/v017,naive_mean,naive,2921,2024-06-11,1.1458788882471083,3.898436261806637e-06,,,
boom_telemetry_5t,ds-139-5T/v017,naive_mean,naive,3054,2024-06-11,3.1189003172798953,3.898436261806637e-06,,,
boom_telemetry_5t,ds-139-5T/v017,naive_mean,naive,3187,2024-06-12,1.8708890524990405,3.898436261806637e-06,,,
boom_telemetry_5t,ds-139-5T/v017,naive_mean,naive,3319,2024-06-12,1.721835648372333,3.898436261806637e-06,,,
boom_telemetry_5t,ds-139-5T/v017,naive_mean,naive,3452,2024-06-12,0.8870879743149952,3.898436261806637e-06,,,
boom_telemetry_5t,ds-139-5T/v017,naive_mean,naive,3585,2024-06-13,0.840478697662072,3.898436261806637e-06,,,
boom_telemetry_5t,ds-139-5T/v017,naive_mean,naive,3718,2024-06-13,0.8207281645674289,3.898436261806637e-06,,,
boom_telemetry_5t,ds-139-5T/v017,naive_mean,naive,3850,2024-06-14,0.7724343228560147,3.898436261806637e-06,,,
boom_telemetry_5t,ds-139-5T/v017,naive_mean,naive,3983,2024-06-14,0.7354209477102271,3.898436261806637e-06,,,
boom_telemetry_5t,ds-139-5T/v017,seasonal_naive,naive,1992,2024-06-07,1.812394503903434,2.39581277128309e-06,,,
boom_telemetry_5t,ds-139-5T/v017,seasonal_naive,naive,2125,2024-06-08,0.31299831091291325,2.39581277128309e-06,,,
boom_telemetry_5t,ds-139-5T/v017,seasonal_naive,naive,2257,2024-06-08,0.5958806119046262,2.39581277128309e-06,,,
boom_telemetry_5t,ds-139-5T/v017,seasonal_naive,naive,2390,2024-06-09,0.445798196814157,2.39581277128309e-06,,,
boom_telemetry_5t,ds-139-5T/v017,seasonal_naive,naive,2523,2024-06-09,1.4788311417578661,2.39581277128309e-06,,,
boom_telemetry_5t,ds-139-5T/v017,seasonal_naive,naive,2656,2024-06-10,0.6425397595354551,2.39581277128309e-06,,,
boom_telemetry_5t,ds-139-5T/v017,seasonal_naive,naive,2788,2024-06-10,1.6333009300734191,2.39581277128309e-06,,,
boom_telemetry_5t,ds-139-5T/v017,seasonal_naive,naive,2921,2024-06-11,0.8153961877559303,2.39581277128309e-06,,,
boom_telemetry_5t,ds-139-5T/v017,seasonal_naive,naive,3054,2024-06-11,1.2255187633706912,2.39581277128309e-06,,,
boom_telemetry_5t,ds-139-5T/v017,seasonal_naive,naive,3187,2024-06-12,1.1489255508671472,2.39581277128309e-06,,,
boom_telemetry_5t,ds-139-5T/v017,seasonal_naive,naive,3319,2024-06-12,2.208509870528744,2.39581277128309e-06,,,
boom_telemetry_5t,ds-139-5T/v017,seasonal_naive,naive,3452,2024-06-12,1.574912480115457,2.39581277128309e-06,,,
boom_telemetry_5t,ds-139-5T/v017,seasonal_naive,naive,3585,2024-06-13,1.298565209004959,2.39581277128309e-06,,,
boom_telemetry_5t,ds-139-5T/v017,seasonal_naive,naive,3718,2024-06-13,1.202704899153259,2.39581277128309e-06,,,
boom_telemetry_5t,ds-139-5T/v017,seasonal_naive,naive,3850,2024-06-14,1.055296947220169,2.39581277128309e-06,,,
boom_telemetry_5t,ds-139-5T/v017,seasonal_naive,naive,3983,2024-06-14,0.522123186704759,2.39581277128309e-06,,,
boom_telemetry_5t,ds-139-5T/v017,seasonal_profile,naive,1992,2024-06-07,0.6028337756952202,2.941925049526617e-05,,,
boom_telemetry_5t,ds-139-5T/v017,seasonal_profile,naive,2125,2024-06-08,0.6077754436509625,2.941925049526617e-05,,,
boom_telemetry_5t,ds-139-5T/v017,seasonal_profile,naive,2257,2024-06-08,0.6820788064155914,2.941925049526617e-05,,,
boom_telemetry_5t,ds-139-5T/v017,seasonal_profile,naive,2390,2024-06-09,0.5500739819310307,2.941925049526617e-05,,,
boom_telemetry_5t,ds-139-5T/v017,seasonal_profile,naive,2523,2024-06-09,1.5625914675415933,2.941925049526617e-05,,,
boom_telemetry_5t,ds-139-5T/v017,seasonal_profile,naive,2656,2024-06-10,0.46444450009899707,2.941925049526617e-05,,,
boom_telemetry_5t,ds-139-5T/v017,seasonal_profile,naive,2788,2024-06-10,1.5013092599915947,2.941925049526617e-05,,,
boom_telemetry_5t,ds-139-5T/v017,seasonal_profile,naive,2921,2024-06-11,0.7292089283719155,2.941925049526617e-05,,,
boom_telemetry_5t,ds-139-5T/v017,seasonal_profile,naive,3054,2024-06-11,1.5153441053237175,2.941925049526617e-05,,,
boom_telemetry_5t,ds-139-5T/v017,seasonal_profile,naive,3187,2024-06-12,1.3094214475484505,2.941925049526617e-05,,,
boom_telemetry_5t,ds-139-5T/v017,seasonal_profile,naive,3319,2024-06-12,0.935347305565205,2.941925049526617e-05,,,
boom_telemetry_5t,ds-139-5T/v017,seasonal_profile,naive,3452,2024-06-12,0.9487171390087906,2.941925049526617e-05,,,
boom_telemetry_5t,ds-139-5T/v017,seasonal_profile,naive,3585,2024-06-13,0.9520382274537407,2.941925049526617e-05,,,
boom_telemetry_5t,ds-139-5T/v017,seasonal_profile,naive,3718,2024-06-13,1.4902552188748774,2.941925049526617e-05,,,
boom_telemetry_5t,ds-139-5T/v017,seasonal_profile,naive,3850,2024-06-14,1.457640808048039,2.941925049526617e-05,,,
boom_telemetry_5t,ds-139-5T/v017,seasonal_profile,naive,3983,2024-06-14,1.4508406236956632,2.941925049526617e-05,,,
boom_telemetry_5t,ds-139-5T/v017,autoets,statistical,1992,2024-06-07,0.6348432947857535,3.290536416687246,,0.3375581581991187,100.0
boom_telemetry_5t,ds-139-5T/v017,autoets,statistical,2125,2024-06-08,0.5041303909545777,3.290536416687246,,0.3393666981047124,100.0
boom_telemetry_5t,ds-139-5T/v017,autoets,statistical,2257,2024-06-08,0.9562045961666766,3.290536416687246,,0.35191362753676236,100.0
boom_telemetry_5t,ds-139-5T/v017,autoets,statistical,2390,2024-06-09,3.4879126503227016,3.290536416687246,,1.014249989051451,100.0
boom_telemetry_5t,ds-139-5T/v017,autoets,statistical,2523,2024-06-09,2.873367998821733,3.290536416687246,,0.7065917645643243,100.0
boom_telemetry_5t,ds-139-5T/v017,autoets,statistical,2656,2024-06-10,0.6328775930872766,3.290536416687246,,0.48936273446059625,100.0
boom_telemetry_5t,ds-139-5T/v017,autoets,statistical,2788,2024-06-10,2.1277488760574137,3.290536416687246,,0.42587412723837675,89.58333333333334
boom_telemetry_5t,ds-139-5T/v017,autoets,statistical,2921,2024-06-11,1.6504111895681135,3.290536416687246,,0.4978516459439153,100.0
boom_telemetry_5t,ds-139-5T/v017,autoets,statistical,3054,2024-06-11,1.2902372773612487,3.290536416687246,,0.29949275628637856,100.0
boom_telemetry_5t,ds-139-5T/v017,autoets,statistical,3187,2024-06-12,1.3559843554848643,3.290536416687246,,0.3271283716161714,100.0
boom_telemetry_5t,ds-139-5T/v017,autoets,statistical,3319,2024-06-12,2.183951026867164,3.290536416687246,,0.45007629502622004,100.0
boom_telemetry_5t,ds-139-5T/v017,autoets,statistical,3452,2024-06-12,3.17998403968456,3.290536416687246,,0.920683719138314,77.08333333333334
boom_telemetry_5t,ds-139-5T/v017,autoets,statistical,3585,2024-06-13,3.7092934942736564,3.290536416687246,,0.8572047798081881,97.91666666666666
boom_telemetry_5t,ds-139-5T/v017,autoets,statistical,3718,2024-06-13,1.9781030919506115,3.290536416687246,,0.7491076726262177,97.91666666666666
boom_telemetry_5t,ds-139-5T/v017,autoets,statistical,3850,2024-06-14,3.0029217146145073,3.290536416687246,,1.2404680987337222,100.0
boom_telemetry_5t,ds-139-5T/v017,autoets,statistical,3983,2024-06-14,2.2925579846057156,3.290536416687246,,1.0325558720392816,100.0
boom_telemetry_5t,ds-139-5T/v017,autotheta,statistical,1992,2024-06-07,0.9971876746355641,0.12755878906318685,,0.4343188355556041,100.0
boom_telemetry_5t,ds-139-5T/v017,autotheta,statistical,2125,2024-06-08,0.37158840005362465,0.12755878906318685,,0.4246527384927133,100.0
boom_telemetry_5t,ds-139-5T/v017,autotheta,statistical,2257,2024-06-08,0.5867968676527747,0.12755878906318685,,0.42478209828089725,100.0
boom_telemetry_5t,ds-139-5T/v017,autotheta,statistical,2390,2024-06-09,0.9226600607139279,0.12755878906318685,,0.25394428260535434,97.91666666666666
boom_telemetry_5t,ds-139-5T/v017,autotheta,statistical,2523,2024-06-09,1.1986142891639342,0.12755878906318685,,0.25071867519855123,85.41666666666666
boom_telemetry_5t,ds-139-5T/v017,autotheta,statistical,2656,2024-06-10,0.5399335521309665,0.12755878906318685,,0.23761201372957846,100.0
boom_telemetry_5t,ds-139-5T/v017,autotheta,statistical,2788,2024-06-10,1.1443569307655195,0.12755878906318685,,0.21446204160144816,97.91666666666666
boom_telemetry_5t,ds-139-5T/v017,autotheta,statistical,2921,2024-06-11,0.6957941255844114,0.12755878906318685,,0.23041907043004475,100.0
boom_telemetry_5t,ds-139-5T/v017,autotheta,statistical,3054,2024-06-11,1.670002761520519,0.12755878906318685,,0.28036480417613285,95.83333333333334
boom_telemetry_5t,ds-139-5T/v017,autotheta,statistical,3187,2024-06-12,0.7987692617302877,0.12755878906318685,,0.199190102859008,100.0
boom_telemetry_5t,ds-139-5T/v017,autotheta,statistical,3319,2024-06-12,0.7830266031952305,0.12755878906318685,,0.20041809939631172,100.0
boom_telemetry_5t,ds-139-5T/v017,autotheta,statistical,3452,2024-06-12,1.0221231334534344,0.12755878906318685,,0.3992065111648668,87.5
boom_telemetry_5t,ds-139-5T/v017,autotheta,statistical,3585,2024-06-13,1.0852380790404788,0.12755878906318685,,0.3221062570834839,100.0
boom_telemetry_5t,ds-139-5T/v017,autotheta,statistical,3718,2024-06-13,0.8068529433180985,0.12755878906318685,,0.4718042709840208,97.91666666666666
boom_telemetry_5t,ds-139-5T/v017,autotheta,statistical,3850,2024-06-14,0.46037499597441456,0.12755878906318685,,0.4463736215541981,100.0
boom_telemetry_5t,ds-139-5T/v017,autotheta,statistical,3983,2024-06-14,0.5359117312123285,0.12755878906318685,,0.5090343467889675,100.0
boom_telemetry_5t,ds-139-5T/v017,mstl,statistical,1992,2024-06-07,2.3854493550225766,1.5192600599330035,,0.7843534471533984,0.0
boom_telemetry_5t,ds-139-5T/v017,mstl,statistical,2125,2024-06-08,2.6778654821170913,1.5192600599330035,,0.952282217501104,0.0
boom_telemetry_5t,ds-139-5T/v017,mstl,statistical,2257,2024-06-08,2.364602488521659,1.5192600599330035,,0.7751268360166864,0.0
boom_telemetry_5t,ds-139-5T/v017,mstl,statistical,2390,2024-06-09,1.1178985551742668,1.5192600599330035,,0.38589043932660805,0.0
boom_telemetry_5t,ds-139-5T/v017,mstl,statistical,2523,2024-06-09,1.8152450903215303,1.5192600599330035,,0.4456350391041129,0.0
boom_telemetry_5t,ds-139-5T/v017,mstl,statistical,2656,2024-06-10,1.1034931553562903,1.5192600599330035,,0.3741674854723747,0.0
boom_telemetry_5t,ds-139-5T/v017,mstl,statistical,2788,2024-06-10,2.1472220000646676,1.5192600599330035,,0.3771971312836508,0.0
boom_telemetry_5t,ds-139-5T/v017,mstl,statistical,2921,2024-06-11,1.9484417150622182,1.5192600599330035,,0.5403251068686369,0.0
boom_telemetry_5t,ds-139-5T/v017,mstl,statistical,3054,2024-06-11,2.2757596061295238,1.5192600599330035,,0.4137723183371792,0.0
boom_telemetry_5t,ds-139-5T/v017,mstl,statistical,3187,2024-06-12,1.388942022877456,1.5192600599330035,,0.32287568557103236,0.0
boom_telemetry_5t,ds-139-5T/v017,mstl,statistical,3319,2024-06-12,0.9604329916186833,1.5192600599330035,,0.23000066672625152,0.0
boom_telemetry_5t,ds-139-5T/v017,mstl,statistical,3452,2024-06-12,0.7821804223633101,1.5192600599330035,,0.3085129022081224,0.0
boom_telemetry_5t,ds-139-5T/v017,mstl,statistical,3585,2024-06-13,0.9806441770064469,1.5192600599330035,,0.31578873489947334,0.0
boom_telemetry_5t,ds-139-5T/v017,mstl,statistical,3718,2024-06-13,0.9327379543065689,1.5192600599330035,,0.5046725448957001,0.0
boom_telemetry_5t,ds-139-5T/v017,mstl,statistical,3850,2024-06-14,1.489443647850047,1.5192600599330035,,0.8958771104546862,0.0
boom_telemetry_5t,ds-139-5T/v017,mstl,statistical,3983,2024-06-14,1.4458271241810734,1.5192600599330035,,0.9375431379380581,0.0
boom_telemetry_5t,ds-139-5T/v017,gbdt_calendar,ml,1992,2024-06-07,0.8780116589096754,0.9796373932476854,,,
boom_telemetry_5t,ds-139-5T/v017,gbdt_calendar,ml,2125,2024-06-08,0.86963395941835,0.9796373932476854,,,
boom_telemetry_5t,ds-139-5T/v017,gbdt_calendar,ml,2257,2024-06-08,0.527190085198576,0.9796373932476854,,,
boom_telemetry_5t,ds-139-5T/v017,gbdt_calendar,ml,2390,2024-06-09,0.7459587745731394,0.9796373932476854,,,
boom_telemetry_5t,ds-139-5T/v017,gbdt_calendar,ml,2523,2024-06-09,1.3912399535021633,0.9796373932476854,,,
boom_telemetry_5t,ds-139-5T/v017,gbdt_calendar,ml,2656,2024-06-10,0.5946099780106195,0.9796373932476854,,,
boom_telemetry_5t,ds-139-5T/v017,gbdt_calendar,ml,2788,2024-06-10,2.109160374972933,0.9796373932476854,,,
boom_telemetry_5t,ds-139-5T/v017,gbdt_calendar,ml,2921,2024-06-11,0.45152579185737574,0.9796373932476854,,,
boom_telemetry_5t,ds-139-5T/v017,gbdt_calendar,ml,3054,2024-06-11,1.3417480018547678,0.9796373932476854,,,
boom_telemetry_5t,ds-139-5T/v017,gbdt_calendar,ml,3187,2024-06-12,1.4388278717543674,0.9796373932476854,,,
boom_telemetry_5t,ds-139-5T/v017,gbdt_calendar,ml,3319,2024-06-12,0.8891464828992023,0.9796373932476854,,,
boom_telemetry_5t,ds-139-5T/v017,gbdt_calendar,ml,3452,2024-06-12,1.058095311259983,0.9796373932476854,,,
boom_telemetry_5t,ds-139-5T/v017,gbdt_calendar,ml,3585,2024-06-13,1.046177867698727,0.9796373932476854,,,
boom_telemetry_5t,ds-139-5T/v017,gbdt_calendar,ml,3718,2024-06-13,1.4361593600171172,0.9796373932476854,,,
boom_telemetry_5t,ds-139-5T/v017,gbdt_calendar,ml,3850,2024-06-14,0.8847587344922911,0.9796373932476854,,,
boom_telemetry_5t,ds-139-5T/v017,gbdt_calendar,ml,3983,2024-06-14,0.7851533260989317,0.9796373932476854,,,
boom_telemetry_5t,ds-139-5T/v017,timesfm_2p5_ctx2048,timesfm,1992,2024-06-07,0.3953946804233236,0.20212015106517356,,0.10726558346269241,93.75
boom_telemetry_5t,ds-139-5T/v017,timesfm_2p5_ctx2048,timesfm,2125,2024-06-08,0.37128755121275847,0.20212015106517356,,0.10029691257304683,85.41666666666666
boom_telemetry_5t,ds-139-5T/v017,timesfm_2p5_ctx2048,timesfm,2257,2024-06-08,0.5242818259380032,0.20212015106517356,,0.12521144604868364,87.5
boom_telemetry_5t,ds-139-5T/v017,timesfm_2p5_ctx2048,timesfm,2390,2024-06-09,0.3947809232269715,0.20212015106517356,,0.10004561388982625,97.91666666666666
boom_telemetry_5t,ds-139-5T/v017,timesfm_2p5_ctx2048,timesfm,2523,2024-06-09,1.2726839101162368,0.20212015106517356,,0.24877492350784383,72.91666666666666
boom_telemetry_5t,ds-139-5T/v017,timesfm_2p5_ctx2048,timesfm,2656,2024-06-10,0.43319540049205224,0.20212015106517356,,0.11138173580645211,81.25
boom_telemetry_5t,ds-139-5T/v017,timesfm_2p5_ctx2048,timesfm,2788,2024-06-10,2.299936787909465,0.20212015106517356,,0.3474770294874192,37.5
boom_telemetry_5t,ds-139-5T/v017,timesfm_2p5_ctx2048,timesfm,2921,2024-06-11,0.3652125924229537,0.20212015106517356,,0.08392041555527842,97.91666666666666
boom_telemetry_5t,ds-139-5T/v017,timesfm_2p5_ctx2048,timesfm,3054,2024-06-11,1.7436464997790202,0.20212015106517356,,0.24679314493499893,83.33333333333334
boom_telemetry_5t,ds-139-5T/v017,timesfm_2p5_ctx2048,timesfm,3187,2024-06-12,0.7567966748332554,0.20212015106517356,,0.12730844626174578,91.66666666666666
boom_telemetry_5t,ds-139-5T/v017,timesfm_2p5_ctx2048,timesfm,3319,2024-06-12,0.590056772586356,0.20212015106517356,,0.10789543026625417,91.66666666666666
boom_telemetry_5t,ds-139-5T/v017,timesfm_2p5_ctx2048,timesfm,3452,2024-06-12,0.9244743507785664,0.20212015106517356,,0.304728757506171,62.5
boom_telemetry_5t,ds-139-5T/v017,timesfm_2p5_ctx2048,timesfm,3585,2024-06-13,0.6164419768283355,0.20212015106517356,,0.15234315474156465,81.25
boom_telemetry_5t,ds-139-5T/v017,timesfm_2p5_ctx2048,timesfm,3718,2024-06-13,0.5981417192197317,0.20212015106517356,,0.24684011126882877,83.33333333333334
boom_telemetry_5t,ds-139-5T/v017,timesfm_2p5_ctx2048,timesfm,3850,2024-06-14,0.31671971543295735,0.20212015106517356,,0.15405946615254199,89.58333333333334
boom_telemetry_5t,ds-139-5T/v017,timesfm_2p5_ctx2048,timesfm,3983,2024-06-14,0.3960390750398569,0.20212015106517356,,0.20087836808078907,85.41666666666666
boom_telemetry_5t,ds-139-5T/v017,chronos_2_ctx2048,chronos,1992,2024-06-07,0.38847702528606476,0.02199795831256779,,0.10035654075066675,91.66666666666666
boom_telemetry_5t,ds-139-5T/v017,chronos_2_ctx2048,chronos,2125,2024-06-08,0.3510382319884606,0.02199795831256779,,0.09185816113768862,83.33333333333334
boom_telemetry_5t,ds-139-5T/v017,chronos_2_ctx2048,chronos,2257,2024-06-08,0.5176506953720209,0.02199795831256779,,0.1290652432139713,68.75
boom_telemetry_5t,ds-139-5T/v017,chronos_2_ctx2048,chronos,2390,2024-06-09,0.4413908248452862,0.02199795831256779,,0.10708578664800104,93.75
boom_telemetry_5t,ds-139-5T/v017,chronos_2_ctx2048,chronos,2523,2024-06-09,1.333644068054246,0.02199795831256779,,0.2601567527744185,58.333333333333336
boom_telemetry_5t,ds-139-5T/v017,chronos_2_ctx2048,chronos,2656,2024-06-10,0.4286345552424277,0.02199795831256779,,0.11475200061439768,85.41666666666666
boom_telemetry_5t,ds-139-5T/v017,chronos_2_ctx2048,chronos,2788,2024-06-10,1.1752639830565188,0.02199795831256779,,0.1568072708519983,85.41666666666666
boom_telemetry_5t,ds-139-5T/v017,chronos_2_ctx2048,chronos,2921,2024-06-11,0.34830080440735517,0.02199795831256779,,0.08423708853047206,100.0
boom_telemetry_5t,ds-139-5T/v017,chronos_2_ctx2048,chronos,3054,2024-06-11,1.087566566915804,0.02199795831256779,,0.15442356870721408,93.75
boom_telemetry_5t,ds-139-5T/v017,chronos_2_ctx2048,chronos,3187,2024-06-12,0.7760916456349568,0.02199795831256779,,0.12820081737509553,75.0
boom_telemetry_5t,ds-139-5T/v017,chronos_2_ctx2048,chronos,3319,2024-06-12,0.5734783395062598,0.02199795831256779,,0.10446477964117963,77.08333333333334
boom_telemetry_5t,ds-139-5T/v017,chronos_2_ctx2048,chronos,3452,2024-06-12,0.7673906584527179,0.02199795831256779,,0.2456027285664203,70.83333333333334
boom_telemetry_5t,ds-139-5T/v017,chronos_2_ctx2048,chronos,3585,2024-06-13,0.5603768906481296,0.02199795831256779,,0.1407544109009779,79.16666666666666
boom_telemetry_5t,ds-139-5T/v017,chronos_2_ctx2048,chronos,3718,2024-06-13,0.47191881267559765,0.02199795831256779,,0.2069565609239084,89.58333333333334
boom_telemetry_5t,ds-139-5T/v017,chronos_2_ctx2048,chronos,3850,2024-06-14,0.3046555200874948,0.02199795831256779,,0.14830238283422342,81.25
boom_telemetry_5t,ds-139-5T/v017,chronos_2_ctx2048,chronos,3983,2024-06-14,0.2847303665773693,0.02199795831256779,,0.14845680862005847,87.5
boom_telemetry_5t,ds-139-5T/v017,chronos_bolt_small,chronos,1992,2024-06-07,0.6684035534163923,0.006782377626223024,,0.17761914617616045,85.41666666666666
boom_telemetry_5t,ds-139-5T/v017,chronos_bolt_small,chronos,2125,2024-06-08,0.3826241507024332,0.006782377626223024,,0.09999526632584896,77.08333333333334
boom_telemetry_5t,ds-139-5T/v017,chronos_bolt_small,chronos,2257,2024-06-08,0.4944139817654158,0.006782377626223024,,0.1225740682234473,89.58333333333334
boom_telemetry_5t,ds-139-5T/v017,chronos_bolt_small,chronos,2390,2024-06-09,0.4812881717696631,0.006782377626223024,,0.12949420928579433,87.5
boom_telemetry_5t,ds-139-5T/v017,chronos_bolt_small,chronos,2523,2024-06-09,1.243732256976279,0.006782377626223024,,0.23643748401709092,81.25
boom_telemetry_5t,ds-139-5T/v017,chronos_bolt_small,chronos,2656,2024-06-10,0.4505001456622257,0.006782377626223024,,0.11873724178233576,85.41666666666666
boom_telemetry_5t,ds-139-5T/v017,chronos_bolt_small,chronos,2788,2024-06-10,2.164996342483787,0.006782377626223024,,0.3287385411109848,47.91666666666667
boom_telemetry_5t,ds-139-5T/v017,chronos_bolt_small,chronos,2921,2024-06-11,0.42853227574512043,0.006782377626223024,,0.09212731258654984,89.58333333333334
boom_telemetry_5t,ds-139-5T/v017,chronos_bolt_small,chronos,3054,2024-06-11,1.7204880251642205,0.006782377626223024,,0.25765067589144297,72.91666666666666
boom_telemetry_5t,ds-139-5T/v017,chronos_bolt_small,chronos,3187,2024-06-12,0.5559044705672662,0.006782377626223024,,0.09411391157705824,89.58333333333334
boom_telemetry_5t,ds-139-5T/v017,chronos_bolt_small,chronos,3319,2024-06-12,0.585316172156038,0.006782377626223024,,0.10464215665662767,87.5
boom_telemetry_5t,ds-139-5T/v017,chronos_bolt_small,chronos,3452,2024-06-12,0.822573898652791,0.006782377626223024,,0.25783722853121294,77.08333333333334
boom_telemetry_5t,ds-139-5T/v017,chronos_bolt_small,chronos,3585,2024-06-13,0.5701496440388881,0.006782377626223024,,0.13847414553235307,85.41666666666666
boom_telemetry_5t,ds-139-5T/v017,chronos_bolt_small,chronos,3718,2024-06-13,0.6237167250634872,0.006782377626223024,,0.25563624843995664,89.58333333333334
boom_telemetry_5t,ds-139-5T/v017,chronos_bolt_small,chronos,3850,2024-06-14,0.28707384376939604,0.006782377626223024,,0.14128558131859056,87.5
boom_telemetry_5t,ds-139-5T/v017,chronos_bolt_small,chronos,3983,2024-06-14,0.32874572936836843,0.006782377626223024,,0.17257897375471057,89.58333333333334
boom_telemetry_5t,ds-139-5T/v020,naive_last,naive,1992,2024-06-07,0.2435876350930724,1.747372152749449e-06,,,
boom_telemetry_5t,ds-139-5T/v020,naive_last,naive,2125,2024-06-08,0.0323855237226704,1.747372152749449e-06,,,
boom_telemetry_5t,ds-139-5T/v020,naive_last,naive,2257,2024-06-08,0.05551458264977844,1.747372152749449e-06,,,
boom_telemetry_5t,ds-139-5T/v020,naive_last,naive,2390,2024-06-09,0.04043971081792442,1.747372152749449e-06,,,
boom_telemetry_5t,ds-139-5T/v020,naive_last,naive,2523,2024-06-09,0.3045992129126605,1.747372152749449e-06,,,
boom_telemetry_5t,ds-139-5T/v020,naive_last,naive,2656,2024-06-10,0.3584267967533829,1.747372152749449e-06,,,
boom_telemetry_5t,ds-139-5T/v020,naive_last,naive,2788,2024-06-10,4.673433533237159,1.747372152749449e-06,,,
boom_telemetry_5t,ds-139-5T/v020,naive_last,naive,2921,2024-06-11,0.8333646249022496,1.747372152749449e-06,,,
boom_telemetry_5t,ds-139-5T/v020,naive_last,naive,3054,2024-06-11,0.7537343634271026,1.747372152749449e-06,,,
boom_telemetry_5t,ds-139-5T/v020,naive_last,naive,3187,2024-06-12,0.2516019338421205,1.747372152749449e-06,,,
boom_telemetry_5t,ds-139-5T/v020,naive_last,naive,3319,2024-06-12,0.18563074610271266,1.747372152749449e-06,,,
boom_telemetry_5t,ds-139-5T/v020,naive_last,naive,3452,2024-06-12,0.1965357176494093,1.747372152749449e-06,,,
boom_telemetry_5t,ds-139-5T/v020,naive_last,naive,3585,2024-06-13,0.2885254286488108,1.747372152749449e-06,,,
boom_telemetry_5t,ds-139-5T/v020,naive_last,naive,3718,2024-06-13,0.26989755378722907,1.747372152749449e-06,,,
boom_telemetry_5t,ds-139-5T/v020,naive_last,naive,3850,2024-06-14,0.5691282688288838,1.747372152749449e-06,,,
boom_telemetry_5t,ds-139-5T/v020,naive_last,naive,3983,2024-06-14,0.021771445187249973,1.747372152749449e-06,,,
boom_telemetry_5t,ds-139-5T/v020,naive_mean,naive,1992,2024-06-07,0.7176301008797491,3.760440449696034e-06,,,
boom_telemetry_5t,ds-139-5T/v020,naive_mean,naive,2125,2024-06-08,0.8941914997116197,3.760440449696034e-06,,,
boom_telemetry_5t,ds-139-5T/v020,naive_mean,naive,2257,2024-06-08,0.8788033854503691,3.760440449696034e-06,,,
boom_telemetry_5t,ds-139-5T/v020,naive_mean,naive,2390,2024-06-09,0.8914649851384695,3.760440449696034e-06,,,
boom_telemetry_5t,ds-139-5T/v020,naive_mean,naive,2523,2024-06-09,2.1479003107575028,3.760440449696034e-06,,,
boom_telemetry_5t,ds-139-5T/v020,naive_mean,naive,2656,2024-06-10,0.4111778091541101,3.760440449696034e-06,,,
boom_telemetry_5t,ds-139-5T/v020,naive_mean,naive,2788,2024-06-10,16.649717021985648,3.760440449696034e-06,,,
boom_telemetry_5t,ds-139-5T/v020,naive_mean,naive,2921,2024-06-11,0.39264055464392794,3.760440449696034e-06,,,
boom_telemetry_5t,ds-139-5T/v020,naive_mean,naive,3054,2024-06-11,1.5938842330761986,3.760440449696034e-06,,,
boom_telemetry_5t,ds-139-5T/v020,naive_mean,naive,3187,2024-06-12,0.15633375443492414,3.760440449696034e-06,,,
boom_telemetry_5t,ds-139-5T/v020,naive_mean,naive,3319,2024-06-12,0.23646254340409503,3.760440449696034e-06,,,
boom_telemetry_5t,ds-139-5T/v020,naive_mean,naive,3452,2024-06-12,0.42612996932980884,3.760440449696034e-06,,,
boom_telemetry_5t,ds-139-5T/v020,naive_mean,naive,3585,2024-06-13,0.27310663983075045,3.760440449696034e-06,,,
boom_telemetry_5t,ds-139-5T/v020,naive_mean,naive,3718,2024-06-13,0.2508590815638634,3.760440449696034e-06,,,
boom_telemetry_5t,ds-139-5T/v020,naive_mean,naive,3850,2024-06-14,0.5316182343092822,3.760440449696034e-06,,,
boom_telemetry_5t,ds-139-5T/v020,naive_mean,naive,3983,2024-06-14,0.5451782215670842,3.760440449696034e-06,,,
boom_telemetry_5t,ds-139-5T/v020,seasonal_naive,naive,1992,2024-06-07,1.8600088189498332,2.2213716874830425e-06,,,
boom_telemetry_5t,ds-139-5T/v020,seasonal_naive,naive,2125,2024-06-08,1.5404303221508888,2.2213716874830425e-06,,,
boom_telemetry_5t,ds-139-5T/v020,seasonal_naive,naive,2257,2024-06-08,0.5783768562094939,2.2213716874830425e-06,,,
boom_telemetry_5t,ds-139-5T/v020,seasonal_naive,naive,2390,2024-06-09,0.07579786244423363,2.2213716874830425e-06,,,
boom_telemetry_5t,ds-139-5T/v020,seasonal_naive,naive,2523,2024-06-09,2.968562827848424,2.2213716874830425e-06,,,
boom_telemetry_5t,ds-139-5T/v020,seasonal_naive,naive,2656,2024-06-10,0.4931412126088236,2.2213716874830425e-06,,,
boom_telemetry_5t,ds-139-5T/v020,seasonal_naive,naive,2788,2024-06-10,14.929523760533387,2.2213716874830425e-06,,,
boom_telemetry_5t,ds-139-5T/v020,seasonal_naive,naive,2921,2024-06-11,0.29744123774453735,2.2213716874830425e-06,,,
boom_telemetry_5t,ds-139-5T/v020,seasonal_naive,naive,3054,2024-06-11,5.926072535850896,2.2213716874830425e-06,,,
boom_telemetry_5t,ds-139-5T/v020,seasonal_naive,naive,3187,2024-06-12,0.4582041675750512,2.2213716874830425e-06,,,
boom_telemetry_5t,ds-139-5T/v020,seasonal_naive,naive,3319,2024-06-12,0.48746916021789766,2.2213716874830425e-06,,,
boom_telemetry_5t,ds-139-5T/v020,seasonal_naive,naive,3452,2024-06-12,0.564057603720127,2.2213716874830425e-06,,,
boom_telemetry_5t,ds-139-5T/v020,seasonal_naive,naive,3585,2024-06-13,0.18848442820291,2.2213716874830425e-06,,,
boom_telemetry_5t,ds-139-5T/v020,seasonal_naive,naive,3718,2024-06-13,0.14944698325873104,2.2213716874830425e-06,,,
boom_telemetry_5t,ds-139-5T/v020,seasonal_naive,naive,3850,2024-06-14,0.5267164173550541,2.2213716874830425e-06,,,
boom_telemetry_5t,ds-139-5T/v020,seasonal_naive,naive,3983,2024-06-14,0.5619045480483288,2.2213716874830425e-06,,,
boom_telemetry_5t,ds-139-5T/v020,seasonal_profile,naive,1992,2024-06-07,1.809040804460288,2.510412741685286e-05,,,
boom_telemetry_5t,ds-139-5T/v020,seasonal_profile,naive,2125,2024-06-08,1.4237414905922121,2.510412741685286e-05,,,
boom_telemetry_5t,ds-139-5T/v020,seasonal_profile,naive,2257,2024-06-08,1.758815162165485,2.510412741685286e-05,,,
boom_telemetry_5t,ds-139-5T/v020,seasonal_profile,naive,2390,2024-06-09,0.6715446244404429,2.510412741685286e-05,,,
boom_telemetry_5t,ds-139-5T/v020,seasonal_profile,naive,2523,2024-06-09,1.83582965239898,2.510412741685286e-05,,,
boom_telemetry_5t,ds-139-5T/v020,seasonal_profile,naive,2656,2024-06-10,0.3833010046236316,2.510412741685286e-05,,,
boom_telemetry_5t,ds-139-5T/v020,seasonal_profile,naive,2788,2024-06-10,16.547004224449978,2.510412741685286e-05,,,
boom_telemetry_5t,ds-139-5T/v020,seasonal_profile,naive,2921,2024-06-11,0.577162838844831,2.510412741685286e-05,,,
boom_telemetry_5t,ds-139-5T/v020,seasonal_profile,naive,3054,2024-06-11,1.5470134620785707,2.510412741685286e-05,,,
boom_telemetry_5t,ds-139-5T/v020,seasonal_profile,naive,3187,2024-06-12,0.25837331653644063,2.510412741685286e-05,,,
boom_telemetry_5t,ds-139-5T/v020,seasonal_profile,naive,3319,2024-06-12,0.2046530290728653,2.510412741685286e-05,,,
boom_telemetry_5t,ds-139-5T/v020,seasonal_profile,naive,3452,2024-06-12,0.5939087798181963,2.510412741685286e-05,,,
boom_telemetry_5t,ds-139-5T/v020,seasonal_profile,naive,3585,2024-06-13,0.1059791592029377,2.510412741685286e-05,,,
boom_telemetry_5t,ds-139-5T/v020,seasonal_profile,naive,3718,2024-06-13,0.5801650757350937,2.510412741685286e-05,,,
boom_telemetry_5t,ds-139-5T/v020,seasonal_profile,naive,3850,2024-06-14,0.4739661002895082,2.510412741685286e-05,,,
boom_telemetry_5t,ds-139-5T/v020,seasonal_profile,naive,3983,2024-06-14,0.8678721047519884,2.510412741685286e-05,,,
boom_telemetry_5t,ds-139-5T/v020,autoets,statistical,1992,2024-06-07,0.24597685601135638,1.0653111484425608,,0.14407855802607172,100.0
boom_telemetry_5t,ds-139-5T/v020,autoets,statistical,2125,2024-06-08,0.059459029513050335,1.0653111484425608,,0.10001916027485018,100.0
boom_telemetry_5t,ds-139-5T/v020,autoets,statistical,2257,2024-06-08,0.05644734624096069,1.0653111484425608,,0.06342583051253001,100.0
boom_telemetry_5t,ds-139-5T/v020,autoets,statistical,2390,2024-06-09,0.06926008750421807,1.0653111484425608,,0.0611115468446763,100.0
boom_telemetry_5t,ds-139-5T/v020,autoets,statistical,2523,2024-06-09,0.3948696666815187,1.0653111484425608,,0.18901690397784982,56.25
boom_telemetry_5t,ds-139-5T/v020,autoets,statistical,2656,2024-06-10,0.22324375474249955,1.0653111484425608,,0.16342373118145148,100.0
boom_telemetry_5t,ds-139-5T/v020,autoets,statistical,2788,2024-06-10,3.4571598551632823,1.0653111484425608,,0.1977831545442738,29.166666666666668
boom_telemetry_5t,ds-139-5T/v020,autoets,statistical,2921,2024-06-11,0.7016316495425152,1.0653111484425608,,1.3774022001111512,27.083333333333332
boom_telemetry_5t,ds-139-5T/v020,autoets,statistical,3054,2024-06-11,0.26170688933636743,1.0653111484425608,,0.13326265377514607,77.08333333333334
boom_telemetry_5t,ds-139-5T/v020,autoets,statistical,3187,2024-06-12,0.15021095279599014,1.0653111484425608,,0.759317630048046,100.0
boom_telemetry_5t,ds-139-5T/v020,autoets,statistical,3319,2024-06-12,0.10302493508980831,1.0653111484425608,,0.3990722867871423,100.0
boom_telemetry_5t,ds-139-5T/v020,autoets,statistical,3452,2024-06-12,0.3718690488795734,1.0653111484425608,,0.651515036174694,37.5
boom_telemetry_5t,ds-139-5T/v020,autoets,statistical,3585,2024-06-13,0.15790061621785487,1.0653111484425608,,0.41155667828026826,100.0
boom_telemetry_5t,ds-139-5T/v020,autoets,statistical,3718,2024-06-13,0.2531697674530229,1.0653111484425608,,0.7098560279010018,100.0
boom_telemetry_5t,ds-139-5T/v020,autoets,statistical,3850,2024-06-14,0.41563977075090713,1.0653111484425608,,0.5417017223111577,62.5
boom_telemetry_5t,ds-139-5T/v020,autoets,statistical,3983,2024-06-14,0.2173663350799498,1.0653111484425608,,0.2577293098385177,100.0
boom_telemetry_5t,ds-139-5T/v020,autotheta,statistical,1992,2024-06-07,0.2434597717779752,0.10227730212500319,,0.13868768985642593,58.333333333333336
boom_telemetry_5t,ds-139-5T/v020,autotheta,statistical,2125,2024-06-08,0.032394963233333574,0.10227730212500319,,0.037776210623661106,100.0
boom_telemetry_5t,ds-139-5T/v020,autotheta,statistical,2257,2024-06-08,0.047118748240368415,0.10227730212500319,,0.033937222596768735,100.0
boom_telemetry_5t,ds-139-5T/v020,autotheta,statistical,2390,2024-06-09,0.04036956169862884,0.10227730212500319,,0.03211747909610566,100.0
boom_telemetry_5t,ds-139-5T/v020,autotheta,statistical,2523,2024-06-09,0.3052568178402961,0.10227730212500319,,0.16834181263891052,41.66666666666667
boom_telemetry_5t,ds-139-5T/v020,autotheta,statistical,2656,2024-06-10,0.3527470792662953,0.10227730212500319,,0.3084799412488697,25.0
boom_telemetry_5t,ds-139-5T/v020,autotheta,statistical,2788,2024-06-10,4.675112705217882,0.10227730212500319,,0.28200992141914133,0.0
boom_telemetry_5t,ds-139-5T/v020,autotheta,statistical,2921,2024-06-11,0.8421775794183934,0.10227730212500319,,1.8874180263189584,20.833333333333336
boom_telemetry_5t,ds-139-5T/v020,autotheta,statistical,3054,2024-06-11,0.7351469896168115,0.10227730212500319,,0.4015248605187643,0.0
boom_telemetry_5t,ds-139-5T/v020,autotheta,statistical,3187,2024-06-12,0.25275321693446867,0.10227730212500319,,1.2387749575246247,47.91666666666667
boom_telemetry_5t,ds-139-5T/v020,autotheta,statistical,3319,2024-06-12,0.1850432172345417,0.10227730212500319,,0.5759859968164227,56.25
boom_telemetry_5t,ds-139-5T/v020,autotheta,statistical,3452,2024-06-12,0.19731708822827906,0.10227730212500319,,0.3287332021804318,60.416666666666664
boom_telemetry_5t,ds-139-5T/v020,autotheta,statistical,3585,2024-06-13,0.2845744844042413,0.10227730212500319,,0.7936565801455546,31.25
boom_telemetry_5t,ds-139-5T/v020,autotheta,statistical,3718,2024-06-13,0.2698614439476046,0.10227730212500319,,0.8730505723714304,54.166666666666664
boom_telemetry_5t,ds-139-5T/v020,autotheta,statistical,3850,2024-06-14,0.5773858567919185,0.10227730212500319,,0.942534248129089,16.666666666666664
boom_telemetry_5t,ds-139-5T/v020,autotheta,statistical,3983,2024-06-14,0.024976986801883445,0.10227730212500319,,0.08746129840520162,100.0
boom_telemetry_5t,ds-139-5T/v020,mstl,statistical,1992,2024-06-07,0.7866810143346614,1.4092063359348685,,0.6461951024138557,0.0
boom_telemetry_5t,ds-139-5T/v020,mstl,statistical,2125,2024-06-08,0.5942457626176735,1.4092063359348685,,0.42954153225511577,0.0
boom_telemetry_5t,ds-139-5T/v020,mstl,statistical,2257,2024-06-08,0.9947146753152963,1.4092063359348685,,0.7125608287692317,0.0
boom_telemetry_5t,ds-139-5T/v020,mstl,statistical,2390,2024-06-09,1.6367515088472773,1.4092063359348685,,1.0820948824043777,0.0
boom_telemetry_5t,ds-139-5T/v020,mstl,statistical,2523,2024-06-09,0.4727730457383051,1.4092063359348685,,0.3106156622914186,0.0
boom_telemetry_5t,ds-139-5T/v020,mstl,statistical,2656,2024-06-10,0.47501982297837275,1.4092063359348685,,0.5100941223514148,0.0
boom_telemetry_5t,ds-139-5T/v020,mstl,statistical,2788,2024-06-10,15.456080754213163,1.4092063359348685,,0.9538473154002699,0.0
boom_telemetry_5t,ds-139-5T/v020,mstl,statistical,2921,2024-06-11,0.38410897057612664,1.4092063359348685,,0.9826362885771985,0.0
boom_telemetry_5t,ds-139-5T/v020,mstl,statistical,3054,2024-06-11,0.4522768650383274,1.4092063359348685,,0.2831485168222017,0.0
boom_telemetry_5t,ds-139-5T/v020,mstl,statistical,3187,2024-06-12,0.5396163379617015,1.4092063359348685,,3.568649091912546,0.0
boom_telemetry_5t,ds-139-5T/v020,mstl,statistical,3319,2024-06-12,0.6287775855741853,1.4092063359348685,,2.425474607776403,0.0
boom_telemetry_5t,ds-139-5T/v020,mstl,statistical,3452,2024-06-12,1.1851259552083038,1.4092063359348685,,2.9467205734281134,0.0
boom_telemetry_5t,ds-139-5T/v020,mstl,statistical,3585,2024-06-13,0.4161686232183386,1.4092063359348685,,1.4744181258344162,0.0
boom_telemetry_5t,ds-139-5T/v020,mstl,statistical,3718,2024-06-13,1.7044572147868622,1.4092063359348685,,7.114890369378742,0.0
boom_telemetry_5t,ds-139-5T/v020,mstl,statistical,3850,2024-06-14,0.091890961908435,1.4092063359348685,,0.16934785873690172,0.0
boom_telemetry_5t,ds-139-5T/v020,mstl,statistical,3983,2024-06-14,0.6294818378659538,1.4092063359348685,,1.1082214402970039,0.0
boom_telemetry_5t,ds-139-5T/v020,gbdt_calendar,ml,1992,2024-06-07,1.7348276373657536,1.1071939323155675,,,
boom_telemetry_5t,ds-139-5T/v020,gbdt_calendar,ml,2125,2024-06-08,0.24661849407044678,1.1071939323155675,,,
boom_telemetry_5t,ds-139-5T/v020,gbdt_calendar,ml,2257,2024-06-08,0.31042317672112124,1.1071939323155675,,,
boom_telemetry_5t,ds-139-5T/v020,gbdt_calendar,ml,2390,2024-06-09,0.0574526677210473,1.1071939323155675,,,
boom_telemetry_5t,ds-139-5T/v020,gbdt_calendar,ml,2523,2024-06-09,2.9071060942391473,1.1071939323155675,,,
boom_telemetry_5t,ds-139-5T/v020,gbdt_calendar,ml,2656,2024-06-10,1.4084494604992568,1.1071939323155675,,,
boom_telemetry_5t,ds-139-5T/v020,gbdt_calendar,ml,2788,2024-06-10,15.038424070670949,1.1071939323155675,,,
boom_telemetry_5t,ds-139-5T/v020,gbdt_calendar,ml,2921,2024-06-11,0.6684335689346711,1.1071939323155675,,,
boom_telemetry_5t,ds-139-5T/v020,gbdt_calendar,ml,3054,2024-06-11,1.3942410102596303,1.1071939323155675,,,
boom_telemetry_5t,ds-139-5T/v020,gbdt_calendar,ml,3187,2024-06-12,0.12823273922598494,1.1071939323155675,,,
boom_telemetry_5t,ds-139-5T/v020,gbdt_calendar,ml,3319,2024-06-12,0.14567742283157653,1.1071939323155675,,,
boom_telemetry_5t,ds-139-5T/v020,gbdt_calendar,ml,3452,2024-06-12,0.29919432726668815,1.1071939323155675,,,
boom_telemetry_5t,ds-139-5T/v020,gbdt_calendar,ml,3585,2024-06-13,0.45790491855502174,1.1071939323155675,,,
boom_telemetry_5t,ds-139-5T/v020,gbdt_calendar,ml,3718,2024-06-13,0.26667037273563654,1.1071939323155675,,,
boom_telemetry_5t,ds-139-5T/v020,gbdt_calendar,ml,3850,2024-06-14,0.7998843543769136,1.1071939323155675,,,
boom_telemetry_5t,ds-139-5T/v020,gbdt_calendar,ml,3983,2024-06-14,0.5908232120036311,1.1071939323155675,,,
boom_telemetry_5t,ds-139-5T/v020,timesfm_2p5_ctx2048,timesfm,1992,2024-06-07,0.3203020965694483,0.21541451300436165,,0.1783591799338764,100.0
boom_telemetry_5t,ds-139-5T/v020,timesfm_2p5_ctx2048,timesfm,2125,2024-06-08,0.05606981462114256,0.21541451300436165,,0.03937939507845051,100.0
boom_telemetry_5t,ds-139-5T/v020,timesfm_2p5_ctx2048,timesfm,2257,2024-06-08,0.03620989730740998,0.21541451300436165,,0.03411655735696814,100.0
boom_telemetry_5t,ds-139-5T/v020,timesfm_2p5_ctx2048,timesfm,2390,2024-06-09,0.05415662389897509,0.21541451300436165,,0.032251979784331745,91.66666666666666
boom_telemetry_5t,ds-139-5T/v020,timesfm_2p5_ctx2048,timesfm,2523,2024-06-09,0.5543659801621058,0.21541451300436165,,0.2605563465866694,66.66666666666666
boom_telemetry_5t,ds-139-5T/v020,timesfm_2p5_ctx2048,timesfm,2656,2024-06-10,0.04539606040332013,0.21541451300436165,,0.07184857841284688,100.0
boom_telemetry_5t,ds-139-5T/v020,timesfm_2p5_ctx2048,timesfm,2788,2024-06-10,4.782508886363073,0.21541451300436165,,0.20390580246852433,81.25
boom_telemetry_5t,ds-139-5T/v020,timesfm_2p5_ctx2048,timesfm,2921,2024-06-11,0.7008193228992938,0.21541451300436165,,1.5036109071002182,20.833333333333336
boom_telemetry_5t,ds-139-5T/v020,timesfm_2p5_ctx2048,timesfm,3054,2024-06-11,0.4760855405439522,0.21541451300436165,,0.2476129528426396,100.0
boom_telemetry_5t,ds-139-5T/v020,timesfm_2p5_ctx2048,timesfm,3187,2024-06-12,0.0888270752967615,0.21541451300436165,,0.4667110011973984,93.75
boom_telemetry_5t,ds-139-5T/v020,timesfm_2p5_ctx2048,timesfm,3319,2024-06-12,0.11367135043962363,0.21541451300436165,,0.41386735491958854,100.0
boom_telemetry_5t,ds-139-5T/v020,timesfm_2p5_ctx2048,timesfm,3452,2024-06-12,0.11908034131700167,0.21541451300436165,,0.21746779980693465,100.0
boom_telemetry_5t,ds-139-5T/v020,timesfm_2p5_ctx2048,timesfm,3585,2024-06-13,0.11715257542025408,0.21541451300436165,,0.3045441428281313,100.0
boom_telemetry_5t,ds-139-5T/v020,timesfm_2p5_ctx2048,timesfm,3718,2024-06-13,0.15676009093623317,0.21541451300436165,,0.49407865271692786,68.75
boom_telemetry_5t,ds-139-5T/v020,timesfm_2p5_ctx2048,timesfm,3850,2024-06-14,0.3736012500050314,0.21541451300436165,,0.5394321217501921,18.75
boom_telemetry_5t,ds-139-5T/v020,timesfm_2p5_ctx2048,timesfm,3983,2024-06-14,0.18588400431711152,0.21541451300436165,,0.24261787688913364,25.0
boom_telemetry_5t,ds-139-5T/v020,chronos_2_ctx2048,chronos,1992,2024-06-07,0.34015697452516386,0.021985536433930974,,0.2056876400593773,50.0
boom_telemetry_5t,ds-139-5T/v020,chronos_2_ctx2048,chronos,2125,2024-06-08,0.08803103719777423,0.021985536433930974,,0.054781062404141295,97.91666666666666
boom_telemetry_5t,ds-139-5T/v020,chronos_2_ctx2048,chronos,2257,2024-06-08,0.034270892226950796,0.021985536433930974,,0.02547360412391678,97.91666666666666
boom_telemetry_5t,ds-139-5T/v020,chronos_2_ctx2048,chronos,2390,2024-06-09,0.05834230691351702,0.021985536433930974,,0.031079789142270785,85.41666666666666
boom_telemetry_5t,ds-139-5T/v020,chronos_2_ctx2048,chronos,2523,2024-06-09,0.6348237386454298,0.021985536433930974,,0.32074204909026516,35.41666666666667
boom_telemetry_5t,ds-139-5T/v020,chronos_2_ctx2048,chronos,2656,2024-06-10,0.08781344117624859,0.021985536433930974,,0.08017784852850901,97.91666666666666
boom_telemetry_5t,ds-139-5T/v020,chronos_2_ctx2048,chronos,2788,2024-06-10,2.089856920186718,0.021985536433930974,,0.09220237481119085,100.0
boom_telemetry_5t,ds-139-5T/v020,chronos_2_ctx2048,chronos,2921,2024-06-11,0.2919957945676243,0.021985536433930974,,0.6071904966178665,41.66666666666667
boom_telemetry_5t,ds-139-5T/v020,chronos_2_ctx2048,chronos,3054,2024-06-11,0.15054610232674376,0.021985536433930974,,0.12767564917865085,100.0
boom_telemetry_5t,ds-139-5T/v020,chronos_2_ctx2048,chronos,3187,2024-06-12,0.029617355140300356,0.021985536433930974,,0.22738568479821528,100.0
boom_telemetry_5t,ds-139-5T/v020,chronos_2_ctx2048,chronos,3319,2024-06-12,0.08224970994331847,0.021985536433930974,,0.29264888537414435,100.0
boom_telemetry_5t,ds-139-5T/v020,chronos_2_ctx2048,chronos,3452,2024-06-12,0.08210176704618098,0.021985536433930974,,0.15196864603237922,95.83333333333334
boom_telemetry_5t,ds-139-5T/v020,chronos_2_ctx2048,chronos,3585,2024-06-13,0.16510965115848789,0.021985536433930974,,0.39036574254991485,97.91666666666666
boom_telemetry_5t,ds-139-5T/v020,chronos_2_ctx2048,chronos,3718,2024-06-13,0.15600182620808886,0.021985536433930974,,0.540431363716434,60.416666666666664
boom_telemetry_5t,ds-139-5T/v020,chronos_2_ctx2048,chronos,3850,2024-06-14,0.44781788441803133,0.021985536433930974,,0.6283342324753518,20.833333333333336
boom_telemetry_5t,ds-139-5T/v020,chronos_2_ctx2048,chronos,3983,2024-06-14,0.10210055006383366,0.021985536433930974,,0.11781715890958312,100.0
boom_telemetry_5t,ds-139-5T/v020,chronos_bolt_small,chronos,1992,2024-06-07,0.24711708102481303,0.006199643248692155,,0.1400265386370872,100.0
boom_telemetry_5t,ds-139-5T/v020,chronos_bolt_small,chronos,2125,2024-06-08,0.08103009287352668,0.006199643248692155,,0.05361924648725443,95.83333333333334
boom_telemetry_5t,ds-139-5T/v020,chronos_bolt_small,chronos,2257,2024-06-08,0.052637411461280925,0.006199643248692155,,0.041865477269868154,100.0
boom_telemetry_5t,ds-139-5T/v020,chronos_bolt_small,chronos,2390,2024-06-09,0.06402747812794088,0.006199643248692155,,0.047637472246425304,89.58333333333334
boom_telemetry_5t,ds-139-5T/v020,chronos_bolt_small,chronos,2523,2024-06-09,0.7779346385956996,0.006199643248692155,,0.4124182653493458,22.916666666666664
boom_telemetry_5t,ds-139-5T/v020,chronos_bolt_small,chronos,2656,2024-06-10,0.07815662310375672,0.006199643248692155,,0.08098701325374892,100.0
boom_telemetry_5t,ds-139-5T/v020,chronos_bolt_small,chronos,2788,2024-06-10,1.3633107530878468,0.006199643248692155,,0.07298281804425118,100.0
boom_telemetry_5t,ds-139-5T/v020,chronos_bolt_small,chronos,2921,2024-06-11,0.47232798036520157,0.006199643248692155,,0.9158835841994041,35.41666666666667
boom_telemetry_5t,ds-139-5T/v020,chronos_bolt_small,chronos,3054,2024-06-11,0.6227900827965689,0.006199643248692155,,0.3008467025424508,100.0
boom_telemetry_5t,ds-139-5T/v020,chronos_bolt_small,chronos,3187,2024-06-12,0.04936423727090619,0.006199643248692155,,0.2625816021132319,89.58333333333334
boom_telemetry_5t,ds-139-5T/v020,chronos_bolt_small,chronos,3319,2024-06-12,0.13186483517721415,0.006199643248692155,,0.42855703785845445,100.0
boom_telemetry_5t,ds-139-5T/v020,chronos_bolt_small,chronos,3452,2024-06-12,0.1515886674896655,0.006199643248692155,,0.2950293724477908,37.5
boom_telemetry_5t,ds-139-5T/v020,chronos_bolt_small,chronos,3585,2024-06-13,0.03360415245764042,0.006199643248692155,,0.19214906812007077,100.0
boom_telemetry_5t,ds-139-5T/v020,chronos_bolt_small,chronos,3718,2024-06-13,0.18702209637932457,0.006199643248692155,,0.6263232485608661,60.416666666666664
boom_telemetry_5t,ds-139-5T/v020,chronos_bolt_small,chronos,3850,2024-06-14,0.17249130048977565,0.006199643248692155,,0.23381516679777162,87.5
boom_telemetry_5t,ds-139-5T/v020,chronos_bolt_small,chronos,3983,2024-06-14,0.2273232027291922,0.006199643248692155,,0.3025321889075079,6.25
