dataset,series,model,family,origin,date,mase,seconds,mape,wql,cov80
uk_demand_30min,-,naive_last,naive,2048,2025-02-12,3.0456868553259935,1.3042008504271507e-06,19.6417040652593,,
uk_demand_30min,-,naive_last,naive,3335,2025-03-11,1.8364169352416382,1.3042008504271507e-06,12.396225954212136,,
uk_demand_30min,-,naive_last,naive,4621,2025-04-07,1.4628571048171002,1.3042008504271507e-06,11.650467741865995,,
uk_demand_30min,-,naive_last,naive,5908,2025-05-04,1.2137764761810172,1.3042008504271507e-06,10.081310826586893,,
uk_demand_30min,-,naive_last,naive,7195,2025-05-30,3.3667611737187237,1.3042008504271507e-06,32.78252071514636,,
uk_demand_30min,-,naive_last,naive,8481,2025-06-26,1.4274975166839816,1.3042008504271507e-06,11.46253110745646,,
uk_demand_30min,-,naive_last,naive,9768,2025-07-23,1.2964926372319325,1.3042008504271507e-06,9.554380739900264,,
uk_demand_30min,-,naive_last,naive,11055,2025-08-19,1.7295743545302216,1.3042008504271507e-06,12.300369951843631,,
uk_demand_30min,-,naive_last,naive,12341,2025-09-15,2.9817837391720525,1.3042008504271507e-06,21.35516851965767,,
uk_demand_30min,-,naive_last,naive,13628,2025-10-11,1.943438342966721,1.3042008504271507e-06,15.202491598193832,,
uk_demand_30min,-,naive_last,naive,14915,2025-11-07,5.049351976885671,1.3042008504271507e-06,36.36592616051351,,
uk_demand_30min,-,naive_last,naive,16202,2025-12-04,2.6346094183577202,1.3042008504271507e-06,17.961453651699568,,
uk_demand_30min,-,naive_last,naive,17488,2025-12-31,2.350509018974673,1.3042008504271507e-06,17.3099731075251,,
uk_demand_30min,-,naive_last,naive,18775,2026-01-27,4.925507760665961,1.3042008504271507e-06,28.49143904240104,,
uk_demand_30min,-,naive_last,naive,20062,2026-02-22,3.2400809987679318,1.3042008504271507e-06,21.744055810016853,,
uk_demand_30min,-,naive_last,naive,21348,2026-03-21,2.63173592238765,1.3042008504271507e-06,26.184544866886373,,
uk_demand_30min,-,naive_last,naive,22635,2026-04-17,1.366047563059329,1.3042008504271507e-06,15.563092184944658,,
uk_demand_30min,-,naive_last,naive,23922,2026-05-14,1.4459917814775851,1.3042008504271507e-06,11.939128321001336,,
uk_demand_30min,-,naive_last,naive,25208,2026-06-10,1.8181852584626959,1.3042008504271507e-06,13.292098612781485,,
uk_demand_30min,-,naive_last,naive,26495,2026-07-06,1.5832895147762058,1.3042008504271507e-06,13.891832865745569,,
uk_demand_30min,-,naive_mean,naive,2048,2025-02-12,3.2575706701424285,4.6228989958763124e-06,17.36095283951587,,
uk_demand_30min,-,naive_mean,naive,3335,2025-03-11,1.8967442521693232,4.6228989958763124e-06,13.855233101836989,,
uk_demand_30min,-,naive_mean,naive,4621,2025-04-07,2.647095350911748,4.6228989958763124e-06,23.82590159219594,,
uk_demand_30min,-,naive_mean,naive,5908,2025-05-04,4.748023927908468,4.6228989958763124e-06,45.473164868775754,,
uk_demand_30min,-,naive_mean,naive,7195,2025-05-30,4.4012632731807155,4.6228989958763124e-06,42.324520401378145,,
uk_demand_30min,-,naive_mean,naive,8481,2025-06-26,2.5873364903926204,4.6228989958763124e-06,24.489662746673975,,
uk_demand_30min,-,naive_mean,naive,9768,2025-07-23,1.6590428628369087,4.6228989958763124e-06,12.580670506642935,,
uk_demand_30min,-,naive_mean,naive,11055,2025-08-19,1.7042685555766934,4.6228989958763124e-06,12.962010522045212,,
uk_demand_30min,-,naive_mean,naive,12341,2025-09-15,1.9700330448866068,4.6228989958763124e-06,17.415968827963614,,
uk_demand_30min,-,naive_mean,naive,13628,2025-10-11,1.6586424807038869,4.6228989958763124e-06,12.18740450566343,,
uk_demand_30min,-,naive_mean,naive,14915,2025-11-07,1.8359130636662429,4.6228989958763124e-06,11.729223226422041,,
uk_demand_30min,-,naive_mean,naive,16202,2025-12-04,4.3801121877357305,4.6228989958763124e-06,23.2672660884603,,
uk_demand_30min,-,naive_mean,naive,17488,2025-12-31,2.6089691957505843,4.6228989958763124e-06,17.449824362369746,,
uk_demand_30min,-,naive_mean,naive,18775,2026-01-27,3.5969795860401255,4.6228989958763124e-06,20.75879934029474,,
uk_demand_30min,-,naive_mean,naive,20062,2026-02-22,2.7155997250290986,4.6228989958763124e-06,19.90359679795877,,
uk_demand_30min,-,naive_mean,naive,21348,2026-03-21,1.889855664917943,4.6228989958763124e-06,17.9977369583979,,
uk_demand_30min,-,naive_mean,naive,22635,2026-04-17,2.019099156169657,4.6228989958763124e-06,23.58150321218729,,
uk_demand_30min,-,naive_mean,naive,23922,2026-05-14,1.6355002128405172,4.6228989958763124e-06,13.617271555885068,,
uk_demand_30min,-,naive_mean,naive,25208,2026-06-10,2.0390773873819863,4.6228989958763124e-06,16.94385820270742,,
uk_demand_30min,-,naive_mean,naive,26495,2026-07-06,2.3534452877291656,4.6228989958763124e-06,22.350963458812345,,
uk_demand_30min,-,seasonal_naive,naive,2048,2025-02-12,0.2161961716333235,1.735397381708026e-06,1.2469226061979448,,
uk_demand_30min,-,seasonal_naive,naive,3335,2025-03-11,0.7081175207870347,1.735397381708026e-06,4.856049401688786,,
uk_demand_30min,-,seasonal_naive,naive,4621,2025-04-07,1.7110335921529147,1.735397381708026e-06,14.149827360336062,,
uk_demand_30min,-,seasonal_naive,naive,5908,2025-05-04,0.5416003384590565,1.735397381708026e-06,4.949789590717074,,
uk_demand_30min,-,seasonal_naive,naive,7195,2025-05-30,1.3790998798924217,1.735397381708026e-06,13.163010636505188,,
uk_demand_30min,-,seasonal_naive,naive,8481,2025-06-26,0.9138664054110843,1.735397381708026e-06,7.862060916195747,,
uk_demand_30min,-,seasonal_naive,naive,9768,2025-07-23,0.2515685604166871,1.735397381708026e-06,1.6497457976710483,,
uk_demand_30min,-,seasonal_naive,naive,11055,2025-08-19,0.3627064054830777,1.735397381708026e-06,2.4982171083321787,,
uk_demand_30min,-,seasonal_naive,naive,12341,2025-09-15,1.0719365382050114,1.735397381708026e-06,8.26958364419516,,
uk_demand_30min,-,seasonal_naive,naive,13628,2025-10-11,0.525292784136919,1.735397381708026e-06,3.6498872213878277,,
uk_demand_30min,-,seasonal_naive,naive,14915,2025-11-07,1.6135987374487237,1.735397381708026e-06,10.672564344707451,,
uk_demand_30min,-,seasonal_naive,naive,16202,2025-12-04,0.8985629070201949,1.735397381708026e-06,5.442145899271219,,
uk_demand_30min,-,seasonal_naive,naive,17488,2025-12-31,1.0328549349108236,1.735397381708026e-06,8.13131176146645,,
uk_demand_30min,-,seasonal_naive,naive,18775,2026-01-27,0.8453597532603226,1.735397381708026e-06,5.642121969525865,,
uk_demand_30min,-,seasonal_naive,naive,20062,2026-02-22,2.106217475027801,1.735397381708026e-06,14.051993116324917,,
uk_demand_30min,-,seasonal_naive,naive,21348,2026-03-21,0.973044269197923,1.735397381708026e-06,8.826175058372739,,
uk_demand_30min,-,seasonal_naive,naive,22635,2026-04-17,1.2259685873469686,1.735397381708026e-06,13.994217390116193,,
uk_demand_30min,-,seasonal_naive,naive,23922,2026-05-14,0.2257466571777138,1.735397381708026e-06,1.7632380648714332,,
uk_demand_30min,-,seasonal_naive,naive,25208,2026-06-10,0.7807590034316674,1.735397381708026e-06,6.152263634244757,,
uk_demand_30min,-,seasonal_naive,naive,26495,2026-07-06,0.5302991136672286,1.735397381708026e-06,4.535441265313827,,
uk_demand_30min,-,seasonal_profile,naive,2048,2025-02-12,0.6113618761959765,1.5087501378729939e-05,3.382124861661718,,
uk_demand_30min,-,seasonal_profile,naive,3335,2025-03-11,1.8734887760981223,1.5087501378729939e-05,12.559823237443931,,
uk_demand_30min,-,seasonal_profile,naive,4621,2025-04-07,1.2991414002787989,1.5087501378729939e-05,10.810422042986833,,
uk_demand_30min,-,seasonal_profile,naive,5908,2025-05-04,1.2880327451454885,1.5087501378729939e-05,12.273778782239141,,
uk_demand_30min,-,seasonal_profile,naive,7195,2025-05-30,1.5282007548417929,1.5087501378729939e-05,14.49742978197954,,
uk_demand_30min,-,seasonal_profile,naive,8481,2025-06-26,0.5414781210234535,1.5087501378729939e-05,4.840023650075754,,
uk_demand_30min,-,seasonal_profile,naive,9768,2025-07-23,0.3077308043577,1.5087501378729939e-05,2.0538081558375136,,
uk_demand_30min,-,seasonal_profile,naive,11055,2025-08-19,1.3099145820371267,1.5087501378729939e-05,8.303625421107423,,
uk_demand_30min,-,seasonal_profile,naive,12341,2025-09-15,0.7841766426088348,1.5087501378729939e-05,5.978628005573411,,
uk_demand_30min,-,seasonal_profile,naive,13628,2025-10-11,0.715929988383401,1.5087501378729939e-05,5.438309382596249,,
uk_demand_30min,-,seasonal_profile,naive,14915,2025-11-07,1.5283041558850243,1.5087501378729939e-05,10.096477839505624,,
uk_demand_30min,-,seasonal_profile,naive,16202,2025-12-04,1.1182090740993704,1.5087501378729939e-05,6.737952918256686,,
uk_demand_30min,-,seasonal_profile,naive,17488,2025-12-31,0.6238907053347968,1.5087501378729939e-05,4.759710263099657,,
uk_demand_30min,-,seasonal_profile,naive,18775,2026-01-27,1.1805650515505806,1.5087501378729939e-05,7.2620058924540665,,
uk_demand_30min,-,seasonal_profile,naive,20062,2026-02-22,1.1617210627432515,1.5087501378729939e-05,9.341385940519682,,
uk_demand_30min,-,seasonal_profile,naive,21348,2026-03-21,1.0376131646076125,1.5087501378729939e-05,9.874372449710904,,
uk_demand_30min,-,seasonal_profile,naive,22635,2026-04-17,1.272442770099192,1.5087501378729939e-05,14.495963046031862,,
uk_demand_30min,-,seasonal_profile,naive,23922,2026-05-14,0.34529681517855415,1.5087501378729939e-05,2.6259719429101613,,
uk_demand_30min,-,seasonal_profile,naive,25208,2026-06-10,1.0828963624474706,1.5087501378729939e-05,8.515616867953263,,
uk_demand_30min,-,seasonal_profile,naive,26495,2026-07-06,1.139718569274722,1.5087501378729939e-05,9.715538508875738,,
uk_demand_30min,-,autoets,statistical,2048,2025-02-12,3.281196023326037,0.6862181854026858,21.004920404112926,0.15108743662856652,64.58333333333334
uk_demand_30min,-,autoets,statistical,3335,2025-03-11,1.8364049947814751,0.6862181854026858,12.396184046684636,0.0943751812250932,83.33333333333334
uk_demand_30min,-,autoets,statistical,4621,2025-04-07,1.462853049500035,0.6862181854026858,11.650338199748766,0.09529355816672522,79.16666666666666
uk_demand_30min,-,autoets,statistical,5908,2025-05-04,1.2137647832346368,0.6862181854026858,10.080587421264449,0.08564603430246628,85.41666666666666
uk_demand_30min,-,autoets,statistical,7195,2025-05-30,3.3669301963577483,0.6862181854026858,32.78410507615609,0.23650786883332214,25.0
uk_demand_30min,-,autoets,statistical,8481,2025-06-26,1.4275341211213153,0.6862181854026858,11.462821834533306,0.1120888663230162,70.83333333333334
uk_demand_30min,-,autoets,statistical,9768,2025-07-23,1.2964928950082066,0.6862181854026858,9.554378515268962,0.06928904868425943,89.58333333333334
uk_demand_30min,-,autoets,statistical,11055,2025-08-19,2.3060596240945346,0.6862181854026858,17.835110853390276,0.11641923657763903,79.16666666666666
uk_demand_30min,-,autoets,statistical,12341,2025-09-15,3.4332995240857422,0.6862181854026858,24.707499543191588,0.20492331896596133,50.0
uk_demand_30min,-,autoets,statistical,13628,2025-10-11,1.7688407295693473,0.6862181854026858,13.022015515881371,0.10462361362634302,81.25
uk_demand_30min,-,autoets,statistical,14915,2025-11-07,6.394946896121376,0.6862181854026858,45.61901883079178,0.32774408182741505,29.166666666666668
uk_demand_30min,-,autoets,statistical,16202,2025-12-04,2.9533390171203235,0.6862181854026858,20.08491018809697,0.1330634046933203,68.75
uk_demand_30min,-,autoets,statistical,17488,2025-12-31,2.5705566214163147,0.6862181854026858,21.148520158293728,0.1288215639777261,91.66666666666666
uk_demand_30min,-,autoets,statistical,18775,2026-01-27,6.186417052375924,0.6862181854026858,36.35848892597859,0.31229969072172425,35.41666666666667
uk_demand_30min,-,autoets,statistical,20062,2026-02-22,5.0743892877638785,0.6862181854026858,33.06940860170805,0.27958737212417406,41.66666666666667
uk_demand_30min,-,autoets,statistical,21348,2026-03-21,5.091230864241855,0.6862181854026858,50.153206715475775,0.36291272759370397,22.916666666666664
uk_demand_30min,-,autoets,statistical,22635,2026-04-17,1.3660531141236227,0.6862181854026858,15.563166473450382,0.09951562408222928,100.0
uk_demand_30min,-,autoets,statistical,23922,2026-05-14,1.454633422913643,0.6862181854026858,12.018201273998441,0.08483804384945329,100.0
uk_demand_30min,-,autoets,statistical,25208,2026-06-10,2.404979460081883,0.6862181854026858,17.813093743462392,0.13641796974868728,72.91666666666666
uk_demand_30min,-,autoets,statistical,26495,2026-07-06,1.5488654755599174,0.6862181854026858,11.88895536247655,0.1081638062982061,91.66666666666666
uk_demand_30min,-,autotheta,statistical,2048,2025-02-12,0.24282062711241278,0.20528060625074432,1.2522915983514336,0.014726464699897853,97.91666666666666
uk_demand_30min,-,autotheta,statistical,3335,2025-03-11,0.9691888826413348,0.20528060625074432,6.550486951732546,0.04553776620922093,89.58333333333334
uk_demand_30min,-,autotheta,statistical,4621,2025-04-07,0.7866995248257047,0.20528060625074432,6.79496798873976,0.05538976452603354,68.75
uk_demand_30min,-,autotheta,statistical,5908,2025-05-04,0.6710839595219324,0.20528060625074432,6.463826063373647,0.05351586455862268,75.0
uk_demand_30min,-,autotheta,statistical,7195,2025-05-30,1.00404531437363,0.20528060625074432,9.262957437481568,0.06588107098939608,54.166666666666664
uk_demand_30min,-,autotheta,statistical,8481,2025-06-26,1.1199192711841908,0.20528060625074432,9.65945521951405,0.07888234785568558,31.25
uk_demand_30min,-,autotheta,statistical,9768,2025-07-23,0.953083437459614,0.20528060625074432,6.72981884662556,0.047075803877683106,52.083333333333336
uk_demand_30min,-,autotheta,statistical,11055,2025-08-19,0.9695653916588529,0.20528060625074432,6.8184822280844815,0.04798612655756803,62.5
uk_demand_30min,-,autotheta,statistical,12341,2025-09-15,1.3399362067583551,0.20528060625074432,9.712577070774216,0.08657724441338542,41.66666666666667
uk_demand_30min,-,autotheta,statistical,13628,2025-10-11,0.6513093140730367,0.20528060625074432,4.865168693254942,0.036978396597435806,85.41666666666666
uk_demand_30min,-,autotheta,statistical,14915,2025-11-07,1.308718813213434,0.20528060625074432,8.7377157343705,0.06483308497771269,60.416666666666664
uk_demand_30min,-,autotheta,statistical,16202,2025-12-04,0.6869003415953878,0.20528060625074432,3.822993275680289,0.029775446422505472,68.75
uk_demand_30min,-,autotheta,statistical,17488,2025-12-31,0.46971552491442753,0.20528060625074432,3.6163932428891834,0.02767459650335842,93.75
uk_demand_30min,-,autotheta,statistical,18775,2026-01-27,1.5760081312286616,0.20528060625074432,9.616450887708645,0.0794041282395318,29.166666666666668
uk_demand_30min,-,autotheta,statistical,20062,2026-02-22,1.1781301874281287,0.20528060625074432,7.617237551011578,0.06800239149576728,45.83333333333333
uk_demand_30min,-,autotheta,statistical,21348,2026-03-21,1.0567041440280658,0.20528060625074432,9.791072474834621,0.07320356320403913,54.166666666666664
uk_demand_30min,-,autotheta,statistical,22635,2026-04-17,1.8285298820155318,0.20528060625074432,20.312865620194046,0.152770185356044,22.916666666666664
uk_demand_30min,-,autotheta,statistical,23922,2026-05-14,0.48850498138349685,0.20528060625074432,3.9373371219241253,0.031901432724629315,81.25
uk_demand_30min,-,autotheta,statistical,25208,2026-06-10,0.3247761202397128,0.20528060625074432,2.517597333720569,0.027871887794963218,95.83333333333334
uk_demand_30min,-,autotheta,statistical,26495,2026-07-06,0.5718713562336636,0.20528060625074432,4.4619758003810635,0.03789491647728644,97.91666666666666
uk_demand_30min,-,gbdt_calendar,ml,2048,2025-02-12,1.4409514666544514,1.191561206249753,9.55036848677165,,
uk_demand_30min,-,gbdt_calendar,ml,3335,2025-03-11,0.7422697832584273,1.191561206249753,5.307968675764588,,
uk_demand_30min,-,gbdt_calendar,ml,4621,2025-04-07,1.3088742416776489,1.191561206249753,11.11051055135053,,
uk_demand_30min,-,gbdt_calendar,ml,5908,2025-05-04,1.1117366539294016,1.191561206249753,10.216791223373523,,
uk_demand_30min,-,gbdt_calendar,ml,7195,2025-05-30,0.8109160098306613,1.191561206249753,7.63104294087939,,
uk_demand_30min,-,gbdt_calendar,ml,8481,2025-06-26,1.0843274879939977,1.191561206249753,10.011418954297692,,
uk_demand_30min,-,gbdt_calendar,ml,9768,2025-07-23,1.0752751652374857,1.191561206249753,7.4008676676236185,,
uk_demand_30min,-,gbdt_calendar,ml,11055,2025-08-19,1.3139190739957087,1.191561206249753,9.058172518718589,,
uk_demand_30min,-,gbdt_calendar,ml,12341,2025-09-15,1.410416533321806,1.191561206249753,11.297257456014325,,
uk_demand_30min,-,gbdt_calendar,ml,13628,2025-10-11,1.1956419567608076,1.191561206249753,8.103090151273115,,
uk_demand_30min,-,gbdt_calendar,ml,14915,2025-11-07,0.857700452814661,1.191561206249753,5.723049648454117,,
uk_demand_30min,-,gbdt_calendar,ml,16202,2025-12-04,1.2858539919729546,1.191561206249753,7.127008746649424,,
uk_demand_30min,-,gbdt_calendar,ml,17488,2025-12-31,1.2789035702314657,1.191561206249753,10.476595987278154,,
uk_demand_30min,-,gbdt_calendar,ml,18775,2026-01-27,0.848256160957845,1.191561206249753,6.1370667407311235,,
uk_demand_30min,-,gbdt_calendar,ml,20062,2026-02-22,2.9242127231723543,1.191561206249753,25.363789476017,,
uk_demand_30min,-,gbdt_calendar,ml,21348,2026-03-21,1.0698213718757403,1.191561206249753,9.297101581976563,,
uk_demand_30min,-,gbdt_calendar,ml,22635,2026-04-17,1.3299175426668288,1.191561206249753,14.786599839708337,,
uk_demand_30min,-,gbdt_calendar,ml,23922,2026-05-14,0.7909754967346769,1.191561206249753,6.414623862579871,,
uk_demand_30min,-,gbdt_calendar,ml,25208,2026-06-10,0.7410429546908345,1.191561206249753,5.976718087631286,,
uk_demand_30min,-,gbdt_calendar,ml,26495,2026-07-06,0.9630890100124994,1.191561206249753,8.634675543756913,,
uk_demand_30min,-,timesfm_2p5_ctx2048,timesfm,2048,2025-02-12,0.2287459627477451,0.3052768271008972,1.220886013089061,0.010382565255776958,100.0
uk_demand_30min,-,timesfm_2p5_ctx2048,timesfm,3335,2025-03-11,0.6057987471150768,0.3052768271008972,4.103751593866604,0.030748417008416858,62.5
uk_demand_30min,-,timesfm_2p5_ctx2048,timesfm,4621,2025-04-07,0.3214779943318727,0.3052768271008972,2.733944325575266,0.022035876452793948,100.0
uk_demand_30min,-,timesfm_2p5_ctx2048,timesfm,5908,2025-05-04,0.4301496653935126,0.3052768271008972,3.9433880700968325,0.029944339496653247,85.41666666666666
uk_demand_30min,-,timesfm_2p5_ctx2048,timesfm,7195,2025-05-30,0.4101418131156622,0.3052768271008972,3.6134381116228096,0.03155455721091428,77.08333333333334
uk_demand_30min,-,timesfm_2p5_ctx2048,timesfm,8481,2025-06-26,0.7745076820605744,0.3052768271008972,7.296666615460078,0.056264828727938795,72.91666666666666
uk_demand_30min,-,timesfm_2p5_ctx2048,timesfm,9768,2025-07-23,0.3177005250662434,0.3052768271008972,2.16317758694623,0.017668031877488482,100.0
uk_demand_30min,-,timesfm_2p5_ctx2048,timesfm,11055,2025-08-19,0.7346495041941931,0.3052768271008972,5.085418456225376,0.03700065511504118,64.58333333333334
uk_demand_30min,-,timesfm_2p5_ctx2048,timesfm,12341,2025-09-15,0.33549466575229125,0.3052768271008972,2.615650508959641,0.020811466296444255,97.91666666666666
uk_demand_30min,-,timesfm_2p5_ctx2048,timesfm,13628,2025-10-11,0.6703008030369271,0.3052768271008972,4.8724775621341525,0.03588110688284437,58.333333333333336
uk_demand_30min,-,timesfm_2p5_ctx2048,timesfm,14915,2025-11-07,0.3538844239378949,0.3052768271008972,2.3827805168346825,0.0189920250894189,87.5
uk_demand_30min,-,timesfm_2p5_ctx2048,timesfm,16202,2025-12-04,0.6479113889843925,0.3052768271008972,4.082102955851669,0.027086224136844216,97.91666666666666
uk_demand_30min,-,timesfm_2p5_ctx2048,timesfm,17488,2025-12-31,0.5508793592100851,0.3052768271008972,4.015807832885632,0.028144195747928757,91.66666666666666
uk_demand_30min,-,timesfm_2p5_ctx2048,timesfm,18775,2026-01-27,0.4505977161249719,0.3052768271008972,2.9632284958769697,0.022508178126121624,83.33333333333334
uk_demand_30min,-,timesfm_2p5_ctx2048,timesfm,20062,2026-02-22,0.6817485735805002,0.3052768271008972,4.578979714966272,0.03891484237335829,70.83333333333334
uk_demand_30min,-,timesfm_2p5_ctx2048,timesfm,21348,2026-03-21,0.6057068252244766,0.3052768271008972,5.260240394384954,0.044587900022994974,87.5
uk_demand_30min,-,timesfm_2p5_ctx2048,timesfm,22635,2026-04-17,0.48916581972656137,0.3052768271008972,5.328132550230926,0.039893487194297625,70.83333333333334
uk_demand_30min,-,timesfm_2p5_ctx2048,timesfm,23922,2026-05-14,0.3292244084560976,0.3052768271008972,2.677469451278729,0.020990940205073368,100.0
uk_demand_30min,-,timesfm_2p5_ctx2048,timesfm,25208,2026-06-10,0.5308377990369121,0.3052768271008972,4.179566653167627,0.030238799781200924,97.91666666666666
uk_demand_30min,-,timesfm_2p5_ctx2048,timesfm,26495,2026-07-06,0.5007310900005316,0.3052768271008972,3.8840135231481194,0.0383297708454242,77.08333333333334
uk_demand_30min,-,chronos_2_ctx2048,chronos,2048,2025-02-12,0.19930647382696723,0.2586847104539629,1.0591930533245058,0.009600657617085381,95.83333333333334
uk_demand_30min,-,chronos_2_ctx2048,chronos,3335,2025-03-11,0.4385771299197817,0.2586847104539629,2.9262369111670754,0.021291036357178567,91.66666666666666
uk_demand_30min,-,chronos_2_ctx2048,chronos,4621,2025-04-07,0.265669108858624,0.2586847104539629,2.1550495381293295,0.017046222682042124,93.75
uk_demand_30min,-,chronos_2_ctx2048,chronos,5908,2025-05-04,0.347568253234649,0.2586847104539629,3.1741319648722377,0.023433270501792475,97.91666666666666
uk_demand_30min,-,chronos_2_ctx2048,chronos,7195,2025-05-30,0.46316013601418254,0.2586847104539629,4.251812480455448,0.03780392464290532,81.25
uk_demand_30min,-,chronos_2_ctx2048,chronos,8481,2025-06-26,0.27482471254645935,0.2586847104539629,2.397709353269646,0.021751126655837078,95.83333333333334
uk_demand_30min,-,chronos_2_ctx2048,chronos,9768,2025-07-23,0.23459708218570896,0.2586847104539629,1.6052605899295924,0.01409423604622308,100.0
uk_demand_30min,-,chronos_2_ctx2048,chronos,11055,2025-08-19,0.6214631110380022,0.2586847104539629,4.262046068976124,0.030962403155007992,58.333333333333336
uk_demand_30min,-,chronos_2_ctx2048,chronos,12341,2025-09-15,0.6511941036032715,0.2586847104539629,4.83287333170069,0.04190848525743225,56.25
uk_demand_30min,-,chronos_2_ctx2048,chronos,13628,2025-10-11,0.3642570213516387,0.2586847104539629,2.6243563196696695,0.021993160365678943,100.0
uk_demand_30min,-,chronos_2_ctx2048,chronos,14915,2025-11-07,0.308237004405277,0.2586847104539629,2.0475687958935263,0.01815512784264162,100.0
uk_demand_30min,-,chronos_2_ctx2048,chronos,16202,2025-12-04,0.19296108179009763,0.2586847104539629,1.086095356846508,0.013757649358014105,91.66666666666666
uk_demand_30min,-,chronos_2_ctx2048,chronos,17488,2025-12-31,0.7261845150303083,0.2586847104539629,5.605246853274039,0.03787235347818871,75.0
uk_demand_30min,-,chronos_2_ctx2048,chronos,18775,2026-01-27,0.9418828372143249,0.2586847104539629,5.857565217262184,0.04280466085457815,58.333333333333336
uk_demand_30min,-,chronos_2_ctx2048,chronos,20062,2026-02-22,0.5967657303454181,0.2586847104539629,4.211706064569584,0.031219310605159693,85.41666666666666
uk_demand_30min,-,chronos_2_ctx2048,chronos,21348,2026-03-21,0.28679406281781955,0.2586847104539629,2.580948852518162,0.023696218376772642,97.91666666666666
uk_demand_30min,-,chronos_2_ctx2048,chronos,22635,2026-04-17,0.6851922775142669,0.2586847104539629,7.885730815470366,0.05538334142910219,62.5
uk_demand_30min,-,chronos_2_ctx2048,chronos,23922,2026-05-14,0.3075278238796302,0.2586847104539629,2.4096591388318442,0.020393600402862075,89.58333333333334
uk_demand_30min,-,chronos_2_ctx2048,chronos,25208,2026-06-10,0.49641531971985414,0.2586847104539629,3.9061699924997466,0.026594121373934677,100.0
uk_demand_30min,-,chronos_2_ctx2048,chronos,26495,2026-07-06,0.3433895830088974,0.2586847104539629,2.702277186372701,0.027478825387521916,91.66666666666666
uk_demand_30min,-,chronos_bolt_small,chronos,2048,2025-02-12,0.3092544081324847,0.09022057290421799,1.545096228674353,0.014130544520698838,100.0
uk_demand_30min,-,chronos_bolt_small,chronos,3335,2025-03-11,0.47384212445879853,0.09022057290421799,3.2522480440868007,0.023259127187068403,72.91666666666666
uk_demand_30min,-,chronos_bolt_small,chronos,4621,2025-04-07,0.6966600022194931,0.09022057290421799,5.9291940112073585,0.040432211395635506,77.08333333333334
uk_demand_30min,-,chronos_bolt_small,chronos,5908,2025-05-04,0.579177679587709,0.09022057290421799,5.32339586425242,0.043518218283910004,54.166666666666664
uk_demand_30min,-,chronos_bolt_small,chronos,7195,2025-05-30,0.510893986696836,0.09022057290421799,4.56066533878569,0.034163279891395046,79.16666666666666
uk_demand_30min,-,chronos_bolt_small,chronos,8481,2025-06-26,0.29788907663069336,0.09022057290421799,2.6657319835443483,0.022689325863959983,100.0
uk_demand_30min,-,chronos_bolt_small,chronos,9768,2025-07-23,0.7116135741520573,0.09022057290421799,4.9582718457301365,0.038197969964300665,35.41666666666667
uk_demand_30min,-,chronos_bolt_small,chronos,11055,2025-08-19,0.9515846723836325,0.09022057290421799,6.491474758410007,0.051000668379064584,29.166666666666668
uk_demand_30min,-,chronos_bolt_small,chronos,12341,2025-09-15,0.6682511005829563,0.09022057290421799,4.938528524111608,0.040307761527179714,77.08333333333334
uk_demand_30min,-,chronos_bolt_small,chronos,13628,2025-10-11,0.6034255637919639,0.09022057290421799,4.448288358285063,0.0325283941625501,62.5
uk_demand_30min,-,chronos_bolt_small,chronos,14915,2025-11-07,0.38911719128014893,0.09022057290421799,2.6949634475852626,0.01996005263578911,93.75
uk_demand_30min,-,chronos_bolt_small,chronos,16202,2025-12-04,0.4575241841001772,0.09022057290421799,2.6540638258417806,0.020219160416098707,81.25
uk_demand_30min,-,chronos_bolt_small,chronos,17488,2025-12-31,0.6270239065751302,0.09022057290421799,4.884241470273873,0.03608018685137757,72.91666666666666
uk_demand_30min,-,chronos_bolt_small,chronos,18775,2026-01-27,0.42283270799711525,0.09022057290421799,2.828356748984831,0.020937035770916667,97.91666666666666
uk_demand_30min,-,chronos_bolt_small,chronos,20062,2026-02-22,0.597756123379466,0.09022057290421799,4.055383334331222,0.03261125301110305,70.83333333333334
uk_demand_30min,-,chronos_bolt_small,chronos,21348,2026-03-21,0.8568021955832689,0.09022057290421799,8.18898128687173,0.06586803661793499,50.0
uk_demand_30min,-,chronos_bolt_small,chronos,22635,2026-04-17,1.20176344444932,0.09022057290421799,13.51723084260758,0.1073969399287371,45.83333333333333
uk_demand_30min,-,chronos_bolt_small,chronos,23922,2026-05-14,0.5353785269833151,0.09022057290421799,4.355234795449401,0.033655641595622184,72.91666666666666
uk_demand_30min,-,chronos_bolt_small,chronos,25208,2026-06-10,1.2307672178422155,0.09022057290421799,9.661542783401716,0.07811476917784609,12.5
uk_demand_30min,-,chronos_bolt_small,chronos,26495,2026-07-06,0.28791425612062227,0.09022057290421799,2.4751897333081545,0.01921793182727178,85.41666666666666
uk_demand_daily,-,naive_last,naive,545,2026-06-30,0.9732418788475933,4.208064638078213e-06,8.517235679544664,,
uk_demand_daily,-,naive_mean,naive,545,2026-06-30,2.9191462706366367,5.292007699608803e-06,25.36355593299553,,
uk_demand_daily,-,seasonal_naive,naive,545,2026-06-30,1.4312858334093124,6.707967258989811e-06,12.426801082654316,,
uk_demand_daily,-,seasonal_profile,naive,545,2026-06-30,0.8102571692113945,3.566604573279619e-05,7.2491658277641395,,
uk_demand_daily,-,autoets,statistical,545,2026-06-30,0.6009516341687072,0.17426187498494983,5.235833357758326,0.04335217768320603,85.71428571428571
uk_demand_daily,-,autotheta,statistical,545,2026-06-30,0.5924678151926657,0.1703119999729097,5.140867611239457,0.042107169192848834,85.71428571428571
uk_demand_daily,-,gbdt_calendar,ml,545,2026-06-30,1.1228982912392642,0.577522375038825,9.844603457144133,,
uk_demand_daily,-,timesfm_2p5_ctx2048,timesfm,545,2026-06-30,0.5840449424555648,0.22960229206364602,5.154320261776463,0.040760978450640334,85.71428571428571
uk_demand_daily,-,chronos_2_ctx2048,chronos,545,2026-06-30,0.7191628182286112,0.03770949994213879,6.339541976693253,0.04993684122914862,85.71428571428571
uk_demand_daily,-,chronos_bolt_small,chronos,545,2026-06-30,0.7394587732564584,0.011591041926294565,6.5189909416816665,0.05001248326182368,71.42857142857143
bangkok_temp_1h,-,naive_last,naive,2048,2026-05-25,5.166871061148013,1.512502785772085e-06,,,
bangkok_temp_1h,-,naive_last,naive,2102,2026-05-27,2.521041982802225,1.512502785772085e-06,,,
bangkok_temp_1h,-,naive_last,naive,2156,2026-05-29,2.3815408539712477,1.512502785772085e-06,,,
bangkok_temp_1h,-,naive_last,naive,2210,2026-06-01,2.2692614478032263,1.512502785772085e-06,,,
bangkok_temp_1h,-,naive_last,naive,2263,2026-06-03,3.8713761916401883,1.512502785772085e-06,,,
bangkok_temp_1h,-,naive_last,naive,2317,2026-06-05,0.9368494795836668,1.512502785772085e-06,,,
bangkok_temp_1h,-,naive_last,naive,2371,2026-06-07,1.376270142666529,1.512502785772085e-06,,,
bangkok_temp_1h,-,naive_last,naive,2425,2026-06-10,1.9001775228731403,1.512502785772085e-06,,,
bangkok_temp_1h,-,naive_last,naive,2479,2026-06-12,1.7053959521869055,1.512502785772085e-06,,,
bangkok_temp_1h,-,naive_last,naive,2533,2026-06-14,1.883468162191672,1.512502785772085e-06,,,
bangkok_temp_1h,-,naive_last,naive,2586,2026-06-16,3.310827547993872,1.512502785772085e-06,,,
bangkok_temp_1h,-,naive_last,naive,2640,2026-06-19,1.8525947150588986,1.512502785772085e-06,,,
bangkok_temp_1h,-,naive_last,naive,2694,2026-06-21,4.127501796553672,1.512502785772085e-06,,,
bangkok_temp_1h,-,naive_last,naive,2748,2026-06-23,2.614605766929887,1.512502785772085e-06,,,
bangkok_temp_1h,-,naive_last,naive,2802,2026-06-25,2.2198873355748248,1.512502785772085e-06,,,
bangkok_temp_1h,-,naive_last,naive,2856,2026-06-28,2.1160615581544184,1.512502785772085e-06,,,
bangkok_temp_1h,-,naive_last,naive,2909,2026-06-30,3.3726017494397444,1.512502785772085e-06,,,
bangkok_temp_1h,-,naive_last,naive,2963,2026-07-02,1.598222069773757,1.512502785772085e-06,,,
bangkok_temp_1h,-,naive_last,naive,3017,2026-07-04,1.2636078896131384,1.512502785772085e-06,,,
bangkok_temp_1h,-,naive_last,naive,3071,2026-07-06,1.5035629784272797,1.512502785772085e-06,,,
bangkok_temp_1h,-,naive_mean,naive,2048,2026-05-25,2.4821497482328394,3.3541466109454633e-06,,,
bangkok_temp_1h,-,naive_mean,naive,2102,2026-05-27,2.611072673519018,3.3541466109454633e-06,,,
bangkok_temp_1h,-,naive_mean,naive,2156,2026-05-29,2.076683807673648,3.3541466109454633e-06,,,
bangkok_temp_1h,-,naive_mean,naive,2210,2026-06-01,2.2539132636837667,3.3541466109454633e-06,,,
bangkok_temp_1h,-,naive_mean,naive,2263,2026-06-03,1.634611908871379,3.3541466109454633e-06,,,
bangkok_temp_1h,-,naive_mean,naive,2317,2026-06-05,1.1010177009396331,3.3541466109454633e-06,,,
bangkok_temp_1h,-,naive_mean,naive,2371,2026-06-07,1.7495057823690108,3.3541466109454633e-06,,,
bangkok_temp_1h,-,naive_mean,naive,2425,2026-06-10,2.696221902183631,3.3541466109454633e-06,,,
bangkok_temp_1h,-,naive_mean,naive,2479,2026-06-12,2.9820754251496275,3.3541466109454633e-06,,,
bangkok_temp_1h,-,naive_mean,naive,2533,2026-06-14,2.1202810087352177,3.3541466109454633e-06,,,
bangkok_temp_1h,-,naive_mean,naive,2586,2026-06-16,2.991782061511499,3.3541466109454633e-06,,,
bangkok_temp_1h,-,naive_mean,naive,2640,2026-06-19,3.4270317308712706,3.3541466109454633e-06,,,
bangkok_temp_1h,-,naive_mean,naive,2694,2026-06-21,2.465406138613545,3.3541466109454633e-06,,,
bangkok_temp_1h,-,naive_mean,naive,2748,2026-06-23,2.5303597639197575,3.3541466109454633e-06,,,
bangkok_temp_1h,-,naive_mean,naive,2802,2026-06-25,2.117994534833741,3.3541466109454633e-06,,,
bangkok_temp_1h,-,naive_mean,naive,2856,2026-06-28,2.6658973853112564,3.3541466109454633e-06,,,
bangkok_temp_1h,-,naive_mean,naive,2909,2026-06-30,2.1857257110346655,3.3541466109454633e-06,,,
bangkok_temp_1h,-,naive_mean,naive,2963,2026-07-02,2.077322830789145,3.3541466109454633e-06,,,
bangkok_temp_1h,-,naive_mean,naive,3017,2026-07-04,2.0078012363380457,3.3541466109454633e-06,,,
bangkok_temp_1h,-,naive_mean,naive,3071,2026-07-06,2.1180860710800102,3.3541466109454633e-06,,,
bangkok_temp_1h,-,seasonal_naive,naive,2048,2026-05-25,1.0256174416624089,1.95835018530488e-06,,,
bangkok_temp_1h,-,seasonal_naive,naive,2102,2026-05-27,1.0749620637329282,1.95835018530488e-06,,,
bangkok_temp_1h,-,seasonal_naive,naive,2156,2026-05-29,0.9333631114860961,1.95835018530488e-06,,,
bangkok_temp_1h,-,seasonal_naive,naive,2210,2026-06-01,1.9397861014797093,1.95835018530488e-06,,,
bangkok_temp_1h,-,seasonal_naive,naive,2263,2026-06-03,1.2162470463619328,1.95835018530488e-06,,,
bangkok_temp_1h,-,seasonal_naive,naive,2317,2026-06-05,1.1689518281291702,1.95835018530488e-06,,,
bangkok_temp_1h,-,seasonal_naive,naive,2371,2026-06-07,1.0083991925827087,1.95835018530488e-06,,,
bangkok_temp_1h,-,seasonal_naive,naive,2425,2026-06-10,0.6521063771678275,1.95835018530488e-06,,,
bangkok_temp_1h,-,seasonal_naive,naive,2479,2026-06-12,1.078222629720185,1.95835018530488e-06,,,
bangkok_temp_1h,-,seasonal_naive,naive,2533,2026-06-14,0.9208066570714838,1.95835018530488e-06,,,
bangkok_temp_1h,-,seasonal_naive,naive,2586,2026-06-16,1.5585215605749478,1.95835018530488e-06,,,
bangkok_temp_1h,-,seasonal_naive,naive,2640,2026-06-19,1.562623368354027,1.95835018530488e-06,,,
bangkok_temp_1h,-,seasonal_naive,naive,2694,2026-06-21,0.9167928076693735,1.95835018530488e-06,,,
bangkok_temp_1h,-,seasonal_naive,naive,2748,2026-06-23,1.1654103852596318,1.95835018530488e-06,,,
bangkok_temp_1h,-,seasonal_naive,naive,2802,2026-06-25,1.1043473131599126,1.95835018530488e-06,,,
bangkok_temp_1h,-,seasonal_naive,naive,2856,2026-06-28,0.975228370279862,1.95835018530488e-06,,,
bangkok_temp_1h,-,seasonal_naive,naive,2909,2026-06-30,0.8376635581580278,1.95835018530488e-06,,,
bangkok_temp_1h,-,seasonal_naive,naive,2963,2026-07-02,1.211322156955223,1.95835018530488e-06,,,
bangkok_temp_1h,-,seasonal_naive,naive,3017,2026-07-04,1.0387285194277491,1.95835018530488e-06,,,
bangkok_temp_1h,-,seasonal_naive,naive,3071,2026-07-06,1.8486430062630483,1.95835018530488e-06,,,
bangkok_temp_1h,-,seasonal_profile,naive,2048,2026-05-25,0.8683273718276278,1.5647895634174346e-05,,,
bangkok_temp_1h,-,seasonal_profile,naive,2102,2026-05-27,0.66758556735795,1.5647895634174346e-05,,,
bangkok_temp_1h,-,seasonal_profile,naive,2156,2026-05-29,1.1656575181564017,1.5647895634174346e-05,,,
bangkok_temp_1h,-,seasonal_profile,naive,2210,2026-06-01,0.722786540997217,1.5647895634174346e-05,,,
bangkok_temp_1h,-,seasonal_profile,naive,2263,2026-06-03,1.5048480404139162,1.5647895634174346e-05,,,
bangkok_temp_1h,-,seasonal_profile,naive,2317,2026-06-05,0.9874899919935962,1.5647895634174346e-05,,,
bangkok_temp_1h,-,seasonal_profile,naive,2371,2026-06-07,1.1447278387902426,1.5647895634174346e-05,,,
bangkok_temp_1h,-,seasonal_profile,naive,2425,2026-06-10,1.2653454868223397,1.5647895634174346e-05,,,
bangkok_temp_1h,-,seasonal_profile,naive,2479,2026-06-12,1.11258829122521,1.5647895634174346e-05,,,
bangkok_temp_1h,-,seasonal_profile,naive,2533,2026-06-14,1.0652058828395117,1.5647895634174346e-05,,,
bangkok_temp_1h,-,seasonal_profile,naive,2586,2026-06-16,1.0884912486555192,1.5647895634174346e-05,,,
bangkok_temp_1h,-,seasonal_profile,naive,2640,2026-06-19,1.761978669213626,1.5647895634174346e-05,,,
bangkok_temp_1h,-,seasonal_profile,naive,2694,2026-06-21,0.8645704325489656,1.5647895634174346e-05,,,
bangkok_temp_1h,-,seasonal_profile,naive,2748,2026-06-23,0.8059493898061731,1.5647895634174346e-05,,,
bangkok_temp_1h,-,seasonal_profile,naive,2802,2026-06-25,0.9383221258774257,1.5647895634174346e-05,,,
bangkok_temp_1h,-,seasonal_profile,naive,2856,2026-06-28,1.1813143655088145,1.5647895634174346e-05,,,
bangkok_temp_1h,-,seasonal_profile,naive,2909,2026-06-30,0.9236246656545942,1.5647895634174346e-05,,,
bangkok_temp_1h,-,seasonal_profile,naive,2963,2026-07-02,0.7918792608155044,1.5647895634174346e-05,,,
bangkok_temp_1h,-,seasonal_profile,naive,3017,2026-07-04,0.585400265244505,1.5647895634174346e-05,,,
bangkok_temp_1h,-,seasonal_profile,naive,3071,2026-07-06,1.3380654140570634,1.5647895634174346e-05,,,
bangkok_temp_1h,-,autoets,statistical,2048,2026-05-25,0.9910196054565211,0.48505926455254667,,0.024715277838667137,66.66666666666666
bangkok_temp_1h,-,autoets,statistical,2102,2026-05-27,2.7569276998007073,0.48505926455254667,,0.0666914891164758,87.5
bangkok_temp_1h,-,autoets,statistical,2156,2026-05-29,2.3815232690753887,0.48505926455254667,,0.06363540253332362,70.83333333333334
bangkok_temp_1h,-,autoets,statistical,2210,2026-06-01,2.269314990841757,0.48505926455254667,,0.06940567551605999,62.5
bangkok_temp_1h,-,autoets,statistical,2263,2026-06-03,3.871330840054499,0.48505926455254667,,0.0894078110421476,54.166666666666664
bangkok_temp_1h,-,autoets,statistical,2317,2026-06-05,0.9327162967350189,0.48505926455254667,,0.03333780076976217,100.0
bangkok_temp_1h,-,autoets,statistical,2371,2026-06-07,1.3915216033355045,0.48505926455254667,,0.04264359607556199,95.83333333333334
bangkok_temp_1h,-,autoets,statistical,2425,2026-06-10,1.9000946049991627,0.48505926455254667,,0.04900624832727935,83.33333333333334
bangkok_temp_1h,-,autoets,statistical,2479,2026-06-12,1.705435470979147,0.48505926455254667,,0.0454040309502978,95.83333333333334
bangkok_temp_1h,-,autoets,statistical,2533,2026-06-14,1.885413265356067,0.48505926455254667,,0.0479529308670175,100.0
bangkok_temp_1h,-,autoets,statistical,2586,2026-06-16,3.3108176516291974,0.48505926455254667,,0.09423840745163803,58.333333333333336
bangkok_temp_1h,-,autoets,statistical,2640,2026-06-19,1.852592299355962,0.48505926455254667,,0.059709729375157,79.16666666666666
bangkok_temp_1h,-,autoets,statistical,2694,2026-06-21,4.1274391241323745,0.48505926455254667,,0.11364442873770111,41.66666666666667
bangkok_temp_1h,-,autoets,statistical,2748,2026-06-23,2.614595180160355,0.48505926455254667,,0.06713072127025663,91.66666666666666
bangkok_temp_1h,-,autoets,statistical,2802,2026-06-25,2.2198798733955276,0.48505926455254667,,0.06445496299290018,83.33333333333334
bangkok_temp_1h,-,autoets,statistical,2856,2026-06-28,2.1160453648732553,0.48505926455254667,,0.0810719003742055,66.66666666666666
bangkok_temp_1h,-,autoets,statistical,2909,2026-06-30,3.372509559333159,0.48505926455254667,,0.09440673335825313,70.83333333333334
bangkok_temp_1h,-,autoets,statistical,2963,2026-07-02,1.5982114408424992,0.48505926455254667,,0.0463773370479429,100.0
bangkok_temp_1h,-,autoets,statistical,3017,2026-07-04,1.2636078896131384,0.48505926455254667,,0.04528125336650238,100.0
bangkok_temp_1h,-,autoets,statistical,3071,2026-07-06,1.5116464562004754,0.48505926455254667,,0.06340936012629504,70.83333333333334
bangkok_temp_1h,-,autotheta,statistical,2048,2026-05-25,1.280408119249459,0.17828031664830632,,0.02992382827530412,91.66666666666666
bangkok_temp_1h,-,autotheta,statistical,2102,2026-05-27,1.7897026091592632,0.17828031664830632,,0.04050268182397229,66.66666666666666
bangkok_temp_1h,-,autotheta,statistical,2156,2026-05-29,0.5262272952929593,0.17828031664830632,,0.021386272038431645,100.0
bangkok_temp_1h,-,autotheta,statistical,2210,2026-06-01,0.8749907216109952,0.17828031664830632,,0.028221239042074818,100.0
bangkok_temp_1h,-,autotheta,statistical,2263,2026-06-03,0.701575302322027,0.17828031664830632,,0.023501345820143297,100.0
bangkok_temp_1h,-,autotheta,statistical,2317,2026-06-05,1.375871911435969,0.17828031664830632,,0.03438776266270727,100.0
bangkok_temp_1h,-,autotheta,statistical,2371,2026-06-07,1.384325670806627,0.17828031664830632,,0.03461950255500713,95.83333333333334
bangkok_temp_1h,-,autotheta,statistical,2425,2026-06-10,2.980093504079226,0.17828031664830632,,0.06942112942116543,70.83333333333334
bangkok_temp_1h,-,autotheta,statistical,2479,2026-06-12,2.462215314954433,0.17828031664830632,,0.06426311072035465,83.33333333333334
bangkok_temp_1h,-,autotheta,statistical,2533,2026-06-14,0.3564536566833416,0.17828031664830632,,0.023226733841421016,100.0
bangkok_temp_1h,-,autotheta,statistical,2586,2026-06-16,1.9083664497671073,0.17828031664830632,,0.05220896280950615,83.33333333333334
bangkok_temp_1h,-,autotheta,statistical,2640,2026-06-19,2.041032250370602,0.17828031664830632,,0.05251549090073798,83.33333333333334
bangkok_temp_1h,-,autotheta,statistical,2694,2026-06-21,1.2177792123282918,0.17828031664830632,,0.03211864093439821,95.83333333333334
bangkok_temp_1h,-,autotheta,statistical,2748,2026-06-23,0.9813610053693002,0.17828031664830632,,0.032014648601250306,91.66666666666666
bangkok_temp_1h,-,autotheta,statistical,2802,2026-06-25,0.8079481864914818,0.17828031664830632,,0.029392846561350834,100.0
bangkok_temp_1h,-,autotheta,statistical,2856,2026-06-28,0.9786061663316175,0.17828031664830632,,0.03423251291609164,100.0
bangkok_temp_1h,-,autotheta,statistical,2909,2026-06-30,0.7467559563301894,0.17828031664830632,,0.029696493509970306,95.83333333333334
bangkok_temp_1h,-,autotheta,statistical,2963,2026-07-02,1.4086148405689174,0.17828031664830632,,0.04306775265511808,100.0
bangkok_temp_1h,-,autotheta,statistical,3017,2026-07-04,0.5661821106931811,0.17828031664830632,,0.026037277920405992,100.0
bangkok_temp_1h,-,autotheta,statistical,3071,2026-07-06,0.9145295605453287,0.17828031664830632,,0.034314086240623314,95.83333333333334
bangkok_temp_1h,-,gbdt_calendar,ml,2048,2026-05-25,2.5621604806579374,0.9030849853996188,,,
bangkok_temp_1h,-,gbdt_calendar,ml,2102,2026-05-27,2.8957137450484627,0.9030849853996188,,,
bangkok_temp_1h,-,gbdt_calendar,ml,2156,2026-05-29,1.6763756365929514,0.9030849853996188,,,
bangkok_temp_1h,-,gbdt_calendar,ml,2210,2026-06-01,0.8449752929788185,0.9030849853996188,,,
bangkok_temp_1h,-,gbdt_calendar,ml,2263,2026-06-03,1.4375961179098762,0.9030849853996188,,,
bangkok_temp_1h,-,gbdt_calendar,ml,2317,2026-06-05,1.1874821528014285,0.9030849853996188,,,
bangkok_temp_1h,-,gbdt_calendar,ml,2371,2026-06-07,1.3291715577091279,0.9030849853996188,,,
bangkok_temp_1h,-,gbdt_calendar,ml,2425,2026-06-10,1.6946242527987376,0.9030849853996188,,,
bangkok_temp_1h,-,gbdt_calendar,ml,2479,2026-06-12,0.9767827650109202,0.9030849853996188,,,
bangkok_temp_1h,-,gbdt_calendar,ml,2533,2026-06-14,2.1082906219779947,0.9030849853996188,,,
bangkok_temp_1h,-,gbdt_calendar,ml,2586,2026-06-16,1.9118263317221822,0.9030849853996188,,,
bangkok_temp_1h,-,gbdt_calendar,ml,2640,2026-06-19,1.8082712045714038,0.9030849853996188,,,
bangkok_temp_1h,-,gbdt_calendar,ml,2694,2026-06-21,2.1020295153090602,0.9030849853996188,,,
bangkok_temp_1h,-,gbdt_calendar,ml,2748,2026-06-23,1.5380633303217393,0.9030849853996188,,,
bangkok_temp_1h,-,gbdt_calendar,ml,2802,2026-06-25,1.5228834739226234,0.9030849853996188,,,
bangkok_temp_1h,-,gbdt_calendar,ml,2856,2026-06-28,1.1831649227733152,0.9030849853996188,,,
bangkok_temp_1h,-,gbdt_calendar,ml,2909,2026-06-30,0.9091839839554006,0.9030849853996188,,,
bangkok_temp_1h,-,gbdt_calendar,ml,2963,2026-07-02,1.6803318239489853,0.9030849853996188,,,
bangkok_temp_1h,-,gbdt_calendar,ml,3017,2026-07-04,1.526229110391736,0.9030849853996188,,,
bangkok_temp_1h,-,gbdt_calendar,ml,3071,2026-07-06,1.1347453820710722,0.9030849853996188,,,
bangkok_temp_1h,-,timesfm_2p5_ctx2048,timesfm,2048,2026-05-25,0.7336433636758425,0.17036552709760144,,0.019953319506634825,75.0
bangkok_temp_1h,-,timesfm_2p5_ctx2048,timesfm,2102,2026-05-27,0.8504387788156738,0.17036552709760144,,0.022439728227993,87.5
bangkok_temp_1h,-,timesfm_2p5_ctx2048,timesfm,2156,2026-05-29,0.5335084095165618,0.17036552709760144,,0.016055926660359442,95.83333333333334
bangkok_temp_1h,-,timesfm_2p5_ctx2048,timesfm,2210,2026-06-01,1.0546267109973206,0.17036552709760144,,0.02614924748532252,91.66666666666666
bangkok_temp_1h,-,timesfm_2p5_ctx2048,timesfm,2263,2026-06-03,0.9045969675642678,0.17036552709760144,,0.021805576944082514,79.16666666666666
bangkok_temp_1h,-,timesfm_2p5_ctx2048,timesfm,2317,2026-06-05,1.1208227775177704,0.17036552709760144,,0.026763329964319574,83.33333333333334
bangkok_temp_1h,-,timesfm_2p5_ctx2048,timesfm,2371,2026-06-07,1.0867988920924703,0.17036552709760144,,0.02592139857996918,79.16666666666666
bangkok_temp_1h,-,timesfm_2p5_ctx2048,timesfm,2425,2026-06-10,1.492641547168032,0.17036552709760144,,0.03779661235371819,62.5
bangkok_temp_1h,-,timesfm_2p5_ctx2048,timesfm,2479,2026-06-12,0.8470838500636649,0.17036552709760144,,0.02623258755706962,83.33333333333334
bangkok_temp_1h,-,timesfm_2p5_ctx2048,timesfm,2533,2026-06-14,0.637441732602346,0.17036552709760144,,0.016205791440969147,100.0
bangkok_temp_1h,-,timesfm_2p5_ctx2048,timesfm,2586,2026-06-16,1.411142701233254,0.17036552709760144,,0.03644394806090701,75.0
bangkok_temp_1h,-,timesfm_2p5_ctx2048,timesfm,2640,2026-06-19,1.3448766930624771,0.17036552709760144,,0.039342708553475,58.333333333333336
bangkok_temp_1h,-,timesfm_2p5_ctx2048,timesfm,2694,2026-06-21,0.5621918244527598,0.17036552709760144,,0.016530600040994742,95.83333333333334
bangkok_temp_1h,-,timesfm_2p5_ctx2048,timesfm,2748,2026-06-23,0.967143029281185,0.17036552709760144,,0.026309943142238595,87.5
bangkok_temp_1h,-,timesfm_2p5_ctx2048,timesfm,2802,2026-06-25,0.8973955092427023,0.17036552709760144,,0.026039059467504518,70.83333333333334
bangkok_temp_1h,-,timesfm_2p5_ctx2048,timesfm,2856,2026-06-28,0.8283087745999876,0.17036552709760144,,0.027097751245288584,83.33333333333334
bangkok_temp_1h,-,timesfm_2p5_ctx2048,timesfm,2909,2026-06-30,0.6445741538585052,0.17036552709760144,,0.01851009734786602,95.83333333333334
bangkok_temp_1h,-,timesfm_2p5_ctx2048,timesfm,2963,2026-07-02,0.42208453346067865,0.17036552709760144,,0.015329241056304076,95.83333333333334
bangkok_temp_1h,-,timesfm_2p5_ctx2048,timesfm,3017,2026-07-04,0.4360368829766625,0.17036552709760144,,0.016124889620009512,95.83333333333334
bangkok_temp_1h,-,timesfm_2p5_ctx2048,timesfm,3071,2026-07-06,0.893863467625968,0.17036552709760144,,0.026790235431642412,95.83333333333334
bangkok_temp_1h,-,chronos_2_ctx2048,chronos,2048,2026-05-25,0.9881333835363347,0.020511345798149706,,0.02480956649971958,54.166666666666664
bangkok_temp_1h,-,chronos_2_ctx2048,chronos,2102,2026-05-27,0.7867048065128948,0.020511345798149706,,0.021023926249640973,83.33333333333334
bangkok_temp_1h,-,chronos_2_ctx2048,chronos,2156,2026-05-29,0.43506567725918793,0.020511345798149706,,0.014928845901002918,100.0
bangkok_temp_1h,-,chronos_2_ctx2048,chronos,2210,2026-06-01,0.46791732519080625,0.020511345798149706,,0.01520243659586729,100.0
bangkok_temp_1h,-,chronos_2_ctx2048,chronos,2263,2026-06-03,0.9031586399543043,0.020511345798149706,,0.022240241492022188,50.0
bangkok_temp_1h,-,chronos_2_ctx2048,chronos,2317,2026-06-05,1.143812161367481,0.020511345798149706,,0.027571718943842353,87.5
bangkok_temp_1h,-,chronos_2_ctx2048,chronos,2371,2026-06-07,1.0919735797019532,0.020511345798149706,,0.025734102134291295,75.0
bangkok_temp_1h,-,chronos_2_ctx2048,chronos,2425,2026-06-10,1.5282506339784105,0.020511345798149706,,0.03867321991815748,50.0
bangkok_temp_1h,-,chronos_2_ctx2048,chronos,2479,2026-06-12,0.7084382883526327,0.020511345798149706,,0.021575524675611305,83.33333333333334
bangkok_temp_1h,-,chronos_2_ctx2048,chronos,2533,2026-06-14,0.5740201356446595,0.020511345798149706,,0.015582384536354126,95.83333333333334
bangkok_temp_1h,-,chronos_2_ctx2048,chronos,2586,2026-06-16,1.1684741194923252,0.020511345798149706,,0.03181157234341461,79.16666666666666
bangkok_temp_1h,-,chronos_2_ctx2048,chronos,2640,2026-06-19,1.9327389496369407,0.020511345798149706,,0.05812573224186223,33.33333333333333
bangkok_temp_1h,-,chronos_2_ctx2048,chronos,2694,2026-06-21,0.5772323425837965,0.020511345798149706,,0.016335765481538284,87.5
bangkok_temp_1h,-,chronos_2_ctx2048,chronos,2748,2026-06-23,0.977219094098199,0.020511345798149706,,0.0264868711251683,87.5
bangkok_temp_1h,-,chronos_2_ctx2048,chronos,2802,2026-06-25,0.8776794660409941,0.020511345798149706,,0.024620558546010175,79.16666666666666
bangkok_temp_1h,-,chronos_2_ctx2048,chronos,2856,2026-06-28,0.9236277645570747,0.020511345798149706,,0.02868588553072898,79.16666666666666
bangkok_temp_1h,-,chronos_2_ctx2048,chronos,2909,2026-06-30,0.6798447978407787,0.020511345798149706,,0.019214790004255026,66.66666666666666
bangkok_temp_1h,-,chronos_2_ctx2048,chronos,2963,2026-07-02,0.4923175224098442,0.020511345798149706,,0.016055253890275716,100.0
bangkok_temp_1h,-,chronos_2_ctx2048,chronos,3017,2026-07-04,0.42872339928573017,0.020511345798149706,,0.01714666941737998,91.66666666666666
bangkok_temp_1h,-,chronos_2_ctx2048,chronos,3071,2026-07-06,0.8670191793103312,0.020511345798149706,,0.028541811737792216,75.0
bangkok_temp_1h,-,chronos_bolt_small,chronos,2048,2026-05-25,0.7131971715642206,0.006265081249875948,,0.01894814825834161,87.5
bangkok_temp_1h,-,chronos_bolt_small,chronos,2102,2026-05-27,0.7994240126789085,0.006265081249875948,,0.020281917507515606,91.66666666666666
bangkok_temp_1h,-,chronos_bolt_small,chronos,2156,2026-05-29,0.49563298446360193,0.006265081249875948,,0.014721725456019123,100.0
bangkok_temp_1h,-,chronos_bolt_small,chronos,2210,2026-06-01,0.780960128835597,0.006265081249875948,,0.01909737374649501,100.0
bangkok_temp_1h,-,chronos_bolt_small,chronos,2263,2026-06-03,0.9665094746574352,0.006265081249875948,,0.02232808384276932,87.5
bangkok_temp_1h,-,chronos_bolt_small,chronos,2317,2026-06-05,1.206656772485249,0.006265081249875948,,0.0277150176997289,91.66666666666666
bangkok_temp_1h,-,chronos_bolt_small,chronos,2371,2026-06-07,0.875097466631003,0.006265081249875948,,0.021985352625021493,83.33333333333334
bangkok_temp_1h,-,chronos_bolt_small,chronos,2425,2026-06-10,1.3164981298070288,0.006265081249875948,,0.032200718189771334,79.16666666666666
bangkok_temp_1h,-,chronos_bolt_small,chronos,2479,2026-06-12,0.7744592469984084,0.006265081249875948,,0.023029539605521662,83.33333333333334
bangkok_temp_1h,-,chronos_bolt_small,chronos,2533,2026-06-14,0.4838652521401916,0.006265081249875948,,0.01367825119983936,100.0
bangkok_temp_1h,-,chronos_bolt_small,chronos,2586,2026-06-16,1.2402963748652256,0.006265081249875948,,0.03228800277062113,79.16666666666666
bangkok_temp_1h,-,chronos_bolt_small,chronos,2640,2026-06-19,1.6093602950160801,0.006265081249875948,,0.04791552383066435,50.0
bangkok_temp_1h,-,chronos_bolt_small,chronos,2694,2026-06-21,0.5838158452058624,0.006265081249875948,,0.01677212903202219,91.66666666666666
bangkok_temp_1h,-,chronos_bolt_small,chronos,2748,2026-06-23,0.8376556888497254,0.006265081249875948,,0.024131661963220287,87.5
bangkok_temp_1h,-,chronos_bolt_small,chronos,2802,2026-06-25,0.7223439628111893,0.006265081249875948,,0.02137165754389421,87.5
bangkok_temp_1h,-,chronos_bolt_small,chronos,2856,2026-06-28,0.9199458605721409,0.006265081249875948,,0.029711511261496074,83.33333333333334
bangkok_temp_1h,-,chronos_bolt_small,chronos,2909,2026-06-30,0.6797818938606704,0.006265081249875948,,0.019093412197656128,95.83333333333334
bangkok_temp_1h,-,chronos_bolt_small,chronos,2963,2026-07-02,0.3983288050348706,0.006265081249875948,,0.015975515182356743,100.0
bangkok_temp_1h,-,chronos_bolt_small,chronos,3017,2026-07-04,0.37897040018557293,0.006265081249875948,,0.014685406147572225,95.83333333333334
bangkok_temp_1h,-,chronos_bolt_small,chronos,3071,2026-07-06,0.87345586762133,0.006265081249875948,,0.028134526743181953,79.16666666666666
london_temp_1h,-,naive_last,naive,2048,2026-05-25,2.514721660229294,1.5500001609325409e-06,,,
london_temp_1h,-,naive_last,naive,2102,2026-05-27,2.960077289394008,1.5500001609325409e-06,,,
london_temp_1h,-,naive_last,naive,2156,2026-05-29,1.8662413843672092,1.5500001609325409e-06,,,
london_temp_1h,-,naive_last,naive,2210,2026-06-01,1.3656255207540877,1.5500001609325409e-06,,,
london_temp_1h,-,naive_last,naive,2263,2026-06-03,0.7903013852086431,1.5500001609325409e-06,,,
london_temp_1h,-,naive_last,naive,2317,2026-06-05,1.452007623337809,1.5500001609325409e-06,,,
london_temp_1h,-,naive_last,naive,2371,2026-06-07,1.0271343578841698,1.5500001609325409e-06,,,
london_temp_1h,-,naive_last,naive,2425,2026-06-10,0.9960335079773851,1.5500001609325409e-06,,,
london_temp_1h,-,naive_last,naive,2479,2026-06-12,1.1650825228411434,1.5500001609325409e-06,,,
london_temp_1h,-,naive_last,naive,2533,2026-06-14,1.2726767565986699,1.5500001609325409e-06,,,
london_temp_1h,-,naive_last,naive,2586,2026-06-16,1.9521518782502525,1.5500001609325409e-06,,,
london_temp_1h,-,naive_last,naive,2640,2026-06-19,2.042024574456093,1.5500001609325409e-06,,,
london_temp_1h,-,naive_last,naive,2694,2026-06-21,2.337239730624496,1.5500001609325409e-06,,,
london_temp_1h,-,naive_last,naive,2748,2026-06-23,1.7288813045127036,1.5500001609325409e-06,,,
london_temp_1h,-,naive_last,naive,2802,2026-06-25,1.9417607223476296,1.5500001609325409e-06,,,
london_temp_1h,-,naive_last,naive,2856,2026-06-28,0.9308769747849389,1.5500001609325409e-06,,,
london_temp_1h,-,naive_last,naive,2909,2026-06-30,1.23938361648542,1.5500001609325409e-06,,,
london_temp_1h,-,naive_last,naive,2963,2026-07-02,2.1289063973978735,1.5500001609325409e-06,,,
london_temp_1h,-,naive_last,naive,3017,2026-07-04,3.2474929803449646,1.5500001609325409e-06,,,
london_temp_1h,-,naive_last,naive,3071,2026-07-06,1.8042616023813447,1.5500001609325409e-06,,,
london_temp_1h,-,naive_mean,naive,2048,2026-05-25,7.606118115267305,3.5500037483870982e-06,,,
london_temp_1h,-,naive_mean,naive,2102,2026-05-27,4.337180402685462,3.5500037483870982e-06,,,
london_temp_1h,-,naive_mean,naive,2156,2026-05-29,4.899812049764913,3.5500037483870982e-06,,,
london_temp_1h,-,naive_mean,naive,2210,2026-06-01,2.35512984596973,3.5500037483870982e-06,,,
london_temp_1h,-,naive_mean,naive,2263,2026-06-03,1.1228027068255824,3.5500037483870982e-06,,,
london_temp_1h,-,naive_mean,naive,2317,2026-06-05,0.7966467180428897,3.5500037483870982e-06,,,
london_temp_1h,-,naive_mean,naive,2371,2026-06-07,0.8209481921690732,3.5500037483870982e-06,,,
london_temp_1h,-,naive_mean,naive,2425,2026-06-10,0.8353803520406623,3.5500037483870982e-06,,,
london_temp_1h,-,naive_mean,naive,2479,2026-06-12,1.6727746343675323,3.5500037483870982e-06,,,
london_temp_1h,-,naive_mean,naive,2533,2026-06-14,1.8657440784351833,3.5500037483870982e-06,,,
london_temp_1h,-,naive_mean,naive,2586,2026-06-16,3.1551122187619085,3.5500037483870982e-06,,,
london_temp_1h,-,naive_mean,naive,2640,2026-06-19,4.843041370758652,3.5500037483870982e-06,,,
london_temp_1h,-,naive_mean,naive,2694,2026-06-21,4.7908389640783,3.5500037483870982e-06,,,
london_temp_1h,-,naive_mean,naive,2748,2026-06-23,6.660067166440625,3.5500037483870982e-06,,,
london_temp_1h,-,naive_mean,naive,2802,2026-06-25,7.13964962144099,3.5500037483870982e-06,,,
london_temp_1h,-,naive_mean,naive,2856,2026-06-28,3.7314563101480975,3.5500037483870982e-06,,,
london_temp_1h,-,naive_mean,naive,2909,2026-06-30,2.7923050025307776,3.5500037483870982e-06,,,
london_temp_1h,-,naive_mean,naive,2963,2026-07-02,2.609792847092909,3.5500037483870982e-06,,,
london_temp_1h,-,naive_mean,naive,3017,2026-07-04,3.709608084566635,3.5500037483870982e-06,,,
london_temp_1h,-,naive_mean,naive,3071,2026-07-06,5.261728493553368,3.5500037483870982e-06,,,
london_temp_1h,-,seasonal_naive,naive,2048,2026-05-25,1.0489317025320337,2.2166525013744833e-06,,,
london_temp_1h,-,seasonal_naive,naive,2102,2026-05-27,2.694478676951633,2.2166525013744833e-06,,,
london_temp_1h,-,seasonal_naive,naive,2156,2026-05-29,1.202111746590409,2.2166525013744833e-06,,,
london_temp_1h,-,seasonal_naive,naive,2210,2026-06-01,0.7918794965983433,2.2166525013744833e-06,,,
london_temp_1h,-,seasonal_naive,naive,2263,2026-06-03,0.48508153988668457,2.2166525013744833e-06,,,
london_temp_1h,-,seasonal_naive,naive,2317,2026-06-05,0.4072927044079641,2.2166525013744833e-06,,,
london_temp_1h,-,seasonal_naive,naive,2371,2026-06-07,0.8459852074936888,2.2166525013744833e-06,,,
london_temp_1h,-,seasonal_naive,naive,2425,2026-06-10,0.4549551549595951,2.2166525013744833e-06,,,
london_temp_1h,-,seasonal_naive,naive,2479,2026-06-12,1.5938328912466841,2.2166525013744833e-06,,,
london_temp_1h,-,seasonal_naive,naive,2533,2026-06-14,0.3958616655699352,2.2166525013744833e-06,,,
london_temp_1h,-,seasonal_naive,naive,2586,2026-06-16,0.44849247155225064,2.2166525013744833e-06,,,
london_temp_1h,-,seasonal_naive,naive,2640,2026-06-19,1.203539623492278,2.2166525013744833e-06,,,
london_temp_1h,-,seasonal_naive,naive,2694,2026-06-21,0.9787787606615236,2.2166525013744833e-06,,,
london_temp_1h,-,seasonal_naive,naive,2748,2026-06-23,2.139514599924156,2.2166525013744833e-06,,,
london_temp_1h,-,seasonal_naive,naive,2802,2026-06-25,1.798984198645598,2.2166525013744833e-06,,,
london_temp_1h,-,seasonal_naive,naive,2856,2026-06-28,1.8711189090747569,2.2166525013744833e-06,,,
london_temp_1h,-,seasonal_naive,naive,2909,2026-06-30,0.5138009346202559,2.2166525013744833e-06,,,
london_temp_1h,-,seasonal_naive,naive,2963,2026-07-02,0.964213211377512,2.2166525013744833e-06,,,
london_temp_1h,-,seasonal_naive,naive,3017,2026-07-04,0.3979770809246281,2.2166525013744833e-06,,,
london_temp_1h,-,seasonal_naive,naive,3071,2026-07-06,0.5424707240639949,2.2166525013744833e-06,,,
london_temp_1h,-,seasonal_profile,naive,2048,2026-05-25,1.9679587395009506,1.623749849386513e-05,,,
london_temp_1h,-,seasonal_profile,naive,2102,2026-05-27,2.3499703318271026,1.623749849386513e-05,,,
london_temp_1h,-,seasonal_profile,naive,2156,2026-05-29,0.87561225986215,1.623749849386513e-05,,,
london_temp_1h,-,seasonal_profile,naive,2210,2026-06-01,2.10342991283935,1.623749849386513e-05,,,
london_temp_1h,-,seasonal_profile,naive,2263,2026-06-03,1.433443202137056,1.623749849386513e-05,,,
london_temp_1h,-,seasonal_profile,naive,2317,2026-06-05,0.4328626499761772,1.623749849386513e-05,,,
london_temp_1h,-,seasonal_profile,naive,2371,2026-06-07,0.5313085905782658,1.623749849386513e-05,,,
london_temp_1h,-,seasonal_profile,naive,2425,2026-06-10,0.7975757037563275,1.623749849386513e-05,,,
london_temp_1h,-,seasonal_profile,naive,2479,2026-06-12,1.5574823165340403,1.623749849386513e-05,,,
london_temp_1h,-,seasonal_profile,naive,2533,2026-06-14,0.6640856913065731,1.623749849386513e-05,,,
london_temp_1h,-,seasonal_profile,naive,2586,2026-06-16,1.3873491184323767,1.623749849386513e-05,,,
london_temp_1h,-,seasonal_profile,naive,2640,2026-06-19,1.7530229587043924,1.623749849386513e-05,,,
london_temp_1h,-,seasonal_profile,naive,2694,2026-06-21,0.947297572453112,1.623749849386513e-05,,,
london_temp_1h,-,seasonal_profile,naive,2748,2026-06-23,2.0771520667425105,1.623749849386513e-05,,,
london_temp_1h,-,seasonal_profile,naive,2802,2026-06-25,1.7761399548532728,1.623749849386513e-05,,,
london_temp_1h,-,seasonal_profile,naive,2856,2026-06-28,2.276621655636003,1.623749849386513e-05,,,
london_temp_1h,-,seasonal_profile,naive,2909,2026-06-30,1.584679943515162,1.623749849386513e-05,,,
london_temp_1h,-,seasonal_profile,naive,2963,2026-07-02,0.7503679050918065,1.623749849386513e-05,,,
london_temp_1h,-,seasonal_profile,naive,3017,2026-07-04,0.6477076992048325,1.623749849386513e-05,,,
london_temp_1h,-,seasonal_profile,naive,3071,2026-07-06,1.5499163544685561,1.623749849386513e-05,,,
london_temp_1h,-,autoets,statistical,2048,2026-05-25,2.514796117395624,0.5310403291485273,,0.1717036679631208,41.66666666666667
london_temp_1h,-,autoets,statistical,2102,2026-05-27,2.9600703569234446,0.5310403291485273,,0.2553301490989875,33.33333333333333
london_temp_1h,-,autoets,statistical,2156,2026-05-29,1.866248063062589,0.5310403291485273,,0.13606884822296886,50.0
london_temp_1h,-,autoets,statistical,2210,2026-06-01,1.3656075524581623,0.5310403291485273,,0.13850651215377482,66.66666666666666
london_temp_1h,-,autoets,statistical,2263,2026-06-03,0.790321007138391,0.5310403291485273,,0.10804041838026897,83.33333333333334
london_temp_1h,-,autoets,statistical,2317,2026-06-05,1.451985703172863,0.5310403291485273,,0.16457858327938174,70.83333333333334
london_temp_1h,-,autoets,statistical,2371,2026-06-07,1.0270810278505647,0.5310403291485273,,0.11402556044467797,95.83333333333334
london_temp_1h,-,autoets,statistical,2425,2026-06-10,0.9968550136636227,0.5310403291485273,,0.13579548511361844,87.5
london_temp_1h,-,autoets,statistical,2479,2026-06-12,1.1650840141467578,0.5310403291485273,,0.11684275730245633,79.16666666666666
london_temp_1h,-,autoets,statistical,2533,2026-06-14,1.2726456771662051,0.5310403291485273,,0.13112486374074872,66.66666666666666
london_temp_1h,-,autoets,statistical,2586,2026-06-16,1.9521846336093434,0.5310403291485273,,0.18535565626933523,37.5
london_temp_1h,-,autoets,statistical,2640,2026-06-19,2.0420131645960597,0.5310403291485273,,0.15045988199357638,54.166666666666664
london_temp_1h,-,autoets,statistical,2694,2026-06-21,2.337254993314961,0.5310403291485273,,0.18832627907388966,41.66666666666667
london_temp_1h,-,autoets,statistical,2748,2026-06-23,1.7288813045127036,0.5310403291485273,,0.10216473554639464,45.83333333333333
london_temp_1h,-,autoets,statistical,2802,2026-06-25,1.941769251659469,0.5310403291485273,,0.10665841216878108,58.333333333333336
london_temp_1h,-,autoets,statistical,2856,2026-06-28,0.9308829688835197,0.5310403291485273,,0.07170421617944348,75.0
london_temp_1h,-,autoets,statistical,2909,2026-06-30,1.2393725663399198,0.5310403291485273,,0.11067999677304169,70.83333333333334
london_temp_1h,-,autoets,statistical,2963,2026-07-02,2.1288865394169174,0.5310403291485273,,0.17924717037482096,58.333333333333336
london_temp_1h,-,autoets,statistical,3017,2026-07-04,3.2474579566102184,0.5310403291485273,,0.2612175421651468,25.0
london_temp_1h,-,autoets,statistical,3071,2026-07-06,1.8042588200827336,0.5310403291485273,,0.11197488971524809,66.66666666666666
london_temp_1h,-,autotheta,statistical,2048,2026-05-25,1.0216857275057758,0.11160983959562146,,0.06254381906081789,58.333333333333336
london_temp_1h,-,autotheta,statistical,2102,2026-05-27,1.0190519062777645,0.11160983959562146,,0.07610384411058184,50.0
london_temp_1h,-,autotheta,statistical,2156,2026-05-29,0.762997439623324,0.11160983959562146,,0.05829757682643197,62.5
london_temp_1h,-,autotheta,statistical,2210,2026-06-01,0.8160435346817921,0.11160983959562146,,0.07356364289859282,75.0
london_temp_1h,-,autotheta,statistical,2263,2026-06-03,1.438694418178569,0.11160983959562146,,0.17717440570660323,41.66666666666667
london_temp_1h,-,autotheta,statistical,2317,2026-06-05,0.5607555379179104,0.11160983959562146,,0.07378202972570055,79.16666666666666
london_temp_1h,-,autotheta,statistical,2371,2026-06-07,1.02236744793826,0.11160983959562146,,0.11565577849788991,62.5
london_temp_1h,-,autotheta,statistical,2425,2026-06-10,0.48014762394234006,0.11160983959562146,,0.06722889214543548,95.83333333333334
london_temp_1h,-,autotheta,statistical,2479,2026-06-12,1.879691762170301,0.11160983959562146,,0.1982385775972537,12.5
london_temp_1h,-,autotheta,statistical,2533,2026-06-14,0.423960486371434,0.11160983959562146,,0.05262634674308993,95.83333333333334
london_temp_1h,-,autotheta,statistical,2586,2026-06-16,0.4941195430769909,0.11160983959562146,,0.048560967638341224,75.0
london_temp_1h,-,autotheta,statistical,2640,2026-06-19,0.4537210088653396,0.11160983959562146,,0.03990066083450519,75.0
london_temp_1h,-,autotheta,statistical,2694,2026-06-21,1.1462850742984416,0.11160983959562146,,0.07016447491481875,62.5
london_temp_1h,-,autotheta,statistical,2748,2026-06-23,1.487081223845171,0.11160983959562146,,0.09279415971506774,20.833333333333336
london_temp_1h,-,autotheta,statistical,2802,2026-06-25,2.0438461119229885,0.11160983959562146,,0.13213481415193576,37.5
london_temp_1h,-,autotheta,statistical,2856,2026-06-28,1.6880140024205967,0.11160983959562146,,0.12898262253567713,33.33333333333333
london_temp_1h,-,autotheta,statistical,2909,2026-06-30,1.6151255400301774,0.11160983959562146,,0.13501182268655482,37.5
london_temp_1h,-,autotheta,statistical,2963,2026-07-02,0.7455635577354398,0.11160983959562146,,0.055170130293993876,75.0
london_temp_1h,-,autotheta,statistical,3017,2026-07-04,0.906462466675611,0.11160983959562146,,0.05657455459525265,75.0
london_temp_1h,-,autotheta,statistical,3071,2026-07-06,0.9561324763308409,0.11160983959562146,,0.05569978428805969,70.83333333333334
london_temp_1h,-,gbdt_calendar,ml,2048,2026-05-25,2.864069513069794,0.9323662083479576,,,
london_temp_1h,-,gbdt_calendar,ml,2102,2026-05-27,2.047351408735937,0.9323662083479576,,,
london_temp_1h,-,gbdt_calendar,ml,2156,2026-05-29,1.1629441302369172,0.9323662083479576,,,
london_temp_1h,-,gbdt_calendar,ml,2210,2026-06-01,2.2918865412003284,0.9323662083479576,,,
london_temp_1h,-,gbdt_calendar,ml,2263,2026-06-03,0.42924520985005044,0.9323662083479576,,,
london_temp_1h,-,gbdt_calendar,ml,2317,2026-06-05,0.5612608248189727,0.9323662083479576,,,
london_temp_1h,-,gbdt_calendar,ml,2371,2026-06-07,0.7905766573102034,0.9323662083479576,,,
london_temp_1h,-,gbdt_calendar,ml,2425,2026-06-10,0.4653240003593746,0.9323662083479576,,,
london_temp_1h,-,gbdt_calendar,ml,2479,2026-06-12,1.4718319328886702,0.9323662083479576,,,
london_temp_1h,-,gbdt_calendar,ml,2533,2026-06-14,0.9773975211561441,0.9323662083479576,,,
london_temp_1h,-,gbdt_calendar,ml,2586,2026-06-16,1.2499689696368343,0.9323662083479576,,,
london_temp_1h,-,gbdt_calendar,ml,2640,2026-06-19,1.436895395137412,0.9323662083479576,,,
london_temp_1h,-,gbdt_calendar,ml,2694,2026-06-21,0.7008454572940759,0.9323662083479576,,,
london_temp_1h,-,gbdt_calendar,ml,2748,2026-06-23,2.172484925375944,0.9323662083479576,,,
london_temp_1h,-,gbdt_calendar,ml,2802,2026-06-25,2.5248594394554065,0.9323662083479576,,,
london_temp_1h,-,gbdt_calendar,ml,2856,2026-06-28,2.8400056766594943,0.9323662083479576,,,
london_temp_1h,-,gbdt_calendar,ml,2909,2026-06-30,0.583421790776023,0.9323662083479576,,,
london_temp_1h,-,gbdt_calendar,ml,2963,2026-07-02,1.7956754565209738,0.9323662083479576,,,
london_temp_1h,-,gbdt_calendar,ml,3017,2026-07-04,1.1746092658446576,0.9323662083479576,,,
london_temp_1h,-,gbdt_calendar,ml,3071,2026-07-06,0.7672252133800416,0.9323662083479576,,,
london_temp_1h,-,timesfm_2p5_ctx2048,timesfm,2048,2026-05-25,0.6590697369959346,0.18436125415028073,,0.04612577619541385,100.0
london_temp_1h,-,timesfm_2p5_ctx2048,timesfm,2102,2026-05-27,1.018770046362686,0.18436125415028073,,0.07487166654451703,70.83333333333334
london_temp_1h,-,timesfm_2p5_ctx2048,timesfm,2156,2026-05-29,0.5042121146812277,0.18436125415028073,,0.04135089112633697,100.0
london_temp_1h,-,timesfm_2p5_ctx2048,timesfm,2210,2026-06-01,1.0134434149832756,0.18436125415028073,,0.09868958826245011,75.0
london_temp_1h,-,timesfm_2p5_ctx2048,timesfm,2263,2026-06-03,0.7414804224392461,0.18436125415028073,,0.09109288499032865,79.16666666666666
london_temp_1h,-,timesfm_2p5_ctx2048,timesfm,2317,2026-06-05,0.6360788332669176,0.18436125415028073,,0.07303309907829432,79.16666666666666
london_temp_1h,-,timesfm_2p5_ctx2048,timesfm,2371,2026-06-07,0.8679035449398647,0.18436125415028073,,0.10022326862497254,62.5
london_temp_1h,-,timesfm_2p5_ctx2048,timesfm,2425,2026-06-10,0.5257390896288741,0.18436125415028073,,0.07170470968560293,95.83333333333334
london_temp_1h,-,timesfm_2p5_ctx2048,timesfm,2479,2026-06-12,0.4154795102935395,0.18436125415028073,,0.04842487722278168,100.0
london_temp_1h,-,timesfm_2p5_ctx2048,timesfm,2533,2026-06-14,0.31523333310540547,0.18436125415028073,,0.04013689583792984,100.0
london_temp_1h,-,timesfm_2p5_ctx2048,timesfm,2586,2026-06-16,0.4318761796029053,0.18436125415028073,,0.04414287739951397,87.5
london_temp_1h,-,timesfm_2p5_ctx2048,timesfm,2640,2026-06-19,0.8670318863820372,0.18436125415028073,,0.05873985351674654,79.16666666666666
london_temp_1h,-,timesfm_2p5_ctx2048,timesfm,2694,2026-06-21,0.6732286760329009,0.18436125415028073,,0.05093673105822643,66.66666666666666
london_temp_1h,-,timesfm_2p5_ctx2048,timesfm,2748,2026-06-23,1.4851424621767195,0.18436125415028073,,0.08761672272794697,37.5
london_temp_1h,-,timesfm_2p5_ctx2048,timesfm,2802,2026-06-25,2.1202649055808176,0.18436125415028073,,0.12828835053046392,29.166666666666668
london_temp_1h,-,timesfm_2p5_ctx2048,timesfm,2856,2026-06-28,1.231585701594363,0.18436125415028073,,0.08425594274032314,91.66666666666666
london_temp_1h,-,timesfm_2p5_ctx2048,timesfm,2909,2026-06-30,0.9136304208790175,0.18436125415028073,,0.07018962324870366,91.66666666666666
london_temp_1h,-,timesfm_2p5_ctx2048,timesfm,2963,2026-07-02,1.0411547448993574,0.18436125415028073,,0.08688112548526275,58.333333333333336
london_temp_1h,-,timesfm_2p5_ctx2048,timesfm,3017,2026-07-04,1.26010941574387,0.18436125415028073,,0.081987207325174,70.83333333333334
london_temp_1h,-,timesfm_2p5_ctx2048,timesfm,3071,2026-07-06,0.7345835303422851,0.18436125415028073,,0.04924057316098401,70.83333333333334
london_temp_1h,-,chronos_2_ctx2048,chronos,2048,2026-05-25,1.4584512398643603,0.020818689599400385,,0.080337242592383,33.33333333333333
london_temp_1h,-,chronos_2_ctx2048,chronos,2102,2026-05-27,1.0079270342148765,0.020818689599400385,,0.07470307163224481,70.83333333333334
london_temp_1h,-,chronos_2_ctx2048,chronos,2156,2026-05-29,0.7583379536819067,0.020818689599400385,,0.05361287721362475,91.66666666666666
london_temp_1h,-,chronos_2_ctx2048,chronos,2210,2026-06-01,0.5072663814958064,0.020818689599400385,,0.048765682784906256,100.0
london_temp_1h,-,chronos_2_ctx2048,chronos,2263,2026-06-03,0.4418634575895632,0.020818689599400385,,0.05912075672622227,83.33333333333334
london_temp_1h,-,chronos_2_ctx2048,chronos,2317,2026-06-05,0.6020720686855878,0.020818689599400385,,0.07042932484291632,70.83333333333334
london_temp_1h,-,chronos_2_ctx2048,chronos,2371,2026-06-07,0.7705691229444072,0.020818689599400385,,0.08825346589894424,58.333333333333336
london_temp_1h,-,chronos_2_ctx2048,chronos,2425,2026-06-10,0.5412274502848301,0.020818689599400385,,0.0718975365993019,91.66666666666666
london_temp_1h,-,chronos_2_ctx2048,chronos,2479,2026-06-12,0.5159277748436202,0.020818689599400385,,0.05263957478799846,100.0
london_temp_1h,-,chronos_2_ctx2048,chronos,2533,2026-06-14,0.26933505858839485,0.020818689599400385,,0.031273531553875314,100.0
london_temp_1h,-,chronos_2_ctx2048,chronos,2586,2026-06-16,0.33479766688009555,0.020818689599400385,,0.036283375122720896,83.33333333333334
london_temp_1h,-,chronos_2_ctx2048,chronos,2640,2026-06-19,0.7370807978962937,0.020818689599400385,,0.05206738193913746,70.83333333333334
london_temp_1h,-,chronos_2_ctx2048,chronos,2694,2026-06-21,0.6720134549583847,0.020818689599400385,,0.04493296641265979,70.83333333333334
london_temp_1h,-,chronos_2_ctx2048,chronos,2748,2026-06-23,1.5995209980553462,0.020818689599400385,,0.09985479256722087,8.333333333333332
london_temp_1h,-,chronos_2_ctx2048,chronos,2802,2026-06-25,2.146757805295417,0.020818689599400385,,0.1378669387561434,29.166666666666668
london_temp_1h,-,chronos_2_ctx2048,chronos,2856,2026-06-28,1.281647530466781,0.020818689599400385,,0.09742200772091245,29.166666666666668
london_temp_1h,-,chronos_2_ctx2048,chronos,2909,2026-06-30,0.6722044865835253,0.020818689599400385,,0.05419187324955464,79.16666666666666
london_temp_1h,-,chronos_2_ctx2048,chronos,2963,2026-07-02,1.0079686618572232,0.020818689599400385,,0.08500110118893642,54.166666666666664
london_temp_1h,-,chronos_2_ctx2048,chronos,3017,2026-07-04,0.9063811043669959,0.020818689599400385,,0.06084505641214247,70.83333333333334
london_temp_1h,-,chronos_2_ctx2048,chronos,3071,2026-07-06,0.7841628491782542,0.020818689599400385,,0.04856801849321054,66.66666666666666
london_temp_1h,-,chronos_bolt_small,chronos,2048,2026-05-25,0.9267636198509581,0.006164924998302013,,0.048766278345324064,100.0
london_temp_1h,-,chronos_bolt_small,chronos,2102,2026-05-27,1.142689740487137,0.006164924998302013,,0.08598609281510586,50.0
london_temp_1h,-,chronos_bolt_small,chronos,2156,2026-05-29,0.7846733444858321,0.006164924998302013,,0.05527149530323931,91.66666666666666
london_temp_1h,-,chronos_bolt_small,chronos,2210,2026-06-01,0.6000643404505706,0.006164924998302013,,0.05917268191822256,95.83333333333334
london_temp_1h,-,chronos_bolt_small,chronos,2263,2026-06-03,0.5143065730514116,0.006164924998302013,,0.06509491282386654,87.5
london_temp_1h,-,chronos_bolt_small,chronos,2317,2026-06-05,0.6387258649924007,0.006164924998302013,,0.0729796321257725,91.66666666666666
london_temp_1h,-,chronos_bolt_small,chronos,2371,2026-06-07,1.0178773667607952,0.006164924998302013,,0.1188508407971372,54.166666666666664
london_temp_1h,-,chronos_bolt_small,chronos,2425,2026-06-10,0.8424962691655504,0.006164924998302013,,0.11310170219278051,70.83333333333334
london_temp_1h,-,chronos_bolt_small,chronos,2479,2026-06-12,0.40164468511170487,0.006164924998302013,,0.045056886986751275,100.0
london_temp_1h,-,chronos_bolt_small,chronos,2533,2026-06-14,0.3258749261153078,0.006164924998302013,,0.0364377732355129,95.83333333333334
london_temp_1h,-,chronos_bolt_small,chronos,2586,2026-06-16,0.36424156240201216,0.006164924998302013,,0.03849106307875556,83.33333333333334
london_temp_1h,-,chronos_bolt_small,chronos,2640,2026-06-19,0.9153491960546367,0.006164924998302013,,0.06501993863425454,62.5
london_temp_1h,-,chronos_bolt_small,chronos,2694,2026-06-21,0.596020979270798,0.006164924998302013,,0.041659489865860225,66.66666666666666
london_temp_1h,-,chronos_bolt_small,chronos,2748,2026-06-23,1.324609123927244,0.006164924998302013,,0.0801086788218288,29.166666666666668
london_temp_1h,-,chronos_bolt_small,chronos,2802,2026-06-25,2.1151193938531576,0.006164924998302013,,0.13644112907993727,29.166666666666668
london_temp_1h,-,chronos_bolt_small,chronos,2856,2026-06-28,1.411339987545544,0.006164924998302013,,0.1037827460990183,20.833333333333336
london_temp_1h,-,chronos_bolt_small,chronos,2909,2026-06-30,0.6277232566549493,0.006164924998302013,,0.049858772172666876,95.83333333333334
london_temp_1h,-,chronos_bolt_small,chronos,2963,2026-07-02,0.989783186252089,0.006164924998302013,,0.08180144045232635,58.333333333333336
london_temp_1h,-,chronos_bolt_small,chronos,3017,2026-07-04,0.8250343743578835,0.006164924998302013,,0.05430967251041165,87.5
london_temp_1h,-,chronos_bolt_small,chronos,3071,2026-07-06,0.661862715212119,0.006164924998302013,,0.04090581618484017,79.16666666666666
bangkok_pm25_1h,-,naive_last,naive,2048,2026-05-25,0.7442043511655502,1.3417040463536977e-06,54.256565967090445,,
bangkok_pm25_1h,-,naive_last,naive,2102,2026-05-27,0.7030570104147854,1.3417040463536977e-06,39.519055266013666,,
bangkok_pm25_1h,-,naive_last,naive,2156,2026-05-29,1.4622203311704427,1.3417040463536977e-06,40.49252423205606,,
bangkok_pm25_1h,-,naive_last,naive,2210,2026-06-01,1.0848454580766882,1.3417040463536977e-06,63.26989473078485,,
bangkok_pm25_1h,-,naive_last,naive,2263,2026-06-03,0.4306909783924386,1.3417040463536977e-06,56.57967763836941,,
bangkok_pm25_1h,-,naive_last,naive,2317,2026-06-05,0.31229366721909013,1.3417040463536977e-06,54.52615085075879,,
bangkok_pm25_1h,-,naive_last,naive,2371,2026-06-07,0.41103399268233815,1.3417040463536977e-06,30.553999942372034,,
bangkok_pm25_1h,-,naive_last,naive,2425,2026-06-10,0.24609411987501187,1.3417040463536977e-06,41.74225844221567,,
bangkok_pm25_1h,-,naive_last,naive,2479,2026-06-12,1.214434947768281,1.3417040463536977e-06,51.31957297785776,,
bangkok_pm25_1h,-,naive_last,naive,2533,2026-06-14,0.4568738837421915,1.3417040463536977e-06,20.30552828425349,,
bangkok_pm25_1h,-,naive_last,naive,2586,2026-06-16,1.2983282950080948,1.3417040463536977e-06,39.55569184782053,,
bangkok_pm25_1h,-,naive_last,naive,2640,2026-06-19,1.5335513677336972,1.3417040463536977e-06,48.952745479900464,,
bangkok_pm25_1h,-,naive_last,naive,2694,2026-06-21,0.5365688512848064,1.3417040463536977e-06,21.457616739604234,,
bangkok_pm25_1h,-,naive_last,naive,2748,2026-06-23,0.36278124723181854,1.3417040463536977e-06,19.663909070721278,,
bangkok_pm25_1h,-,naive_last,naive,2802,2026-06-25,1.2798983243993787,1.3417040463536977e-06,95.14585390017317,,
bangkok_pm25_1h,-,naive_last,naive,2856,2026-06-28,0.7904539541522323,1.3417040463536977e-06,106.59148699122609,,
bangkok_pm25_1h,-,naive_last,naive,2909,2026-06-30,0.211786731372366,1.3417040463536977e-06,19.191165733729395,,
bangkok_pm25_1h,-,naive_last,naive,2963,2026-07-02,0.272204577340529,1.3417040463536977e-06,24.923721859590778,,
bangkok_pm25_1h,-,naive_last,naive,3017,2026-07-04,0.541295083490095,1.3417040463536977e-06,36.59505803390659,,
bangkok_pm25_1h,-,naive_last,naive,3071,2026-07-06,0.3186917411342788,1.3417040463536977e-06,10.723967405055303,,
bangkok_pm25_1h,-,naive_mean,naive,2048,2026-05-25,1.5274294210771624,3.3707998227328063e-06,109.30600581346181,,
bangkok_pm25_1h,-,naive_mean,naive,2102,2026-05-27,1.33072773014294,3.3707998227328063e-06,89.90476598513166,,
bangkok_pm25_1h,-,naive_mean,naive,2156,2026-05-29,0.8459475497768207,3.3707998227328063e-06,32.975795911336455,,
bangkok_pm25_1h,-,naive_mean,naive,2210,2026-06-01,1.1825710627696544,3.3707998227328063e-06,73.43050226708966,,
bangkok_pm25_1h,-,naive_mean,naive,2263,2026-06-03,2.005835037469603,3.3707998227328063e-06,220.00082660157818,,
bangkok_pm25_1h,-,naive_mean,naive,2317,2026-06-05,2.4685038554425094,3.3707998227328063e-06,389.37117705072046,,
bangkok_pm25_1h,-,naive_mean,naive,2371,2026-06-07,2.035346269934956,3.3707998227328063e-06,233.38383800991562,,
bangkok_pm25_1h,-,naive_mean,naive,2425,2026-06-10,2.5162914581334226,3.3707998227328063e-06,352.5323139861531,,
bangkok_pm25_1h,-,naive_mean,naive,2479,2026-06-12,1.175555144377698,3.3707998227328063e-06,79.0680528739714,,
bangkok_pm25_1h,-,naive_mean,naive,2533,2026-06-14,1.096799367854315,3.3707998227328063e-06,55.35954447017824,,
bangkok_pm25_1h,-,naive_mean,naive,2586,2026-06-16,0.43907940760815184,3.3707998227328063e-06,11.801004519938555,,
bangkok_pm25_1h,-,naive_mean,naive,2640,2026-06-19,0.653984564725826,3.3707998227328063e-06,35.9300832161839,,
bangkok_pm25_1h,-,naive_mean,naive,2694,2026-06-21,0.5098162411530801,3.3707998227328063e-06,23.1687286702898,,
bangkok_pm25_1h,-,naive_mean,naive,2748,2026-06-23,1.1408118764218063,3.3707998227328063e-06,63.05807934413323,,
bangkok_pm25_1h,-,naive_mean,naive,2802,2026-06-25,1.3833669230998031,3.3707998227328063e-06,102.02046872872057,,
bangkok_pm25_1h,-,naive_mean,naive,2856,2026-06-28,2.252472398023682,3.3707998227328063e-06,297.8707752491696,,
bangkok_pm25_1h,-,naive_mean,naive,2909,2026-06-30,2.069738974311004,3.3707998227328063e-06,228.00283529037534,,
bangkok_pm25_1h,-,naive_mean,naive,2963,2026-07-02,2.0594937688772723,3.3707998227328063e-06,214.32543225036213,,
bangkok_pm25_1h,-,naive_mean,naive,3017,2026-07-04,1.7997908341656663,3.3707998227328063e-06,170.3016447174683,,
bangkok_pm25_1h,-,naive_mean,naive,3071,2026-07-06,0.5054303166132335,3.3707998227328063e-06,20.474644813953958,,
bangkok_pm25_1h,-,seasonal_naive,naive,2048,2026-05-25,0.7213427785347574,2.037500962615013e-06,50.154145095625694,,
bangkok_pm25_1h,-,seasonal_naive,naive,2102,2026-05-27,0.6342134729998193,2.037500962615013e-06,42.538299300633795,,
bangkok_pm25_1h,-,seasonal_naive,naive,2156,2026-05-29,1.2744768793593384,2.037500962615013e-06,35.277835854414356,,
bangkok_pm25_1h,-,seasonal_naive,naive,2210,2026-06-01,1.2252372232395536,2.037500962615013e-06,53.74606080936887,,
bangkok_pm25_1h,-,seasonal_naive,naive,2263,2026-06-03,0.7792835252002369,2.037500962615013e-06,89.47184814158975,,
bangkok_pm25_1h,-,seasonal_naive,naive,2317,2026-06-05,0.19660457850623655,2.037500962615013e-06,29.416895013593063,,
bangkok_pm25_1h,-,seasonal_naive,naive,2371,2026-06-07,0.49131943031812025,2.037500962615013e-06,41.61721271269385,,
bangkok_pm25_1h,-,seasonal_naive,naive,2425,2026-06-10,0.537196603856958,2.037500962615013e-06,77.41005400729323,,
bangkok_pm25_1h,-,seasonal_naive,naive,2479,2026-06-12,1.0258626147515035,2.037500962615013e-06,45.54584373162366,,
bangkok_pm25_1h,-,seasonal_naive,naive,2533,2026-06-14,0.6323191839253215,2.037500962615013e-06,30.78766134820218,,
bangkok_pm25_1h,-,seasonal_naive,naive,2586,2026-06-16,1.235309602255358,2.037500962615013e-06,34.47097193774941,,
bangkok_pm25_1h,-,seasonal_naive,naive,2640,2026-06-19,0.7766513596480222,2.037500962615013e-06,25.943370171292955,,
bangkok_pm25_1h,-,seasonal_naive,naive,2694,2026-06-21,1.0313731086041724,2.037500962615013e-06,36.69820829792549,,
bangkok_pm25_1h,-,seasonal_naive,naive,2748,2026-06-23,1.124761936398264,2.037500962615013e-06,64.76671462521753,,
bangkok_pm25_1h,-,seasonal_naive,naive,2802,2026-06-25,0.8579307521671066,2.037500962615013e-06,53.74950920710996,,
bangkok_pm25_1h,-,seasonal_naive,naive,2856,2026-06-28,0.49900960055293786,2.037500962615013e-06,66.03117927922325,,
bangkok_pm25_1h,-,seasonal_naive,naive,2909,2026-06-30,0.23682908136572012,2.037500962615013e-06,21.506590211471945,,
bangkok_pm25_1h,-,seasonal_naive,naive,2963,2026-07-02,0.2228448139827797,2.037500962615013e-06,22.281946523881977,,
bangkok_pm25_1h,-,seasonal_naive,naive,3017,2026-07-04,0.4590358577765392,2.037500962615013e-06,33.3757403146012,,
bangkok_pm25_1h,-,seasonal_naive,naive,3071,2026-07-06,0.8720905763274498,2.037500962615013e-06,29.8598708853056,,
bangkok_pm25_1h,-,seasonal_profile,naive,2048,2026-05-25,0.23673760079518516,1.53291504830122e-05,15.882646082364532,,
bangkok_pm25_1h,-,seasonal_profile,naive,2102,2026-05-27,0.32441755463247246,1.53291504830122e-05,23.935781645866243,,
bangkok_pm25_1h,-,seasonal_profile,naive,2156,2026-05-29,1.2648654398468246,1.53291504830122e-05,34.860705445430405,,
bangkok_pm25_1h,-,seasonal_profile,naive,2210,2026-06-01,0.9492397758171022,1.53291504830122e-05,38.64535874632751,,
bangkok_pm25_1h,-,seasonal_profile,naive,2263,2026-06-03,1.068256972881094,1.53291504830122e-05,123.94304202510192,,
bangkok_pm25_1h,-,seasonal_profile,naive,2317,2026-06-05,0.6035225581696548,1.53291504830122e-05,104.99942964512918,,
bangkok_pm25_1h,-,seasonal_profile,naive,2371,2026-06-07,0.43196310249337544,1.53291504830122e-05,30.626212163458,,
bangkok_pm25_1h,-,seasonal_profile,naive,2425,2026-06-10,0.2834800997380298,1.53291504830122e-05,43.32939292805449,,
bangkok_pm25_1h,-,seasonal_profile,naive,2479,2026-06-12,1.0196739474517251,1.53291504830122e-05,44.890552310008644,,
bangkok_pm25_1h,-,seasonal_profile,naive,2533,2026-06-14,0.597946227154749,1.53291504830122e-05,26.926239778985867,,
bangkok_pm25_1h,-,seasonal_profile,naive,2586,2026-06-16,1.2879445331340649,1.53291504830122e-05,35.87434003966695,,
bangkok_pm25_1h,-,seasonal_profile,naive,2640,2026-06-19,0.688122980323929,1.53291504830122e-05,28.65721545861249,,
bangkok_pm25_1h,-,seasonal_profile,naive,2694,2026-06-21,0.9181131927656908,1.53291504830122e-05,33.272651490272196,,
bangkok_pm25_1h,-,seasonal_profile,naive,2748,2026-06-23,0.6646320533262469,1.53291504830122e-05,37.13134804971699,,
bangkok_pm25_1h,-,seasonal_profile,naive,2802,2026-06-25,0.8330885484950574,1.53291504830122e-05,62.58843286276649,,
bangkok_pm25_1h,-,seasonal_profile,naive,2856,2026-06-28,0.6518401762208605,1.53291504830122e-05,86.37330285955956,,
bangkok_pm25_1h,-,seasonal_profile,naive,2909,2026-06-30,0.16599500567023284,1.53291504830122e-05,18.29865179487548,,
bangkok_pm25_1h,-,seasonal_profile,naive,2963,2026-07-02,0.12013295346628679,1.53291504830122e-05,11.428913788729844,,
bangkok_pm25_1h,-,seasonal_profile,naive,3017,2026-07-04,0.38705903527717783,1.53291504830122e-05,28.42497627745008,,
bangkok_pm25_1h,-,seasonal_profile,naive,3071,2026-07-06,1.5001007720920583,1.53291504830122e-05,55.20329271945242,,
bangkok_pm25_1h,-,autoets,statistical,2048,2026-05-25,1.2097067529590264,0.6297088666993659,87.57293261323943,0.5604898338935876,79.16666666666666
bangkok_pm25_1h,-,autoets,statistical,2102,2026-05-27,0.3046685528416774,0.6297088666993659,16.974764020689072,0.16020245070252145,87.5
bangkok_pm25_1h,-,autoets,statistical,2156,2026-05-29,1.2815523964259081,0.6297088666993659,39.023656077926574,0.3325186249247732,41.66666666666667
bangkok_pm25_1h,-,autoets,statistical,2210,2026-06-01,1.4739075166756404,0.6297088666993659,90.6660184266253,0.4249545428213996,100.0
bangkok_pm25_1h,-,autoets,statistical,2263,2026-06-03,0.8967269658121033,0.6297088666993659,115.88620541978287,0.5557783975469007,95.83333333333334
bangkok_pm25_1h,-,autoets,statistical,2317,2026-06-05,0.6992431776080366,0.6297088666993659,110.85690381939399,0.7079740493881482,54.166666666666664
bangkok_pm25_1h,-,autoets,statistical,2371,2026-06-07,0.39571799516991657,0.6297088666993659,39.914911111022505,0.26427621596470247,87.5
bangkok_pm25_1h,-,autoets,statistical,2425,2026-06-10,0.5682724267832202,0.6297088666993659,91.20443608760098,0.48468642821413666,100.0
bangkok_pm25_1h,-,autoets,statistical,2479,2026-06-12,0.8854203869328288,0.6297088666993659,36.88688584028972,0.3235120830856869,37.5
bangkok_pm25_1h,-,autoets,statistical,2533,2026-06-14,0.2573033164709968,0.6297088666993659,12.362763130731736,0.14874655508372261,100.0
bangkok_pm25_1h,-,autoets,statistical,2586,2026-06-16,1.7171902294009327,0.6297088666993659,52.139238096764714,0.3391838916446471,100.0
bangkok_pm25_1h,-,autoets,statistical,2640,2026-06-19,1.3757815941461313,0.6297088666993659,46.29337770278905,0.42262878130782006,41.66666666666667
bangkok_pm25_1h,-,autoets,statistical,2694,2026-06-21,0.4633387280013127,0.6297088666993659,21.616864943602575,0.1857601928713657,95.83333333333334
bangkok_pm25_1h,-,autoets,statistical,2748,2026-06-23,0.6030901917556095,0.6297088666993659,33.05167131670054,0.25286955264510136,95.83333333333334
bangkok_pm25_1h,-,autoets,statistical,2802,2026-06-25,1.7017767511348143,0.6297088666993659,125.6309666359135,0.6828405277318331,87.5
bangkok_pm25_1h,-,autoets,statistical,2856,2026-06-28,1.2131234207950494,0.6297088666993659,164.63263960831378,1.0112470713287323,70.83333333333334
bangkok_pm25_1h,-,autoets,statistical,2909,2026-06-30,0.35621968374518004,0.6297088666993659,42.82019250839701,0.2737960183844166,95.83333333333334
bangkok_pm25_1h,-,autoets,statistical,2963,2026-07-02,0.2722115456034457,0.6297088666993659,24.924436853882874,0.2309963816860359,79.16666666666666
bangkok_pm25_1h,-,autoets,statistical,3017,2026-07-04,0.5412924381214516,0.6297088666993659,36.59487059905006,0.3199727032871323,54.166666666666664
bangkok_pm25_1h,-,autoets,statistical,3071,2026-07-06,0.4513024568202754,0.6297088666993659,17.04018412828747,0.16993092234048537,100.0
bangkok_pm25_1h,-,autotheta,statistical,2048,2026-05-25,0.4483690670539644,0.10383951039984822,32.768171019176265,0.2407803135377947,100.0
bangkok_pm25_1h,-,autotheta,statistical,2102,2026-05-27,0.6529007561763058,0.10383951039984822,37.88736114826829,0.3108929904498441,91.66666666666666
bangkok_pm25_1h,-,autotheta,statistical,2156,2026-05-29,1.0249852733904472,0.10383951039984822,28.39309837652322,0.26587254942636473,58.333333333333336
bangkok_pm25_1h,-,autotheta,statistical,2210,2026-06-01,0.7422751414990141,0.10383951039984822,38.67027428795637,0.22543369674190855,91.66666666666666
bangkok_pm25_1h,-,autotheta,statistical,2263,2026-06-03,0.4246387668362957,0.10383951039984822,51.676105511362145,0.3389810419544334,100.0
bangkok_pm25_1h,-,autotheta,statistical,2317,2026-06-05,0.27346490144634306,0.10383951039984822,45.75534062577919,0.501020424402071,100.0
bangkok_pm25_1h,-,autotheta,statistical,2371,2026-06-07,0.5781859494288419,0.10383951039984822,54.39637614071774,0.39545370190706813,100.0
bangkok_pm25_1h,-,autotheta,statistical,2425,2026-06-10,0.17584942793386119,0.10383951039984822,26.750685528098316,0.4180659328060617,100.0
bangkok_pm25_1h,-,autotheta,statistical,2479,2026-06-12,1.3519763686095911,0.10383951039984822,58.79730800223372,0.4825007613542675,75.0
bangkok_pm25_1h,-,autotheta,statistical,2533,2026-06-14,0.544395302072289,0.10383951039984822,24.80093852769185,0.23621750612848197,100.0
bangkok_pm25_1h,-,autotheta,statistical,2586,2026-06-16,2.043488780480497,0.10383951039984822,61.32792641066062,0.43028744507929995,20.833333333333336
bangkok_pm25_1h,-,autotheta,statistical,2640,2026-06-19,1.5852516009820274,0.10383951039984822,51.921199472564425,0.487738654695833,25.0
bangkok_pm25_1h,-,autotheta,statistical,2694,2026-06-21,0.6669560581374198,0.10383951039984822,24.01774829837471,0.1910536747448037,91.66666666666666
bangkok_pm25_1h,-,autotheta,statistical,2748,2026-06-23,0.3697883582064178,0.10383951039984822,20.554324483562034,0.18992165378047482,91.66666666666666
bangkok_pm25_1h,-,autotheta,statistical,2802,2026-06-25,1.5426480348487914,0.10383951039984822,113.45954109732016,0.6219172938807704,45.83333333333333
bangkok_pm25_1h,-,autotheta,statistical,2856,2026-06-28,0.7299651303787882,0.10383951039984822,98.19592409896342,0.5612346483698613,95.83333333333334
bangkok_pm25_1h,-,autotheta,statistical,2909,2026-06-30,0.21328073789545107,0.10383951039984822,18.99147199478655,0.34031189748368046,100.0
bangkok_pm25_1h,-,autotheta,statistical,2963,2026-07-02,0.2713304632869799,0.10383951039984822,25.177820120615184,0.36150952501014544,100.0
bangkok_pm25_1h,-,autotheta,statistical,3017,2026-07-04,0.5405007494149102,0.10383951039984822,36.98247874257945,0.3641035394121253,100.0
bangkok_pm25_1h,-,autotheta,statistical,3071,2026-07-06,0.3230647129924984,0.10383951039984822,10.858457197369438,0.14882685018338535,100.0
bangkok_pm25_1h,-,gbdt_calendar,ml,2048,2026-05-25,0.5307957318122963,1.1457976749981753,37.9211597942057,,
bangkok_pm25_1h,-,gbdt_calendar,ml,2102,2026-05-27,0.6750408182205766,1.1457976749981753,45.07866995262377,,
bangkok_pm25_1h,-,gbdt_calendar,ml,2156,2026-05-29,1.157472660359445,1.1457976749981753,34.16527082894451,,
bangkok_pm25_1h,-,gbdt_calendar,ml,2210,2026-06-01,0.8751484922812738,1.1457976749981753,34.86614777985731,,
bangkok_pm25_1h,-,gbdt_calendar,ml,2263,2026-06-03,1.3032119798141073,1.1457976749981753,141.14573591045556,,
bangkok_pm25_1h,-,gbdt_calendar,ml,2317,2026-06-05,0.7895643482712561,1.1457976749981753,109.34489066818405,,
bangkok_pm25_1h,-,gbdt_calendar,ml,2371,2026-06-07,0.6848199392093098,1.1457976749981753,59.0017695360749,,
bangkok_pm25_1h,-,gbdt_calendar,ml,2425,2026-06-10,1.3285194737025372,1.1457976749981753,186.10954899428341,,
bangkok_pm25_1h,-,gbdt_calendar,ml,2479,2026-06-12,1.021152131240843,1.1457976749981753,43.58987972958574,,
bangkok_pm25_1h,-,gbdt_calendar,ml,2533,2026-06-14,0.6999385839798995,1.1457976749981753,33.07546976561348,,
bangkok_pm25_1h,-,gbdt_calendar,ml,2586,2026-06-16,0.7928852056576459,1.1457976749981753,21.350901868437862,,
bangkok_pm25_1h,-,gbdt_calendar,ml,2640,2026-06-19,0.46379545729218147,1.1457976749981753,18.28004462584279,,
bangkok_pm25_1h,-,gbdt_calendar,ml,2694,2026-06-21,1.142031207680215,1.1457976749981753,41.70360162299194,,
bangkok_pm25_1h,-,gbdt_calendar,ml,2748,2026-06-23,1.3527444855463648,1.1457976749981753,75.88007926217935,,
bangkok_pm25_1h,-,gbdt_calendar,ml,2802,2026-06-25,0.720391599649997,1.1457976749981753,44.97914296014447,,
bangkok_pm25_1h,-,gbdt_calendar,ml,2856,2026-06-28,0.7725280737307972,1.1457976749981753,102.7331421369188,,
bangkok_pm25_1h,-,gbdt_calendar,ml,2909,2026-06-30,0.28851623584742964,1.1457976749981753,31.437726140197945,,
bangkok_pm25_1h,-,gbdt_calendar,ml,2963,2026-07-02,0.28606758190302306,1.1457976749981753,27.72571222056115,,
bangkok_pm25_1h,-,gbdt_calendar,ml,3017,2026-07-04,0.4453017658451335,1.1457976749981753,32.623819975006725,,
bangkok_pm25_1h,-,gbdt_calendar,ml,3071,2026-07-06,0.633343302225508,1.1457976749981753,22.139947967847114,,
bangkok_pm25_1h,-,timesfm_2p5_ctx2048,timesfm,2048,2026-05-25,0.6568478265214328,0.19403327084728517,48.07614557386312,0.325559735457476,83.33333333333334
bangkok_pm25_1h,-,timesfm_2p5_ctx2048,timesfm,2102,2026-05-27,0.1703764620953124,0.19403327084728517,9.445685336688054,0.12987021287946046,100.0
bangkok_pm25_1h,-,timesfm_2p5_ctx2048,timesfm,2156,2026-05-29,1.3074650724926353,0.19403327084728517,36.03537175203095,0.3584661727324564,29.166666666666668
bangkok_pm25_1h,-,timesfm_2p5_ctx2048,timesfm,2210,2026-06-01,0.8210810012567598,0.19403327084728517,41.01038176692044,0.2509947735826369,75.0
bangkok_pm25_1h,-,timesfm_2p5_ctx2048,timesfm,2263,2026-06-03,0.7264834341582508,0.19403327084728517,95.41199578315721,0.5367564866768136,50.0
bangkok_pm25_1h,-,timesfm_2p5_ctx2048,timesfm,2317,2026-06-05,0.5385495779198486,0.19403327084728517,88.10573978244533,0.5693500289227865,58.333333333333336
bangkok_pm25_1h,-,timesfm_2p5_ctx2048,timesfm,2371,2026-06-07,0.42627279580177935,0.19403327084728517,32.73602178898591,0.28513326318904036,75.0
bangkok_pm25_1h,-,timesfm_2p5_ctx2048,timesfm,2425,2026-06-10,0.34221315553978987,0.19403327084728517,55.03322044376956,0.33067564943526684,75.0
bangkok_pm25_1h,-,timesfm_2p5_ctx2048,timesfm,2479,2026-06-12,0.954502662581407,0.19403327084728517,39.003978694141274,0.33926692323346136,62.5
bangkok_pm25_1h,-,timesfm_2p5_ctx2048,timesfm,2533,2026-06-14,0.43278695256316196,0.19403327084728517,19.41564015143421,0.15221424970746178,100.0
bangkok_pm25_1h,-,timesfm_2p5_ctx2048,timesfm,2586,2026-06-16,0.467684498162362,0.19403327084728517,13.887381150394818,0.1259539559462167,100.0
bangkok_pm25_1h,-,timesfm_2p5_ctx2048,timesfm,2640,2026-06-19,1.4350584453884305,0.19403327084728517,45.66547706741228,0.4282802495943008,37.5
bangkok_pm25_1h,-,timesfm_2p5_ctx2048,timesfm,2694,2026-06-21,0.7828435840458546,0.19403327084728517,27.977588551219018,0.19220641102904718,79.16666666666666
bangkok_pm25_1h,-,timesfm_2p5_ctx2048,timesfm,2748,2026-06-23,0.2666233069386239,0.19403327084728517,13.922414353348461,0.1303938101045043,100.0
bangkok_pm25_1h,-,timesfm_2p5_ctx2048,timesfm,2802,2026-06-25,0.7839492335635713,0.19403327084728517,59.7556626010849,0.33402790389107173,87.5
bangkok_pm25_1h,-,timesfm_2p5_ctx2048,timesfm,2856,2026-06-28,0.8532101836442587,0.19403327084728517,114.82418799106237,0.7614915198134429,25.0
bangkok_pm25_1h,-,timesfm_2p5_ctx2048,timesfm,2909,2026-06-30,0.22232784572865852,0.19403327084728517,21.690491312866257,0.17853226646325054,95.83333333333334
bangkok_pm25_1h,-,timesfm_2p5_ctx2048,timesfm,2963,2026-07-02,0.1580356147000794,0.19403327084728517,14.78790402923053,0.16273411749031225,95.83333333333334
bangkok_pm25_1h,-,timesfm_2p5_ctx2048,timesfm,3017,2026-07-04,0.43135085437342063,0.19403327084728517,29.81712124244637,0.23117604376328132,95.83333333333334
bangkok_pm25_1h,-,timesfm_2p5_ctx2048,timesfm,3071,2026-07-06,0.5717941173434241,0.19403327084728517,20.347777278089584,0.15730736356077257,87.5
bangkok_pm25_1h,-,chronos_2_ctx2048,chronos,2048,2026-05-25,0.6664880118186627,0.02064729795092717,48.65476342719673,0.34140737751474176,62.5
bangkok_pm25_1h,-,chronos_2_ctx2048,chronos,2102,2026-05-27,0.2969896691889387,0.02064729795092717,16.136865052860834,0.1398390242325862,100.0
bangkok_pm25_1h,-,chronos_2_ctx2048,chronos,2156,2026-05-29,1.3420236979832212,0.02064729795092717,36.99998954962058,0.37686744489167867,29.166666666666668
bangkok_pm25_1h,-,chronos_2_ctx2048,chronos,2210,2026-06-01,0.8832489885478692,0.02064729795092717,44.362269397856416,0.2792770499715228,70.83333333333334
bangkok_pm25_1h,-,chronos_2_ctx2048,chronos,2263,2026-06-03,0.5865756166620183,0.02064729795092717,76.54013766115129,0.44416962046022274,50.0
bangkok_pm25_1h,-,chronos_2_ctx2048,chronos,2317,2026-06-05,0.389856272760409,0.02064729795092717,64.81071276423216,0.4527576756640816,54.166666666666664
bangkok_pm25_1h,-,chronos_2_ctx2048,chronos,2371,2026-06-07,0.33815562032147406,0.02064729795092717,24.923944533749754,0.23015613735810647,91.66666666666666
bangkok_pm25_1h,-,chronos_2_ctx2048,chronos,2425,2026-06-10,0.3354735156974531,0.02064729795092717,53.39773006199342,0.33434990552811233,66.66666666666666
bangkok_pm25_1h,-,chronos_2_ctx2048,chronos,2479,2026-06-12,1.0895349664980942,0.02064729795092717,45.731349026732055,0.40409236806538573,58.333333333333336
bangkok_pm25_1h,-,chronos_2_ctx2048,chronos,2533,2026-06-14,0.5444312157740067,0.02064729795092717,24.452431421263707,0.17547705552322104,100.0
bangkok_pm25_1h,-,chronos_2_ctx2048,chronos,2586,2026-06-16,0.6790520896549687,0.02064729795092717,20.253187194397483,0.15040078094681722,100.0
bangkok_pm25_1h,-,chronos_2_ctx2048,chronos,2640,2026-06-19,1.4531815150049863,0.02064729795092717,46.14394195242262,0.45329555227116025,29.166666666666668
bangkok_pm25_1h,-,chronos_2_ctx2048,chronos,2694,2026-06-21,0.8288417490500561,0.02064729795092717,29.115694688202716,0.2060999314260198,70.83333333333334
bangkok_pm25_1h,-,chronos_2_ctx2048,chronos,2748,2026-06-23,0.28729224358133815,0.02064729795092717,15.575115004330833,0.1386274455929641,91.66666666666666
bangkok_pm25_1h,-,chronos_2_ctx2048,chronos,2802,2026-06-25,0.6112140390608926,0.02064729795092717,47.0051952301733,0.28397205090017713,83.33333333333334
bangkok_pm25_1h,-,chronos_2_ctx2048,chronos,2856,2026-06-28,0.7662410884634641,0.02064729795092717,102.76049606525868,0.7392796682203492,4.166666666666666
bangkok_pm25_1h,-,chronos_2_ctx2048,chronos,2909,2026-06-30,0.18108789461117478,0.02064729795092717,18.304631598199702,0.14869786452939932,95.83333333333334
bangkok_pm25_1h,-,chronos_2_ctx2048,chronos,2963,2026-07-02,0.14062299145396948,0.02064729795092717,15.093870919379768,0.14947823075259023,100.0
bangkok_pm25_1h,-,chronos_2_ctx2048,chronos,3017,2026-07-04,0.41916468721306627,0.02064729795092717,30.29868807624468,0.22442110161993298,83.33333333333334
bangkok_pm25_1h,-,chronos_2_ctx2048,chronos,3071,2026-07-06,0.5755254393998043,0.02064729795092717,20.384242306751236,0.15948091613667414,79.16666666666666
bangkok_pm25_1h,-,chronos_bolt_small,chronos,2048,2026-05-25,0.3112837415223977,0.0061409666494000705,22.660036728868672,0.17015986673523958,100.0
bangkok_pm25_1h,-,chronos_bolt_small,chronos,2102,2026-05-27,0.1750277611074137,0.0061409666494000705,9.652832786315022,0.13030642747859508,100.0
bangkok_pm25_1h,-,chronos_bolt_small,chronos,2156,2026-05-29,1.2278237919301638,0.0061409666494000705,34.65349590131859,0.3209465291590719,37.5
bangkok_pm25_1h,-,chronos_bolt_small,chronos,2210,2026-06-01,0.8277583254818432,0.0061409666494000705,43.080625789893645,0.24988691419728548,70.83333333333334
bangkok_pm25_1h,-,chronos_bolt_small,chronos,2263,2026-06-03,0.541384302011713,0.0061409666494000705,69.14383217851424,0.38117549159132935,66.66666666666666
bangkok_pm25_1h,-,chronos_bolt_small,chronos,2317,2026-06-05,0.5096037806408366,0.0061409666494000705,85.97782530162691,0.5618451552599141,66.66666666666666
bangkok_pm25_1h,-,chronos_bolt_small,chronos,2371,2026-06-07,0.3981935191600734,0.0061409666494000705,28.32444249981419,0.2748335975413738,83.33333333333334
bangkok_pm25_1h,-,chronos_bolt_small,chronos,2425,2026-06-10,0.3415147723398496,0.0061409666494000705,55.391504240070944,0.3431319759619655,70.83333333333334
bangkok_pm25_1h,-,chronos_bolt_small,chronos,2479,2026-06-12,0.9838023343015295,0.0061409666494000705,41.6777073956484,0.3620535562678528,54.166666666666664
bangkok_pm25_1h,-,chronos_bolt_small,chronos,2533,2026-06-14,0.5465583137883353,0.0061409666494000705,24.477033249015882,0.17901263911479073,100.0
bangkok_pm25_1h,-,chronos_bolt_small,chronos,2586,2026-06-16,0.5954661827842801,0.0061409666494000705,17.84499285627179,0.13081356512715472,100.0
bangkok_pm25_1h,-,chronos_bolt_small,chronos,2640,2026-06-19,1.2353388856319416,0.0061409666494000705,44.68925870033069,0.3637613321725494,41.66666666666667
bangkok_pm25_1h,-,chronos_bolt_small,chronos,2694,2026-06-21,0.8630337193014587,0.0061409666494000705,29.308878857759375,0.21173336643550303,62.5
bangkok_pm25_1h,-,chronos_bolt_small,chronos,2748,2026-06-23,0.31824206981723135,0.0061409666494000705,16.27570315126374,0.13256835990863072,100.0
bangkok_pm25_1h,-,chronos_bolt_small,chronos,2802,2026-06-25,0.596325071778949,0.0061409666494000705,44.93320790827622,0.2664515199512278,83.33333333333334
bangkok_pm25_1h,-,chronos_bolt_small,chronos,2856,2026-06-28,0.6699139068676355,0.0061409666494000705,89.18450352133614,0.6155951292570884,25.0
bangkok_pm25_1h,-,chronos_bolt_small,chronos,2909,2026-06-30,0.19489614798628024,0.0061409666494000705,18.64185012973527,0.14714060428637815,95.83333333333334
bangkok_pm25_1h,-,chronos_bolt_small,chronos,2963,2026-07-02,0.14188511298426731,0.0061409666494000705,12.99288767980701,0.11763723471025446,95.83333333333334
bangkok_pm25_1h,-,chronos_bolt_small,chronos,3017,2026-07-04,0.4815655010172182,0.0061409666494000705,34.50467615006009,0.2845081615577598,50.0
bangkok_pm25_1h,-,chronos_bolt_small,chronos,3071,2026-07-06,0.9448833296659688,0.0061409666494000705,34.62464416245156,0.25772077190192666,70.83333333333334
btc_usd_1h,-,naive_last,naive,2048,2026-05-25,0.26562408887510636,1.531251473352313e-06,0.3953034675554315,,
btc_usd_1h,-,naive_last,naive,2129,2026-05-28,0.1942961734209812,1.531251473352313e-06,0.2910426881194063,,
btc_usd_1h,-,naive_last,naive,2210,2026-06-01,1.191355340660805,1.531251473352313e-06,1.7452490210792027,,
btc_usd_1h,-,naive_last,naive,2292,2026-06-04,0.7456911418526273,1.531251473352313e-06,1.2989543120316167,,
btc_usd_1h,-,naive_last,naive,2373,2026-06-07,1.2556863549580557,1.531251473352313e-06,2.2329963521044576,,
btc_usd_1h,-,naive_last,naive,2454,2026-06-11,0.567957355499088,1.531251473352313e-06,1.0006052257962648,,
btc_usd_1h,-,naive_last,naive,2535,2026-06-14,1.2884183185599645,1.531251473352313e-06,2.1535918733268624,,
btc_usd_1h,-,naive_last,naive,2616,2026-06-18,0.7752628974579494,1.531251473352313e-06,1.3311792878169428,,
btc_usd_1h,-,naive_last,naive,2698,2026-06-21,0.15774158418085654,1.531251473352313e-06,0.2612675519314813,,
btc_usd_1h,-,naive_last,naive,2779,2026-06-24,1.1884404557351622,1.531251473352313e-06,2.0718375736219397,,
btc_usd_1h,-,naive_last,naive,2860,2026-06-28,0.3461289650878136,1.531251473352313e-06,0.6233978711672912,,
btc_usd_1h,-,naive_last,naive,2941,2026-07-01,1.7836179153104637,1.531251473352313e-06,3.097366012810678,,
btc_usd_1h,-,naive_last,naive,3023,2026-07-04,0.36697924067223914,1.531251473352313e-06,0.6132856372925103,,
btc_usd_1h,-,naive_last,naive,3104,2026-07-08,0.7170525905421448,1.531251473352313e-06,1.156686682981499,,
btc_usd_1h,-,naive_last,naive,3185,2026-07-11,0.1688969708166217,1.531251473352313e-06,0.2635247668797571,,
btc_usd_1h,-,naive_last,naive,3266,2026-07-15,0.23833310072315583,1.531251473352313e-06,0.36344199284834516,,
btc_usd_1h,-,naive_last,naive,3347,2026-07-18,0.5473350845699528,1.531251473352313e-06,0.8331381410263655,,
btc_usd_1h,-,naive_last,naive,3429,2026-07-21,0.346152494701439,1.531251473352313e-06,0.5170965072016348,,
btc_usd_1h,-,naive_last,naive,3510,2026-07-25,0.26912352938998424,1.531251473352313e-06,0.40787551440168945,,
btc_usd_1h,-,naive_last,naive,3591,2026-07-28,0.7063382438087624,1.531251473352313e-06,1.0735926948788277,,
btc_usd_1h,-,naive_mean,naive,2048,2026-05-25,3.1182053958581406,4.006247036159039e-06,4.624272900160137,,
btc_usd_1h,-,naive_mean,naive,2129,2026-05-28,0.20383852486665557,4.006247036159039e-06,0.30622886934298,,
btc_usd_1h,-,naive_mean,naive,2210,2026-06-01,1.5211348435445842,4.006247036159039e-06,2.2276578336300843,,
btc_usd_1h,-,naive_mean,naive,2292,2026-06-04,9.298451807820445,4.006247036159039e-06,16.290426132234373,,
btc_usd_1h,-,naive_mean,naive,2373,2026-06-07,8.740332785164526,4.006247036159039e-06,15.582126086021306,,
btc_usd_1h,-,naive_mean,naive,2454,2026-06-11,8.543854333523145,4.006247036159039e-06,15.102268101026326,,
btc_usd_1h,-,naive_mean,naive,2535,2026-06-14,6.49830434024248,4.006247036159039e-06,10.969035632642795,,
btc_usd_1h,-,naive_mean,naive,2616,2026-06-18,7.94378311691822,4.006247036159039e-06,13.52317040477741,,
btc_usd_1h,-,naive_mean,naive,2698,2026-06-21,7.493631867657435,4.006247036159039e-06,12.37104412769005,,
btc_usd_1h,-,naive_mean,naive,2779,2026-06-24,10.377591523764142,4.006247036159039e-06,18.245691343212588,,
btc_usd_1h,-,naive_mean,naive,2860,2026-06-28,10.785166138281221,4.006247036159039e-06,19.345125876431666,,
btc_usd_1h,-,naive_mean,naive,2941,2026-07-01,10.176360677918746,4.006247036159039e-06,17.7267817595165,,
btc_usd_1h,-,naive_mean,naive,3023,2026-07-04,7.63682698679408,4.006247036159039e-06,12.757288342675773,,
btc_usd_1h,-,naive_mean,naive,3104,2026-07-08,8.465584667927615,4.006247036159039e-06,13.632744791679782,,
btc_usd_1h,-,naive_mean,naive,3185,2026-07-11,6.401482415211856,4.006247036159039e-06,9.975316846560519,,
btc_usd_1h,-,naive_mean,naive,3266,2026-07-15,5.4688765598788045,4.006247036159039e-06,8.365431997709928,,
btc_usd_1h,-,naive_mean,naive,3347,2026-07-18,5.688396709192605,4.006247036159039e-06,8.675986503683887,,
btc_usd_1h,-,naive_mean,naive,3429,2026-07-21,3.9925771249107793,4.006247036159039e-06,5.953641757637124,,
btc_usd_1h,-,naive_mean,naive,3510,2026-07-25,5.793829521578355,4.006247036159039e-06,8.798276543529964,,
btc_usd_1h,-,naive_mean,naive,3591,2026-07-28,5.834518305657073,4.006247036159039e-06,8.889920198906072,,
btc_usd_1h,-,seasonal_naive,naive,2048,2026-05-25,0.5246544295763267,2.4708046112209558e-06,0.7774266733290314,,
btc_usd_1h,-,seasonal_naive,naive,2129,2026-05-28,0.586095431008474,2.4708046112209558e-06,0.8782869141100782,,
btc_usd_1h,-,seasonal_naive,naive,2210,2026-06-01,1.6015037095882632,2.4708046112209558e-06,2.3417481809230023,,
btc_usd_1h,-,seasonal_naive,naive,2292,2026-06-04,1.3590710561417516,2.4708046112209558e-06,2.373535030068488,,
btc_usd_1h,-,seasonal_naive,naive,2373,2026-06-07,1.3156026668058478,2.4708046112209558e-06,2.3417687235886793,,
btc_usd_1h,-,seasonal_naive,naive,2454,2026-06-11,1.224187785352973,2.4708046112209558e-06,2.1608447275213067,,
btc_usd_1h,-,seasonal_naive,naive,2535,2026-06-14,1.02319488468823,2.4708046112209558e-06,1.7114193662251513,,
btc_usd_1h,-,seasonal_naive,naive,2616,2026-06-18,1.449489957779719,2.4708046112209558e-06,2.4757122731492562,,
btc_usd_1h,-,seasonal_naive,naive,2698,2026-06-21,0.29682000167611666,2.4708046112209558e-06,0.4904974199258055,,
btc_usd_1h,-,seasonal_naive,naive,2779,2026-06-24,1.3151626500152613,2.4708046112209558e-06,2.311333733800602,,
btc_usd_1h,-,seasonal_naive,naive,2860,2026-06-28,0.4761349110759635,2.4708046112209558e-06,0.8564889201733624,,
btc_usd_1h,-,seasonal_naive,naive,2941,2026-07-01,1.581782999990497,2.4708046112209558e-06,2.746999395476591,,
btc_usd_1h,-,seasonal_naive,naive,3023,2026-07-04,0.2866519598119572,2.4708046112209558e-06,0.4784470402264791,,
btc_usd_1h,-,seasonal_naive,naive,3104,2026-07-08,1.1875494393340018,2.4708046112209558e-06,1.9152504360927316,,
btc_usd_1h,-,seasonal_naive,naive,3185,2026-07-11,0.24643200025366027,2.4708046112209558e-06,0.38392940116690527,,
btc_usd_1h,-,seasonal_naive,naive,3266,2026-07-15,1.1474323959365573,2.4708046112209558e-06,1.7562827322792258,,
btc_usd_1h,-,seasonal_naive,naive,3347,2026-07-18,0.7262688602908801,2.4708046112209558e-06,1.1076764190304171,,
btc_usd_1h,-,seasonal_naive,naive,3429,2026-07-21,0.6442535189047104,2.4708046112209558e-06,0.9592986067043585,,
btc_usd_1h,-,seasonal_naive,naive,3510,2026-07-25,0.5257631878981323,2.4708046112209558e-06,0.7997775860679334,,
btc_usd_1h,-,seasonal_naive,naive,3591,2026-07-28,0.8388633964815729,2.4708046112209558e-06,1.2764487332425545,,
btc_usd_1h,-,seasonal_profile,naive,2048,2026-05-25,0.43161396287122694,1.68478989508003e-05,0.6391169184962132,,
btc_usd_1h,-,seasonal_profile,naive,2129,2026-05-28,2.4676023955915833,1.68478989508003e-05,3.700627168329338,,
btc_usd_1h,-,seasonal_profile,naive,2210,2026-06-01,1.4569859477716542,1.68478989508003e-05,2.133964654503509,,
btc_usd_1h,-,seasonal_profile,naive,2292,2026-06-04,5.260803268330047,1.68478989508003e-05,9.213921667246298,,
btc_usd_1h,-,seasonal_profile,naive,2373,2026-06-07,1.1643621827999187,1.68478989508003e-05,2.069250768559835,,
btc_usd_1h,-,seasonal_profile,naive,2454,2026-06-11,0.7801308589663213,1.68478989508003e-05,1.3751380410929388,,
btc_usd_1h,-,seasonal_profile,naive,2535,2026-06-14,1.5966615961664452,1.68478989508003e-05,2.672996405655777,,
btc_usd_1h,-,seasonal_profile,naive,2616,2026-06-18,1.7631377614502857,1.68478989508003e-05,3.012013910006293,,
btc_usd_1h,-,seasonal_profile,naive,2698,2026-06-21,0.362621339380798,1.68478989508003e-05,0.5981426162572684,,
btc_usd_1h,-,seasonal_profile,naive,2779,2026-06-24,2.751585674533771,1.68478989508003e-05,4.85286421211726,,
btc_usd_1h,-,seasonal_profile,naive,2860,2026-06-28,0.5041070963190402,1.68478989508003e-05,0.9038535894094452,,
btc_usd_1h,-,seasonal_profile,naive,2941,2026-07-01,0.6631012383810126,1.68478989508003e-05,1.1462443054095213,,
btc_usd_1h,-,seasonal_profile,naive,3023,2026-07-04,1.2884306273970783,1.68478989508003e-05,2.1506355985518146,,
btc_usd_1h,-,seasonal_profile,naive,3104,2026-07-08,0.9420382630705244,1.68478989508003e-05,1.5191750631833951,,
btc_usd_1h,-,seasonal_profile,naive,3185,2026-07-11,0.6349619664856112,1.68478989508003e-05,0.9886162698438364,,
btc_usd_1h,-,seasonal_profile,naive,3266,2026-07-15,1.0578692976056316,1.68478989508003e-05,1.6177224401602357,,
btc_usd_1h,-,seasonal_profile,naive,3347,2026-07-18,0.3738779145906333,1.68478989508003e-05,0.5697150623443813,,
btc_usd_1h,-,seasonal_profile,naive,3429,2026-07-21,1.4404715733443685,1.68478989508003e-05,2.1463842982436763,,
btc_usd_1h,-,seasonal_profile,naive,3510,2026-07-25,1.322138123667632,1.68478989508003e-05,2.0088911375221676,,
btc_usd_1h,-,seasonal_profile,naive,3591,2026-07-28,0.41935915490512116,1.68478989508003e-05,0.6397440716950085,,
btc_usd_1h,-,autoets,statistical,2048,2026-05-25,0.26562449793359016,0.48277779375202956,0.39530408270060474,0.0038089842677095113,100.0
btc_usd_1h,-,autoets,statistical,2129,2026-05-28,0.19674696653741322,0.48277779375202956,0.29470148878128805,0.0035704944755360836,100.0
btc_usd_1h,-,autoets,statistical,2210,2026-06-01,1.1936120636607284,0.48277779375202956,1.7485629774419278,0.01305381193031933,41.66666666666667
btc_usd_1h,-,autoets,statistical,2292,2026-06-04,0.7456977750652446,0.48277779375202956,1.2989657930811547,0.010711639627372519,62.5
btc_usd_1h,-,autoets,statistical,2373,2026-06-07,1.264821446463864,0.48277779375202956,2.2492407823269733,0.016552439436622695,45.83333333333333
btc_usd_1h,-,autoets,statistical,2454,2026-06-11,0.5660967912931738,0.48277779375202956,0.997320289500572,0.007007323844273302,100.0
btc_usd_1h,-,autoets,statistical,2535,2026-06-14,1.2829864676504028,0.48277779375202956,2.1445476970961543,0.016567409481927062,29.166666666666668
btc_usd_1h,-,autoets,statistical,2616,2026-06-18,0.7736676016600634,0.48277779375202956,1.3284535121126608,0.009819013995563815,83.33333333333334
btc_usd_1h,-,autoets,statistical,2698,2026-06-21,0.15571039636450087,0.48277779375202956,0.25789643512013893,0.0042223699209421855,100.0
btc_usd_1h,-,autoets,statistical,2779,2026-06-24,1.1884511805182012,0.48277779375202956,2.0718560705731384,0.017111800111670957,29.166666666666668
btc_usd_1h,-,autoets,statistical,2860,2026-06-28,0.34502197054973033,0.48277779375202956,0.6214024528361731,0.005531451250155231,100.0
btc_usd_1h,-,autoets,statistical,2941,2026-07-01,1.9203793847200694,0.48277779375202956,3.334525054618551,0.026948120803142152,0.0
btc_usd_1h,-,autoets,statistical,3023,2026-07-04,0.2798694667271212,0.48277779375202956,0.4673129728319884,0.004761010007217351,100.0
btc_usd_1h,-,autoets,statistical,3104,2026-07-08,0.6003412652138908,0.48277779375202956,0.9681161234868743,0.007498218700565566,87.5
btc_usd_1h,-,autoets,statistical,3185,2026-07-11,0.16889682918600837,0.48277779375202956,0.263524544790367,0.004394484036230114,100.0
btc_usd_1h,-,autoets,statistical,3266,2026-07-15,0.3421004238638729,0.48277779375202956,0.5219739945478501,0.004884774103976943,100.0
btc_usd_1h,-,autoets,statistical,3347,2026-07-18,0.669179259369788,0.48277779375202956,1.0186557148564854,0.006893839744373185,100.0
btc_usd_1h,-,autoets,statistical,3429,2026-07-21,0.26362569837293487,0.48277779375202956,0.39377384459222814,0.004261843816641455,100.0
btc_usd_1h,-,autoets,statistical,3510,2026-07-25,0.2635227814296718,0.48277779375202956,0.39939107676969815,0.004303282731762992,100.0
btc_usd_1h,-,autoets,statistical,3591,2026-07-28,0.7063698289111072,0.48277779375202956,1.0736408076255428,0.007383958588777173,91.66666666666666
btc_usd_1h,-,autotheta,statistical,2048,2026-05-25,0.32207709911237226,0.3118795395479538,0.47937599391160374,0.0039126322838927445,100.0
btc_usd_1h,-,autotheta,statistical,2129,2026-05-28,0.16922908914362358,0.3118795395479538,0.2536450489139989,0.0035596327544136926,100.0
btc_usd_1h,-,autotheta,statistical,2210,2026-06-01,1.223079594680567,0.3118795395479538,1.7919121098978914,0.012887411010028594,37.5
btc_usd_1h,-,autotheta,statistical,2292,2026-06-04,0.7446614184588984,0.3118795395479538,1.2970925873369406,0.011066990799614262,62.5
btc_usd_1h,-,autotheta,statistical,2373,2026-06-07,1.3237702435852212,0.3118795395479538,2.3540633888312885,0.018655158204534894,25.0
btc_usd_1h,-,autotheta,statistical,2454,2026-06-11,0.6243982274855828,0.3118795395479538,1.1000848872132876,0.008373256015188657,100.0
btc_usd_1h,-,autotheta,statistical,2535,2026-06-14,1.2898456719551055,0.3118795395479538,2.155769338405469,0.017601568807458255,25.0
btc_usd_1h,-,autotheta,statistical,2616,2026-06-18,0.7266013813564529,0.3118795395479538,1.2474298788288998,0.00856162917503894,83.33333333333334
btc_usd_1h,-,autotheta,statistical,2698,2026-06-21,0.163998428457777,0.3118795395479538,0.27108298063238556,0.0042234110901548235,100.0
btc_usd_1h,-,autotheta,statistical,2779,2026-06-24,1.175988805505324,0.3118795395479538,2.049499651695947,0.017727504046087025,29.166666666666668
btc_usd_1h,-,autotheta,statistical,2860,2026-06-28,0.24175503639291296,0.3118795395479538,0.4354933429257136,0.0047816353333803895,100.0
btc_usd_1h,-,autotheta,statistical,2941,2026-07-01,1.9852185741559054,0.3118795395479538,3.4479327749655764,0.029205178755105768,0.0
btc_usd_1h,-,autotheta,statistical,3023,2026-07-04,0.29530273931528045,0.3118795395479538,0.4931747621581728,0.00473945227620462,100.0
btc_usd_1h,-,autotheta,statistical,3104,2026-07-08,0.5836311765043424,0.3118795395479538,0.9411981750037127,0.00683425912007719,91.66666666666666
btc_usd_1h,-,autotheta,statistical,3185,2026-07-11,0.16482893960100578,0.3118795395479538,0.2569094401302499,0.00421908461772042,100.0
btc_usd_1h,-,autotheta,statistical,3266,2026-07-15,0.34747007669433666,0.3118795395479538,0.5300659931655434,0.005338542340994886,100.0
btc_usd_1h,-,autotheta,statistical,3347,2026-07-18,0.670836428252531,0.3118795395479538,1.021261363192047,0.007558460532433429,100.0
btc_usd_1h,-,autotheta,statistical,3429,2026-07-21,0.2709518606701152,0.3118795395479538,0.40473946764321067,0.004171606350722643,100.0
btc_usd_1h,-,autotheta,statistical,3510,2026-07-25,0.3103919844876685,0.3118795395479538,0.4704667509281827,0.00481987985274424,100.0
btc_usd_1h,-,autotheta,statistical,3591,2026-07-28,0.6599089970552033,0.3118795395479538,1.0028145062983786,0.007660162420376508,91.66666666666666
btc_usd_1h,-,gbdt_calendar,ml,2048,2026-05-25,0.47474310709205464,1.2073706624971237,0.7027518451365846,,
btc_usd_1h,-,gbdt_calendar,ml,2129,2026-05-28,1.298797338322449,1.2073706624971237,1.9471778629996457,,
btc_usd_1h,-,gbdt_calendar,ml,2210,2026-06-01,1.5023993654843681,1.2073706624971237,2.1980662490386123,,
btc_usd_1h,-,gbdt_calendar,ml,2292,2026-06-04,3.2975003147874458,1.2073706624971237,5.783006031767455,,
btc_usd_1h,-,gbdt_calendar,ml,2373,2026-06-07,1.9000520197191944,1.2073706624971237,3.378876026746179,,
btc_usd_1h,-,gbdt_calendar,ml,2454,2026-06-11,1.133263550311029,1.2073706624971237,1.9978959385727568,,
btc_usd_1h,-,gbdt_calendar,ml,2535,2026-06-14,1.6660661805280206,1.2073706624971237,2.791986423182177,,
btc_usd_1h,-,gbdt_calendar,ml,2616,2026-06-18,0.4921973762332089,1.2073706624971237,0.8439825841709023,,
btc_usd_1h,-,gbdt_calendar,ml,2698,2026-06-21,0.8402808633315342,1.2073706624971237,1.3876794713717238,,
btc_usd_1h,-,gbdt_calendar,ml,2779,2026-06-24,1.8231713278645887,1.2073706624971237,3.2244812020500815,,
btc_usd_1h,-,gbdt_calendar,ml,2860,2026-06-28,1.4007570240191345,1.2073706624971237,2.511620277931939,,
btc_usd_1h,-,gbdt_calendar,ml,2941,2026-07-01,0.935862514237399,1.2073706624971237,1.6226897460254488,,
btc_usd_1h,-,gbdt_calendar,ml,3023,2026-07-04,1.1601043687254537,1.2073706624971237,1.9392859637507291,,
btc_usd_1h,-,gbdt_calendar,ml,3104,2026-07-08,0.6050581225648037,1.2073706624971237,0.9730296969140748,,
btc_usd_1h,-,gbdt_calendar,ml,3185,2026-07-11,0.3820086690900479,1.2073706624971237,0.5951215048812799,,
btc_usd_1h,-,gbdt_calendar,ml,3266,2026-07-15,2.590419464358154,1.2073706624971237,3.96037063106838,,
btc_usd_1h,-,gbdt_calendar,ml,3347,2026-07-18,0.7102859090398957,1.2073706624971237,1.0832830060164529,,
btc_usd_1h,-,gbdt_calendar,ml,3429,2026-07-21,0.5964645981535823,1.2073706624971237,0.889273885838005,,
btc_usd_1h,-,gbdt_calendar,ml,3510,2026-07-25,0.8149111803440855,1.2073706624971237,1.2358005901940508,,
btc_usd_1h,-,gbdt_calendar,ml,3591,2026-07-28,1.7945349963107673,1.2073706624971237,2.7285355900855106,,
btc_usd_1h,-,timesfm_2p5_ctx2048,timesfm,2048,2026-05-25,0.3229924229589968,0.19481267919763923,0.48093579188884406,0.003902400942126253,100.0
btc_usd_1h,-,timesfm_2p5_ctx2048,timesfm,2129,2026-05-28,0.23464586077285388,0.19481267919763923,0.35132723684326783,0.003833541688813314,100.0
btc_usd_1h,-,timesfm_2p5_ctx2048,timesfm,2210,2026-06-01,1.2014982946528001,0.19481267919763923,1.7600834824959066,0.014063869990259964,29.166666666666668
btc_usd_1h,-,timesfm_2p5_ctx2048,timesfm,2292,2026-06-04,1.0021529355735024,0.19481267919763923,1.7474138780409705,0.013404699795275038,83.33333333333334
btc_usd_1h,-,timesfm_2p5_ctx2048,timesfm,2373,2026-06-07,1.2992145927403413,0.19481267919763923,2.3103440046053514,0.016098837579596625,62.5
btc_usd_1h,-,timesfm_2p5_ctx2048,timesfm,2454,2026-06-11,0.5719106753660388,0.19481267919763923,1.0081567232284003,0.007085654111108059,100.0
btc_usd_1h,-,timesfm_2p5_ctx2048,timesfm,2535,2026-06-14,1.257499319779293,0.19481267919763923,2.1020087669510468,0.017374736940216438,25.0
btc_usd_1h,-,timesfm_2p5_ctx2048,timesfm,2616,2026-06-18,0.760444506869322,0.19481267919763923,1.305715380188864,0.009876964505099211,83.33333333333334
btc_usd_1h,-,timesfm_2p5_ctx2048,timesfm,2698,2026-06-21,0.17715910480281413,0.19481267919763923,0.2933552761598862,0.003460245902720396,95.83333333333334
btc_usd_1h,-,timesfm_2p5_ctx2048,timesfm,2779,2026-06-24,1.2596558265231734,0.19481267919763923,2.1949955389763476,0.017267361208789734,58.333333333333336
btc_usd_1h,-,timesfm_2p5_ctx2048,timesfm,2860,2026-06-28,0.3005780733534202,0.19481267919763923,0.5412453242537241,0.0044774217368819405,100.0
btc_usd_1h,-,timesfm_2p5_ctx2048,timesfm,2941,2026-07-01,1.8164752303923843,0.19481267919763923,3.1547623575957253,0.026643277885632657,0.0
btc_usd_1h,-,timesfm_2p5_ctx2048,timesfm,3023,2026-07-04,0.5125459480415422,0.19481267919763923,0.8569716139657445,0.005861102253620114,95.83333333333334
btc_usd_1h,-,timesfm_2p5_ctx2048,timesfm,3104,2026-07-08,0.6406700398237979,0.19481267919763923,1.0334434528577974,0.007608276253641687,70.83333333333334
btc_usd_1h,-,timesfm_2p5_ctx2048,timesfm,3185,2026-07-11,0.18323456776510041,0.19481267919763923,0.2858690406389537,0.003037104216513841,100.0
btc_usd_1h,-,timesfm_2p5_ctx2048,timesfm,3266,2026-07-15,0.18563456931159858,0.19481267919763923,0.28314643516281734,0.0036845030260825346,100.0
btc_usd_1h,-,timesfm_2p5_ctx2048,timesfm,3347,2026-07-18,0.48515634827047016,0.19481267919763923,0.7383579592467044,0.005234343249570969,100.0
btc_usd_1h,-,timesfm_2p5_ctx2048,timesfm,3429,2026-07-21,0.5010455228330633,0.19481267919763923,0.7484557174870409,0.005116705735109041,100.0
btc_usd_1h,-,timesfm_2p5_ctx2048,timesfm,3510,2026-07-25,0.30003045521974697,0.19481267919763923,0.45478090996094517,0.003639162123608211,100.0
btc_usd_1h,-,timesfm_2p5_ctx2048,timesfm,3591,2026-07-28,0.6791047888384597,0.19481267919763923,1.032146983915914,0.0071998328221576586,91.66666666666666
btc_usd_1h,-,chronos_2_ctx2048,chronos,2048,2026-05-25,0.2979844498402723,0.021200737496837974,0.44367508047338927,0.003664415716210739,100.0
btc_usd_1h,-,chronos_2_ctx2048,chronos,2129,2026-05-28,0.2416894914058643,0.021200737496837974,0.36181040022721467,0.0036228768015253415,100.0
btc_usd_1h,-,chronos_2_ctx2048,chronos,2210,2026-06-01,1.1475058332834713,0.021200737496837974,1.680508287921577,0.01255970035038314,37.5
btc_usd_1h,-,chronos_2_ctx2048,chronos,2292,2026-06-04,0.9077074648154022,0.021200737496837974,1.5811378536010465,0.012610763084864666,75.0
btc_usd_1h,-,chronos_2_ctx2048,chronos,2373,2026-06-07,1.5857890301142137,0.021200737496837974,2.81985681158685,0.021673399447446944,12.5
btc_usd_1h,-,chronos_2_ctx2048,chronos,2454,2026-06-11,0.5265462352321313,0.021200737496837974,0.92748813844979,0.006496606675931713,100.0
btc_usd_1h,-,chronos_2_ctx2048,chronos,2535,2026-06-14,1.2777466696378066,0.021200737496837974,2.1362152937212553,0.017343274275557256,25.0
btc_usd_1h,-,chronos_2_ctx2048,chronos,2616,2026-06-18,1.0246410415883676,0.021200737496837974,1.7567654098694203,0.013327449330258792,58.333333333333336
btc_usd_1h,-,chronos_2_ctx2048,chronos,2698,2026-06-21,0.31137579046373354,0.021200737496837974,0.515267107572208,0.004063554027437492,95.83333333333334
btc_usd_1h,-,chronos_2_ctx2048,chronos,2779,2026-06-24,1.1705176745137165,0.021200737496837974,2.044066222009789,0.015829476130481135,54.166666666666664
btc_usd_1h,-,chronos_2_ctx2048,chronos,2860,2026-06-28,0.26088433696313984,0.021200737496837974,0.46937484556629155,0.004056202126903489,100.0
btc_usd_1h,-,chronos_2_ctx2048,chronos,2941,2026-07-01,1.8155142795183394,0.021200737496837974,3.1529844576086785,0.02652462175579249,0.0
btc_usd_1h,-,chronos_2_ctx2048,chronos,3023,2026-07-04,0.6381801260624557,0.021200737496837974,1.066945143533074,0.007571181858016037,58.333333333333336
btc_usd_1h,-,chronos_2_ctx2048,chronos,3104,2026-07-08,0.7271549121327361,0.021200737496837974,1.1729319585795301,0.00858980375283425,70.83333333333334
btc_usd_1h,-,chronos_2_ctx2048,chronos,3185,2026-07-11,0.27797135696198516,0.021200737496837974,0.4339288551648857,0.00338766756142567,91.66666666666666
btc_usd_1h,-,chronos_2_ctx2048,chronos,3266,2026-07-15,0.18463226467446972,0.021200737496837974,0.2818136156853857,0.003403681663034292,100.0
btc_usd_1h,-,chronos_2_ctx2048,chronos,3347,2026-07-18,0.41193331287126517,0.021200737496837974,0.6268661428806828,0.004392068439085269,100.0
btc_usd_1h,-,chronos_2_ctx2048,chronos,3429,2026-07-21,0.4813852993455606,0.021200737496837974,0.7190776933726838,0.004893922028483413,100.0
btc_usd_1h,-,chronos_2_ctx2048,chronos,3510,2026-07-25,0.18857383084315907,0.021200737496837974,0.28585962034265694,0.0023592754245042417,100.0
btc_usd_1h,-,chronos_2_ctx2048,chronos,3591,2026-07-28,0.7346719504826338,0.021200737496837974,1.116732064707544,0.007697931085387434,87.5
btc_usd_1h,-,chronos_bolt_small,chronos,2048,2026-05-25,0.30281603490542647,0.006245929200667888,0.45084001521919664,0.003658392828914865,100.0
btc_usd_1h,-,chronos_bolt_small,chronos,2129,2026-05-28,0.31156501103827555,0.006245929200667888,0.46657451641390396,0.004288514852901281,100.0
btc_usd_1h,-,chronos_bolt_small,chronos,2210,2026-06-01,1.2734021688815278,0.006245929200667888,1.8652151320855155,0.01481409540585923,37.5
btc_usd_1h,-,chronos_bolt_small,chronos,2292,2026-06-04,0.9803458160656062,0.006245929200667888,1.70727557463206,0.013689607272717778,75.0
btc_usd_1h,-,chronos_bolt_small,chronos,2373,2026-06-07,1.3406075044435908,0.006245929200667888,2.384061132239146,0.0174173589043046,50.0
btc_usd_1h,-,chronos_bolt_small,chronos,2454,2026-06-11,0.6335432612195889,0.006245929200667888,1.1166145751630159,0.007774527685534678,100.0
btc_usd_1h,-,chronos_bolt_small,chronos,2535,2026-06-14,1.2581479742801625,0.006245929200667888,2.1034919712915685,0.01781168565733649,25.0
btc_usd_1h,-,chronos_bolt_small,chronos,2616,2026-06-18,0.8290628629376624,0.006245929200667888,1.4222768460807331,0.010419274418306083,75.0
btc_usd_1h,-,chronos_bolt_small,chronos,2698,2026-06-21,0.17230463388585632,0.006245929200667888,0.28475592770350616,0.003452744770561727,100.0
btc_usd_1h,-,chronos_bolt_small,chronos,2779,2026-06-24,1.3935592797370904,0.006245929200667888,2.4296874587818955,0.01970393967032045,29.166666666666668
btc_usd_1h,-,chronos_bolt_small,chronos,2860,2026-06-28,0.24005679893073711,0.006245929200667888,0.43213608927577485,0.004312902734028717,100.0
btc_usd_1h,-,chronos_bolt_small,chronos,2941,2026-07-01,2.140676070208918,0.006245929200667888,3.718382926776334,0.03207670722784409,0.0
btc_usd_1h,-,chronos_bolt_small,chronos,3023,2026-07-04,0.3784119589348805,0.006245929200667888,0.632492837669163,0.00453802998335565,100.0
btc_usd_1h,-,chronos_bolt_small,chronos,3104,2026-07-08,1.0075197741462654,0.006245929200667888,1.6245835221566796,0.011748468153843629,50.0
btc_usd_1h,-,chronos_bolt_small,chronos,3185,2026-07-11,0.20350823567183118,0.006245929200667888,0.3177067061096434,0.003218675783801416,100.0
btc_usd_1h,-,chronos_bolt_small,chronos,3266,2026-07-15,0.1957557700688008,0.006245929200667888,0.29865825122203393,0.0033551653243611016,100.0
btc_usd_1h,-,chronos_bolt_small,chronos,3347,2026-07-18,0.4423402546879976,0.006245929200667888,0.6732094857390795,0.004836955301284502,100.0
btc_usd_1h,-,chronos_bolt_small,chronos,3429,2026-07-21,0.40992507458100524,0.006245929200667888,0.6123843629730236,0.004357209955674649,100.0
btc_usd_1h,-,chronos_bolt_small,chronos,3510,2026-07-25,0.23689371748454527,0.006245929200667888,0.35906568841070285,0.003312524333876959,100.0
btc_usd_1h,-,chronos_bolt_small,chronos,3591,2026-07-28,0.5469939066189171,0.006245929200667888,0.8307866414846886,0.005975226087625284,95.83333333333334
btc_returns_1h,-,naive_last,naive,2048,2026-05-25,0.4596351852169909,1.3333512470126152e-06,,,
btc_returns_1h,-,naive_last,naive,2129,2026-05-28,0.6272818177800442,1.3333512470126152e-06,,,
btc_returns_1h,-,naive_last,naive,2210,2026-06-01,2.0830731070969897,1.3333512470126152e-06,,,
btc_returns_1h,-,naive_last,naive,2291,2026-06-04,1.901315449425769,1.3333512470126152e-06,,,
btc_returns_1h,-,naive_last,naive,2373,2026-06-07,1.0425571847349113,1.3333512470126152e-06,,,
btc_returns_1h,-,naive_last,naive,2454,2026-06-11,0.8985196645232397,1.3333512470126152e-06,,,
btc_returns_1h,-,naive_last,naive,2535,2026-06-14,0.8467045901091772,1.3333512470126152e-06,,,
btc_returns_1h,-,naive_last,naive,2616,2026-06-18,0.8986601886425576,1.3333512470126152e-06,,,
btc_returns_1h,-,naive_last,naive,2697,2026-06-21,1.0111479143356092,1.3333512470126152e-06,,,
btc_returns_1h,-,naive_last,naive,2778,2026-06-24,1.581764010292844,1.3333512470126152e-06,,,
btc_returns_1h,-,naive_last,naive,2860,2026-06-28,0.6459549425310253,1.3333512470126152e-06,,,
btc_returns_1h,-,naive_last,naive,2941,2026-07-01,3.3043549273990616,1.3333512470126152e-06,,,
btc_returns_1h,-,naive_last,naive,3022,2026-07-04,0.5746638314044882,1.3333512470126152e-06,,,
btc_returns_1h,-,naive_last,naive,3103,2026-07-08,0.9931200797866732,1.3333512470126152e-06,,,
btc_returns_1h,-,naive_last,naive,3184,2026-07-11,0.38049510861725244,1.3333512470126152e-06,,,
btc_returns_1h,-,naive_last,naive,3265,2026-07-15,0.6502527360367674,1.3333512470126152e-06,,,
btc_returns_1h,-,naive_last,naive,3347,2026-07-18,0.2804026792291464,1.3333512470126152e-06,,,
btc_returns_1h,-,naive_last,naive,3428,2026-07-21,0.49954299397767793,1.3333512470126152e-06,,,
btc_returns_1h,-,naive_last,naive,3509,2026-07-25,0.6316185652798789,1.3333512470126152e-06,,,
btc_returns_1h,-,naive_last,naive,3590,2026-07-28,1.137043952823002,1.3333512470126152e-06,,,
btc_returns_1h,-,naive_mean,naive,2048,2026-05-25,0.39816785200243077,3.3541524317115546e-06,,,
btc_returns_1h,-,naive_mean,naive,2129,2026-05-28,0.6230722001400237,3.3541524317115546e-06,,,
btc_returns_1h,-,naive_mean,naive,2210,2026-06-01,0.7864506803620414,3.3541524317115546e-06,,,
btc_returns_1h,-,naive_mean,naive,2291,2026-06-04,1.7738055168043063,3.3541524317115546e-06,,,
btc_returns_1h,-,naive_mean,naive,2373,2026-06-07,0.9666167385589581,3.3541524317115546e-06,,,
btc_returns_1h,-,naive_mean,naive,2454,2026-06-11,0.7012663420920361,3.3541524317115546e-06,,,
btc_returns_1h,-,naive_mean,naive,2535,2026-06-14,0.8467045901091772,3.3541524317115546e-06,,,
btc_returns_1h,-,naive_mean,naive,2616,2026-06-18,0.8986601886425577,3.3541524317115546e-06,,,
btc_returns_1h,-,naive_mean,naive,2697,2026-06-21,0.6573730094412423,3.3541524317115546e-06,,,
btc_returns_1h,-,naive_mean,naive,2778,2026-06-24,1.508789501657169,3.3541524317115546e-06,,,
btc_returns_1h,-,naive_mean,naive,2860,2026-06-28,0.6720775341114142,3.3541524317115546e-06,,,
btc_returns_1h,-,naive_mean,naive,2941,2026-07-01,1.1158655265098334,3.3541524317115546e-06,,,
btc_returns_1h,-,naive_mean,naive,3022,2026-07-04,0.48168872770658533,3.3541524317115546e-06,,,
btc_returns_1h,-,naive_mean,naive,3103,2026-07-08,0.6859837792311003,3.3541524317115546e-06,,,
btc_returns_1h,-,naive_mean,naive,3184,2026-07-11,0.3797348207195171,3.3541524317115546e-06,,,
btc_returns_1h,-,naive_mean,naive,3265,2026-07-15,0.5294803436033236,3.3541524317115546e-06,,,
btc_returns_1h,-,naive_mean,naive,3347,2026-07-18,0.2535596416656814,3.3541524317115546e-06,,,
btc_returns_1h,-,naive_mean,naive,3428,2026-07-21,0.5162521860948911,3.3541524317115546e-06,,,
btc_returns_1h,-,naive_mean,naive,3509,2026-07-25,0.20574055572344027,3.3541524317115546e-06,,,
btc_returns_1h,-,naive_mean,naive,3590,2026-07-28,0.7707268952370969,3.3541524317115546e-06,,,
btc_returns_1h,-,seasonal_naive,naive,2048,2026-05-25,0.7386686140729621,1.9667029846459625e-06,,,
btc_returns_1h,-,seasonal_naive,naive,2129,2026-05-28,1.000060851321816,1.9667029846459625e-06,,,
btc_returns_1h,-,seasonal_naive,naive,2210,2026-06-01,0.8034111592424407,1.9667029846459625e-06,,,
btc_returns_1h,-,seasonal_naive,naive,2291,2026-06-04,2.9615957009165115,1.9667029846459625e-06,,,
btc_returns_1h,-,seasonal_naive,naive,2373,2026-06-07,1.4161874006105215,1.9667029846459625e-06,,,
btc_returns_1h,-,seasonal_naive,naive,2454,2026-06-11,1.3356400792371859,1.9667029846459625e-06,,,
btc_returns_1h,-,seasonal_naive,naive,2535,2026-06-14,0.9551633194368845,1.9667029846459625e-06,,,
btc_returns_1h,-,seasonal_naive,naive,2616,2026-06-18,1.364927247594026,1.9667029846459625e-06,,,
btc_returns_1h,-,seasonal_naive,naive,2697,2026-06-21,1.0250417212504,1.9667029846459625e-06,,,
btc_returns_1h,-,seasonal_naive,naive,2778,2026-06-24,1.659393678843201,1.9667029846459625e-06,,,
btc_returns_1h,-,seasonal_naive,naive,2860,2026-06-28,0.7745410259331026,1.9667029846459625e-06,,,
btc_returns_1h,-,seasonal_naive,naive,2941,2026-07-01,1.2660396624794958,1.9667029846459625e-06,,,
btc_returns_1h,-,seasonal_naive,naive,3022,2026-07-04,0.6443027972003915,1.9667029846459625e-06,,,
btc_returns_1h,-,seasonal_naive,naive,3103,2026-07-08,1.1094639660289296,1.9667029846459625e-06,,,
btc_returns_1h,-,seasonal_naive,naive,3184,2026-07-11,0.5733249644004168,1.9667029846459625e-06,,,
btc_returns_1h,-,seasonal_naive,naive,3265,2026-07-15,0.6507998872497371,1.9667029846459625e-06,,,
btc_returns_1h,-,seasonal_naive,naive,3347,2026-07-18,0.4200007448302174,1.9667029846459625e-06,,,
btc_returns_1h,-,seasonal_naive,naive,3428,2026-07-21,0.7907578670971965,1.9667029846459625e-06,,,
btc_returns_1h,-,seasonal_naive,naive,3509,2026-07-25,0.47754842264110614,1.9667029846459625e-06,,,
btc_returns_1h,-,seasonal_naive,naive,3590,2026-07-28,1.1102460276859298,1.9667029846459625e-06,,,
btc_returns_1h,-,seasonal_profile,naive,2048,2026-05-25,0.5074184935302304,1.548959990032017e-05,,,
btc_returns_1h,-,seasonal_profile,naive,2129,2026-05-28,0.6240496524539174,1.548959990032017e-05,,,
btc_returns_1h,-,seasonal_profile,naive,2210,2026-06-01,0.7794392680004525,1.548959990032017e-05,,,
btc_returns_1h,-,seasonal_profile,naive,2291,2026-06-04,2.047853765501287,1.548959990032017e-05,,,
btc_returns_1h,-,seasonal_profile,naive,2373,2026-06-07,1.0737420241289617,1.548959990032017e-05,,,
btc_returns_1h,-,seasonal_profile,naive,2454,2026-06-11,0.9785610853265124,1.548959990032017e-05,,,
btc_returns_1h,-,seasonal_profile,naive,2535,2026-06-14,0.9831720482687515,1.548959990032017e-05,,,
btc_returns_1h,-,seasonal_profile,naive,2616,2026-06-18,0.9571340660700642,1.548959990032017e-05,,,
btc_returns_1h,-,seasonal_profile,naive,2697,2026-06-21,0.8413020444555864,1.548959990032017e-05,,,
btc_returns_1h,-,seasonal_profile,naive,2778,2026-06-24,1.6212360176896992,1.548959990032017e-05,,,
btc_returns_1h,-,seasonal_profile,naive,2860,2026-06-28,0.7159999129148814,1.548959990032017e-05,,,
btc_returns_1h,-,seasonal_profile,naive,2941,2026-07-01,1.086739953491366,1.548959990032017e-05,,,
btc_returns_1h,-,seasonal_profile,naive,3022,2026-07-04,0.6402804213495714,1.548959990032017e-05,,,
btc_returns_1h,-,seasonal_profile,naive,3103,2026-07-08,0.8170018900870164,1.548959990032017e-05,,,
btc_returns_1h,-,seasonal_profile,naive,3184,2026-07-11,0.5477980707201059,1.548959990032017e-05,,,
btc_returns_1h,-,seasonal_profile,naive,3265,2026-07-15,0.4861697055707468,1.548959990032017e-05,,,
btc_returns_1h,-,seasonal_profile,naive,3347,2026-07-18,0.4232250457668413,1.548959990032017e-05,,,
btc_returns_1h,-,seasonal_profile,naive,3428,2026-07-21,0.6259287794563686,1.548959990032017e-05,,,
btc_returns_1h,-,seasonal_profile,naive,3509,2026-07-25,0.3561516164363681,1.548959990032017e-05,,,
btc_returns_1h,-,seasonal_profile,naive,3590,2026-07-28,0.858533080545515,1.548959990032017e-05,,,
btc_returns_1h,-,autoets,statistical,2048,2026-05-25,0.3971714444617067,0.17695586045156234,,0.8904076426124476,95.83333333333334
btc_returns_1h,-,autoets,statistical,2129,2026-05-28,0.6232276479449878,0.17695586045156234,,0.7458488162764589,87.5
btc_returns_1h,-,autoets,statistical,2210,2026-06-01,0.7879122867338538,0.17695586045156234,,0.774665552187111,75.0
btc_returns_1h,-,autoets,statistical,2291,2026-06-04,1.7495722062540513,0.17695586045156234,,0.8368136666548667,45.83333333333333
btc_returns_1h,-,autoets,statistical,2373,2026-06-07,0.968509307474941,0.17695586045156234,,0.7761346121572985,75.0
btc_returns_1h,-,autoets,statistical,2454,2026-06-11,0.6964265178986356,0.17695586045156234,,0.8057346714719612,91.66666666666666
btc_returns_1h,-,autoets,statistical,2535,2026-06-14,0.8468746458957006,0.17695586045156234,,0.8256391774799179,87.5
btc_returns_1h,-,autoets,statistical,2616,2026-06-18,0.8986601886425577,0.17695586045156234,,0.7970694317494059,75.0
btc_returns_1h,-,autoets,statistical,2697,2026-06-21,0.6557396169549657,0.17695586045156234,,0.8682087584362113,83.33333333333334
btc_returns_1h,-,autoets,statistical,2778,2026-06-24,1.5169982816900107,0.17695586045156234,,0.8610953993623592,70.83333333333334
btc_returns_1h,-,autoets,statistical,2860,2026-06-28,0.666893264844578,0.17695586045156234,,0.7512590973607611,91.66666666666666
btc_returns_1h,-,autoets,statistical,2941,2026-07-01,1.1206014335180392,0.17695586045156234,,0.7694469674562624,66.66666666666666
btc_returns_1h,-,autoets,statistical,3022,2026-07-04,0.4792845994911151,0.17695586045156234,,0.8977827983767649,95.83333333333334
btc_returns_1h,-,autoets,statistical,3103,2026-07-08,0.6895838366587581,0.17695586045156234,,0.8304909990944007,83.33333333333334
btc_returns_1h,-,autoets,statistical,3184,2026-07-11,0.381787399465942,0.17695586045156234,,0.9915997841870894,100.0
btc_returns_1h,-,autoets,statistical,3265,2026-07-15,0.5245865596639083,0.17695586045156234,,0.8233510857147982,95.83333333333334
btc_returns_1h,-,autoets,statistical,3347,2026-07-18,0.26356399871904357,0.17695586045156234,,1.2769723743162038,100.0
btc_returns_1h,-,autoets,statistical,3428,2026-07-21,0.5113885327402997,0.17695586045156234,,0.8285306366654939,100.0
btc_returns_1h,-,autoets,statistical,3509,2026-07-25,0.20802597517021915,0.17695586045156234,,1.478497051307639,100.0
btc_returns_1h,-,autoets,statistical,3590,2026-07-28,0.7787786081715042,0.17695586045156234,,0.7627664520995433,87.5
btc_returns_1h,-,autotheta,statistical,2048,2026-05-25,0.4448785811776855,0.14761037289863452,,0.9369941842630987,95.83333333333334
btc_returns_1h,-,autotheta,statistical,2129,2026-05-28,0.6267203645863197,0.14761037289863452,,0.7504415176341157,95.83333333333334
btc_returns_1h,-,autotheta,statistical,2210,2026-06-01,0.7877350313537922,0.14761037289863452,,0.7539602050041125,79.16666666666666
btc_returns_1h,-,autotheta,statistical,2291,2026-06-04,1.7863017096181573,0.14761037289863452,,0.8371930925153421,54.166666666666664
btc_returns_1h,-,autotheta,statistical,2373,2026-06-07,0.9466725592800361,0.14761037289863452,,0.776243649716554,79.16666666666666
btc_returns_1h,-,autotheta,statistical,2454,2026-06-11,0.7711872956734552,0.14761037289863452,,0.867353617091886,87.5
btc_returns_1h,-,autotheta,statistical,2535,2026-06-14,0.8600323228324316,0.14761037289863452,,0.8564581078782854,87.5
btc_returns_1h,-,autotheta,statistical,2616,2026-06-18,0.883345827996702,0.14761037289863452,,0.7846673622220961,83.33333333333334
btc_returns_1h,-,autotheta,statistical,2697,2026-06-21,0.6889963955860812,0.14761037289863452,,0.8959623030792967,79.16666666666666
btc_returns_1h,-,autotheta,statistical,2778,2026-06-24,1.7798087553765565,0.14761037289863452,,1.015689525872586,58.333333333333336
btc_returns_1h,-,autotheta,statistical,2860,2026-06-28,0.6323759820779896,0.14761037289863452,,0.7319413030626688,95.83333333333334
btc_returns_1h,-,autotheta,statistical,2941,2026-07-01,1.099383543359183,0.14761037289863452,,0.7504140747151392,75.0
btc_returns_1h,-,autotheta,statistical,3022,2026-07-04,0.5407155892054337,0.14761037289863452,,0.9492013689878983,95.83333333333334
btc_returns_1h,-,autotheta,statistical,3103,2026-07-08,0.7068594529115456,0.14761037289863452,,0.8720428533775425,87.5
btc_returns_1h,-,autotheta,statistical,3184,2026-07-11,0.39303777834981113,0.14761037289863452,,1.0547851484181612,100.0
btc_returns_1h,-,autotheta,statistical,3265,2026-07-15,0.5815068459805021,0.14761037289863452,,0.8901024863011794,100.0
btc_returns_1h,-,autotheta,statistical,3347,2026-07-18,0.24833033349336797,0.14761037289863452,,1.37152197034536,100.0
btc_returns_1h,-,autotheta,statistical,3428,2026-07-21,0.5583385268563817,0.14761037289863452,,0.8785666133878787,100.0
btc_returns_1h,-,autotheta,statistical,3509,2026-07-25,0.2731663752256315,0.14761037289863452,,1.7391999534912348,100.0
btc_returns_1h,-,autotheta,statistical,3590,2026-07-28,0.7867939866107775,0.14761037289863452,,0.796306349887463,87.5
btc_returns_1h,-,gbdt_calendar,ml,2048,2026-05-25,0.5571860598604127,0.9593560145993252,,,
btc_returns_1h,-,gbdt_calendar,ml,2129,2026-05-28,0.7408234172372063,0.9593560145993252,,,
btc_returns_1h,-,gbdt_calendar,ml,2210,2026-06-01,0.8271283468967392,0.9593560145993252,,,
btc_returns_1h,-,gbdt_calendar,ml,2291,2026-06-04,1.821860229507486,0.9593560145993252,,,
btc_returns_1h,-,gbdt_calendar,ml,2373,2026-06-07,0.8910571290002717,0.9593560145993252,,,
btc_returns_1h,-,gbdt_calendar,ml,2454,2026-06-11,0.7653818193812633,0.9593560145993252,,,
btc_returns_1h,-,gbdt_calendar,ml,2535,2026-06-14,0.8289561772032974,0.9593560145993252,,,
btc_returns_1h,-,gbdt_calendar,ml,2616,2026-06-18,0.9451282837538755,0.9593560145993252,,,
btc_returns_1h,-,gbdt_calendar,ml,2697,2026-06-21,0.7241143932185151,0.9593560145993252,,,
btc_returns_1h,-,gbdt_calendar,ml,2778,2026-06-24,1.6622653371331058,0.9593560145993252,,,
btc_returns_1h,-,gbdt_calendar,ml,2860,2026-06-28,0.766048200221765,0.9593560145993252,,,
btc_returns_1h,-,gbdt_calendar,ml,2941,2026-07-01,1.1711844467090748,0.9593560145993252,,,
btc_returns_1h,-,gbdt_calendar,ml,3022,2026-07-04,0.45132364963723287,0.9593560145993252,,,
btc_returns_1h,-,gbdt_calendar,ml,3103,2026-07-08,0.7251892647131899,0.9593560145993252,,,
btc_returns_1h,-,gbdt_calendar,ml,3184,2026-07-11,0.43607222642587745,0.9593560145993252,,,
btc_returns_1h,-,gbdt_calendar,ml,3265,2026-07-15,0.6675222043848327,0.9593560145993252,,,
btc_returns_1h,-,gbdt_calendar,ml,3347,2026-07-18,0.30162469357571803,0.9593560145993252,,,
btc_returns_1h,-,gbdt_calendar,ml,3428,2026-07-21,0.5990477359331542,0.9593560145993252,,,
btc_returns_1h,-,gbdt_calendar,ml,3509,2026-07-25,0.2865295667969593,0.9593560145993252,,,
btc_returns_1h,-,gbdt_calendar,ml,3590,2026-07-28,0.8103080751803379,0.9593560145993252,,,
btc_returns_1h,-,timesfm_2p5_ctx2048,timesfm,2048,2026-05-25,0.39524434916816287,0.19600765000213868,,0.8042382593528157,87.5
btc_returns_1h,-,timesfm_2p5_ctx2048,timesfm,2129,2026-05-28,0.6270238358746342,0.19600765000213868,,0.7481567555662141,75.0
btc_returns_1h,-,timesfm_2p5_ctx2048,timesfm,2210,2026-06-01,0.788871073064898,0.19600765000213868,,0.7995322602183265,62.5
btc_returns_1h,-,timesfm_2p5_ctx2048,timesfm,2291,2026-06-04,1.7641436234262273,0.19600765000213868,,0.821659359444582,58.333333333333336
btc_returns_1h,-,timesfm_2p5_ctx2048,timesfm,2373,2026-06-07,0.9670318235812336,0.19600765000213868,,0.7807272039006415,75.0
btc_returns_1h,-,timesfm_2p5_ctx2048,timesfm,2454,2026-06-11,0.7003678072421462,0.19600765000213868,,0.7961231329807985,83.33333333333334
btc_returns_1h,-,timesfm_2p5_ctx2048,timesfm,2535,2026-06-14,0.8531739966312186,0.19600765000213868,,0.8421717593949449,58.333333333333336
btc_returns_1h,-,timesfm_2p5_ctx2048,timesfm,2616,2026-06-18,0.8988034851522108,0.19600765000213868,,0.8071126052301333,66.66666666666666
btc_returns_1h,-,timesfm_2p5_ctx2048,timesfm,2697,2026-06-21,0.6596344598939666,0.19600765000213868,,0.8586560639806694,66.66666666666666
btc_returns_1h,-,timesfm_2p5_ctx2048,timesfm,2778,2026-06-24,1.507272892541046,0.19600765000213868,,0.8733023992331215,66.66666666666666
btc_returns_1h,-,timesfm_2p5_ctx2048,timesfm,2860,2026-06-28,0.6803182458250112,0.19600765000213868,,0.7621582463280481,79.16666666666666
btc_returns_1h,-,timesfm_2p5_ctx2048,timesfm,2941,2026-07-01,1.117092437164266,0.19600765000213868,,0.806657770704489,45.83333333333333
btc_returns_1h,-,timesfm_2p5_ctx2048,timesfm,3022,2026-07-04,0.4895356741896202,0.19600765000213868,,0.8084753568470612,87.5
btc_returns_1h,-,timesfm_2p5_ctx2048,timesfm,3103,2026-07-08,0.6859489566439341,0.19600765000213868,,0.8119796602715483,79.16666666666666
btc_returns_1h,-,timesfm_2p5_ctx2048,timesfm,3184,2026-07-11,0.37720632656507347,0.19600765000213868,,0.8246381831655073,87.5
btc_returns_1h,-,timesfm_2p5_ctx2048,timesfm,3265,2026-07-15,0.536069980537613,0.19600765000213868,,0.7783482692487853,79.16666666666666
btc_returns_1h,-,timesfm_2p5_ctx2048,timesfm,3347,2026-07-18,0.25265510163667193,0.19600765000213868,,0.8730982639120234,100.0
btc_returns_1h,-,timesfm_2p5_ctx2048,timesfm,3428,2026-07-21,0.5236620733520169,0.19600765000213868,,0.7716173450030815,79.16666666666666
btc_returns_1h,-,timesfm_2p5_ctx2048,timesfm,3509,2026-07-25,0.206217711911839,0.19600765000213868,,0.8595015609846047,100.0
btc_returns_1h,-,timesfm_2p5_ctx2048,timesfm,3590,2026-07-28,0.7635688981862221,0.19600765000213868,,0.7949166313245971,50.0
btc_returns_1h,-,chronos_2_ctx2048,chronos,2048,2026-05-25,0.3975789959365852,0.020606908353511245,,0.8366215682740348,95.83333333333334
btc_returns_1h,-,chronos_2_ctx2048,chronos,2129,2026-05-28,0.6231938856601531,0.020606908353511245,,0.7528748850116536,79.16666666666666
btc_returns_1h,-,chronos_2_ctx2048,chronos,2210,2026-06-01,0.7844782204936542,0.020606908353511245,,0.7871195659004485,70.83333333333334
btc_returns_1h,-,chronos_2_ctx2048,chronos,2291,2026-06-04,1.7775402732948038,0.020606908353511245,,0.7945474132719983,79.16666666666666
btc_returns_1h,-,chronos_2_ctx2048,chronos,2373,2026-06-07,0.9679164043322983,0.020606908353511245,,0.8721292110086641,95.83333333333334
btc_returns_1h,-,chronos_2_ctx2048,chronos,2454,2026-06-11,0.7023389876732793,0.020606908353511245,,0.8136388518919601,87.5
btc_returns_1h,-,chronos_2_ctx2048,chronos,2535,2026-06-14,0.8461962125225936,0.020606908353511245,,0.8061233729223665,79.16666666666666
btc_returns_1h,-,chronos_2_ctx2048,chronos,2616,2026-06-18,0.8974731745864751,0.020606908353511245,,0.7889575747171512,75.0
btc_returns_1h,-,chronos_2_ctx2048,chronos,2697,2026-06-21,0.6610549479579834,0.020606908353511245,,0.8021419775308114,79.16666666666666
btc_returns_1h,-,chronos_2_ctx2048,chronos,2778,2026-06-24,1.5022812318967664,0.020606908353511245,,0.8531059051225747,70.83333333333334
btc_returns_1h,-,chronos_2_ctx2048,chronos,2860,2026-06-28,0.6733844360472155,0.020606908353511245,,0.7235881304869382,91.66666666666666
btc_returns_1h,-,chronos_2_ctx2048,chronos,2941,2026-07-01,1.11335967539958,0.020606908353511245,,0.7827487887532333,62.5
btc_returns_1h,-,chronos_2_ctx2048,chronos,3022,2026-07-04,0.48143752748974333,0.020606908353511245,,0.7715958238328854,83.33333333333334
btc_returns_1h,-,chronos_2_ctx2048,chronos,3103,2026-07-08,0.6834271635568118,0.020606908353511245,,0.8226870428543483,87.5
btc_returns_1h,-,chronos_2_ctx2048,chronos,3184,2026-07-11,0.37823513482639487,0.020606908353511245,,0.8442309001405518,58.333333333333336
btc_returns_1h,-,chronos_2_ctx2048,chronos,3265,2026-07-15,0.5319013535857506,0.020606908353511245,,0.7723103509374677,91.66666666666666
btc_returns_1h,-,chronos_2_ctx2048,chronos,3347,2026-07-18,0.24722226736929553,0.020606908353511245,,0.7966797919141614,75.0
btc_returns_1h,-,chronos_2_ctx2048,chronos,3428,2026-07-21,0.5184901350388088,0.020606908353511245,,0.7516401742200869,87.5
btc_returns_1h,-,chronos_2_ctx2048,chronos,3509,2026-07-25,0.20302382341699143,0.020606908353511245,,0.7675833798726287,91.66666666666666
btc_returns_1h,-,chronos_2_ctx2048,chronos,3590,2026-07-28,0.7679329170525525,0.020606908353511245,,0.7739261010034013,50.0
btc_returns_1h,-,chronos_bolt_small,chronos,2048,2026-05-25,0.39500962508860527,0.006102722900686785,,0.8236133797564996,95.83333333333334
btc_returns_1h,-,chronos_bolt_small,chronos,2129,2026-05-28,0.6217614557871437,0.006102722900686785,,0.7454824294628297,83.33333333333334
btc_returns_1h,-,chronos_bolt_small,chronos,2210,2026-06-01,0.7929303714951075,0.006102722900686785,,0.8043627850159775,66.66666666666666
btc_returns_1h,-,chronos_bolt_small,chronos,2291,2026-06-04,1.7717597093004733,0.006102722900686785,,0.8337661546045039,50.0
btc_returns_1h,-,chronos_bolt_small,chronos,2373,2026-06-07,0.9691132809366191,0.006102722900686785,,0.7758601978307623,79.16666666666666
btc_returns_1h,-,chronos_bolt_small,chronos,2454,2026-06-11,0.7020836821111704,0.006102722900686785,,0.8045815923500916,83.33333333333334
btc_returns_1h,-,chronos_bolt_small,chronos,2535,2026-06-14,0.8469114765098724,0.006102722900686785,,0.8187738677531793,66.66666666666666
btc_returns_1h,-,chronos_bolt_small,chronos,2616,2026-06-18,0.8969752984187817,0.006102722900686785,,0.7975611980812931,75.0
btc_returns_1h,-,chronos_bolt_small,chronos,2697,2026-06-21,0.6626545096002441,0.006102722900686785,,0.8704184291683179,62.5
btc_returns_1h,-,chronos_bolt_small,chronos,2778,2026-06-24,1.518968587018761,0.006102722900686785,,0.863685072506578,70.83333333333334
btc_returns_1h,-,chronos_bolt_small,chronos,2860,2026-06-28,0.6746089542314038,0.006102722900686785,,0.7610203679452009,79.16666666666666
btc_returns_1h,-,chronos_bolt_small,chronos,2941,2026-07-01,1.1123724207118448,0.006102722900686785,,0.758606077323634,75.0
btc_returns_1h,-,chronos_bolt_small,chronos,3022,2026-07-04,0.4875863682090737,0.006102722900686785,,0.8105611247524902,79.16666666666666
btc_returns_1h,-,chronos_bolt_small,chronos,3103,2026-07-08,0.6888754110099234,0.006102722900686785,,0.8147312908952846,83.33333333333334
btc_returns_1h,-,chronos_bolt_small,chronos,3184,2026-07-11,0.38065406799212165,0.006102722900686785,,0.8265817844276556,83.33333333333334
btc_returns_1h,-,chronos_bolt_small,chronos,3265,2026-07-15,0.5332359122639083,0.006102722900686785,,0.7784708103790774,91.66666666666666
btc_returns_1h,-,chronos_bolt_small,chronos,3347,2026-07-18,0.24627725372907874,0.006102722900686785,,0.807886391825076,87.5
btc_returns_1h,-,chronos_bolt_small,chronos,3428,2026-07-21,0.5202418914091852,0.006102722900686785,,0.7644127043916269,83.33333333333334
btc_returns_1h,-,chronos_bolt_small,chronos,3509,2026-07-25,0.2118302530048686,0.006102722900686785,,0.8452363156190306,100.0
btc_returns_1h,-,chronos_bolt_small,chronos,3590,2026-07-28,0.7658864533696637,0.006102722900686785,,0.7823130076909756,62.5
quake_magnitude_seq,-,naive_last,naive,2048,2026-03-27,0.656990408080455,1.4604011084884405e-06,4.939459362308913,,
quake_magnitude_seq,-,naive_last,naive,2079,2026-03-28,0.75323472918275,1.4604011084884405e-06,5.338040002788077,,
quake_magnitude_seq,-,naive_last,naive,2109,2026-03-29,0.625300585741412,1.4604011084884405e-06,4.61047648271723,,
quake_magnitude_seq,-,naive_last,naive,2140,2026-03-31,0.5917805071893827,1.4604011084884405e-06,4.292243820605165,,
quake_magnitude_seq,-,naive_last,naive,2171,2026-04-01,0.8029643158723921,1.4604011084884405e-06,5.5409087813346325,,
quake_magnitude_seq,-,naive_last,naive,2202,2026-04-02,0.7586139652270308,1.4604011084884405e-06,5.21658487628637,,
quake_magnitude_seq,-,naive_last,naive,2232,2026-04-04,0.8558039236953888,1.4604011084884405e-06,5.779875263179801,,
quake_magnitude_seq,-,naive_last,naive,2263,2026-04-05,0.8479333854437714,1.4604011084884405e-06,5.665865481093863,,
quake_magnitude_seq,-,naive_last,naive,2294,2026-04-06,0.990680006346148,1.4604011084884405e-06,6.8504736015471925,,
quake_magnitude_seq,-,naive_last,naive,2325,2026-04-07,0.5079001896306747,1.4604011084884405e-06,3.704873537279376,,
quake_magnitude_seq,-,naive_last,naive,2355,2026-04-09,0.660220814357233,1.4604011084884405e-06,4.9580281074064985,,
quake_magnitude_seq,-,naive_last,naive,2386,2026-04-10,1.5758368907404203,1.4604011084884405e-06,9.107948368136103,,
quake_magnitude_seq,-,naive_last,naive,2417,2026-04-11,0.9350108743946763,1.4604011084884405e-06,6.25990551421201,,
quake_magnitude_seq,-,naive_last,naive,2448,2026-04-13,1.3308487828915296,1.4604011084884405e-06,10.043391218098192,,
quake_magnitude_seq,-,naive_last,naive,2478,2026-04-14,0.6238614781609065,1.4604011084884405e-06,4.567695487360751,,
quake_magnitude_seq,-,naive_last,naive,2509,2026-04-15,2.9661540117488094,1.4604011084884405e-06,22.25402505893952,,
quake_magnitude_seq,-,naive_last,naive,2540,2026-04-16,1.8515221780864266,1.4604011084884405e-06,13.954865298256491,,
quake_magnitude_seq,-,naive_last,naive,2571,2026-04-18,0.6830299742738902,1.4604011084884405e-06,5.006669122320527,,
quake_magnitude_seq,-,naive_last,naive,2601,2026-04-19,0.9938294622550997,1.4604011084884405e-06,6.853738241403634,,
quake_magnitude_seq,-,naive_last,naive,2632,2026-04-20,0.8487165934247304,1.4604011084884405e-06,6.292591740565875,,
quake_magnitude_seq,-,naive_mean,naive,2048,2026-03-27,0.6673385706603853,3.4500029869377612e-06,5.0327913544774745,,
quake_magnitude_seq,-,naive_mean,naive,2079,2026-03-28,0.738246559423236,3.4500029869377612e-06,5.351276527306304,,
quake_magnitude_seq,-,naive_mean,naive,2109,2026-03-29,0.71649140369066,3.4500029869377612e-06,5.420315430770942,,
quake_magnitude_seq,-,naive_mean,naive,2140,2026-03-31,0.698123093101003,3.4500029869377612e-06,5.320382615525957,,
quake_magnitude_seq,-,naive_mean,naive,2171,2026-04-01,0.6586687584329628,3.4500029869377612e-06,4.693776992615145,,
quake_magnitude_seq,-,naive_mean,naive,2202,2026-04-02,0.7184926771440976,3.4500029869377612e-06,5.036341455586677,,
quake_magnitude_seq,-,naive_mean,naive,2232,2026-04-04,0.74703955776084,3.4500029869377612e-06,5.2208559484985395,,
quake_magnitude_seq,-,naive_mean,naive,2263,2026-04-05,0.9567717705425265,3.4500029869377612e-06,6.633106750886853,,
quake_magnitude_seq,-,naive_mean,naive,2294,2026-04-06,0.832630868841176,3.4500029869377612e-06,6.012666912072694,,
quake_magnitude_seq,-,naive_mean,naive,2325,2026-04-07,0.5504118044028662,3.4500029869377612e-06,4.185688976165408,,
quake_magnitude_seq,-,naive_mean,naive,2355,2026-04-09,0.6662615619244576,3.4500029869377612e-06,5.016766909984171,,
quake_magnitude_seq,-,naive_mean,naive,2386,2026-04-10,1.5352290707277365,3.4500029869377612e-06,9.388366112734758,,
quake_magnitude_seq,-,naive_mean,naive,2417,2026-04-11,0.918609462394536,3.4500029869377612e-06,6.401015332665174,,
quake_magnitude_seq,-,naive_mean,naive,2448,2026-04-13,0.9513439769159913,3.4500029869377612e-06,6.688627717877367,,
quake_magnitude_seq,-,naive_mean,naive,2478,2026-04-14,0.6579595470667741,3.4500029869377612e-06,4.9407734342660445,,
quake_magnitude_seq,-,naive_mean,naive,2509,2026-04-15,0.9575772793834741,3.4500029869377612e-06,6.631584657955791,,
quake_magnitude_seq,-,naive_mean,naive,2540,2026-04-16,0.9227518503174225,3.4500029869377612e-06,6.416837693324981,,
quake_magnitude_seq,-,naive_mean,naive,2571,2026-04-18,0.5368031829820672,3.4500029869377612e-06,4.113103219720943,,
quake_magnitude_seq,-,naive_mean,naive,2601,2026-04-19,0.8357393631476927,3.4500029869377612e-06,5.989625869798964,,
quake_magnitude_seq,-,naive_mean,naive,2632,2026-04-20,0.8292271447933394,3.4500029869377612e-06,6.042409205818729,,
quake_magnitude_seq,-,seasonal_naive,naive,2048,2026-03-27,1.0373532759165078,1.9479484762996435e-06,7.781926684216549,,
quake_magnitude_seq,-,seasonal_naive,naive,2079,2026-03-28,0.9962136740804112,1.9479484762996435e-06,7.193832103643653,,
quake_magnitude_seq,-,seasonal_naive,naive,2109,2026-03-29,0.9958490809955817,1.9479484762996435e-06,7.492721204643475,,
quake_magnitude_seq,-,seasonal_naive,naive,2140,2026-03-31,0.6497982039726558,1.9479484762996435e-06,4.832942527624205,,
quake_magnitude_seq,-,seasonal_naive,naive,2171,2026-04-01,0.9658846118465011,1.9479484762996435e-06,6.94699239115092,,
quake_magnitude_seq,-,seasonal_naive,naive,2202,2026-04-02,1.4238600578107348,1.9479484762996435e-06,10.418119067617015,,
quake_magnitude_seq,-,seasonal_naive,naive,2232,2026-04-04,0.9955270132783096,1.9479484762996435e-06,6.989107309633648,,
quake_magnitude_seq,-,seasonal_naive,naive,2263,2026-04-05,1.3299777073056411,1.9479484762996435e-06,9.308548386360187,,
quake_magnitude_seq,-,seasonal_naive,naive,2294,2026-04-06,0.9330823315585813,1.9479484762996435e-06,6.755488585854607,,
quake_magnitude_seq,-,seasonal_naive,naive,2325,2026-04-07,0.5887024925264637,1.9479484762996435e-06,4.515943922966112,,
quake_magnitude_seq,-,seasonal_naive,naive,2355,2026-04-09,0.7992146700113872,1.9479484762996435e-06,5.923180454024876,,
quake_magnitude_seq,-,seasonal_naive,naive,2386,2026-04-10,1.4134990212013039,1.9479484762996435e-06,8.278707444548541,,
quake_magnitude_seq,-,seasonal_naive,naive,2417,2026-04-11,1.6149138435532737,1.9479484762996435e-06,11.594795439827,,
quake_magnitude_seq,-,seasonal_naive,naive,2448,2026-04-13,1.0210822558391903,1.9479484762996435e-06,7.379985557498944,,
quake_magnitude_seq,-,seasonal_naive,naive,2478,2026-04-14,0.8664742752234809,1.9479484762996435e-06,6.406773954198138,,
quake_magnitude_seq,-,seasonal_naive,naive,2509,2026-04-15,1.261199343578234,1.9479484762996435e-06,8.666918762651678,,
quake_magnitude_seq,-,seasonal_naive,naive,2540,2026-04-16,1.1803453885300972,1.9479484762996435e-06,8.649056665947423,,
quake_magnitude_seq,-,seasonal_naive,naive,2571,2026-04-18,1.1229475848231758,1.9479484762996435e-06,8.570548227770908,,
quake_magnitude_seq,-,seasonal_naive,naive,2601,2026-04-19,0.7973748011116499,1.9479484762996435e-06,5.67114180374931,,
quake_magnitude_seq,-,seasonal_naive,naive,2632,2026-04-20,0.8952216122425233,1.9479484762996435e-06,6.454945886018283,,
quake_magnitude_seq,-,seasonal_profile,naive,2048,2026-03-27,0.9509071695901322,1.5756249194964766e-05,7.113369165233005,,
quake_magnitude_seq,-,seasonal_profile,naive,2079,2026-03-28,0.9418326721271255,1.5756249194964766e-05,6.860711298575402,,
quake_magnitude_seq,-,seasonal_profile,naive,2109,2026-03-29,0.7578874691995442,1.5756249194964766e-05,5.666978175950513,,
quake_magnitude_seq,-,seasonal_profile,naive,2140,2026-03-31,0.6840286450747866,1.5756249194964766e-05,5.12893213305389,,
quake_magnitude_seq,-,seasonal_profile,naive,2171,2026-04-01,0.669718788093568,1.5756249194964766e-05,4.765099925335758,,
quake_magnitude_seq,-,seasonal_profile,naive,2202,2026-04-02,0.8403108537899422,1.5756249194964766e-05,5.829026338532857,,
quake_magnitude_seq,-,seasonal_profile,naive,2232,2026-04-04,0.6695064709181618,1.5756249194964766e-05,4.554196245064931,,
quake_magnitude_seq,-,seasonal_profile,naive,2263,2026-04-05,0.9757041695517369,1.5756249194964766e-05,6.675190223790069,,
quake_magnitude_seq,-,seasonal_profile,naive,2294,2026-04-06,0.8322864006803394,1.5756249194964766e-05,5.937168102414569,,
quake_magnitude_seq,-,seasonal_profile,naive,2325,2026-04-07,0.6550758127622908,1.5756249194964766e-05,4.929167817810652,,
quake_magnitude_seq,-,seasonal_profile,naive,2355,2026-04-09,0.8165889019681561,1.5756249194964766e-05,6.06133262683253,,
quake_magnitude_seq,-,seasonal_profile,naive,2386,2026-04-10,1.4598812696410515,1.5756249194964766e-05,8.68844282881263,,
quake_magnitude_seq,-,seasonal_profile,naive,2417,2026-04-11,0.8772941537530294,1.5756249194964766e-05,6.013681941300308,,
quake_magnitude_seq,-,seasonal_profile,naive,2448,2026-04-13,0.8948810781512007,1.5756249194964766e-05,6.2552701819545105,,
quake_magnitude_seq,-,seasonal_profile,naive,2478,2026-04-14,0.9646746930821423,1.5756249194964766e-05,7.188133668983123,,
quake_magnitude_seq,-,seasonal_profile,naive,2509,2026-04-15,1.0451605671319621,1.5756249194964766e-05,7.23902623988679,,
quake_magnitude_seq,-,seasonal_profile,naive,2540,2026-04-16,1.1919174021431378,1.5756249194964766e-05,8.398322536899467,,
quake_magnitude_seq,-,seasonal_profile,naive,2571,2026-04-18,0.6598764158239283,1.5756249194964766e-05,4.986005727967003,,
quake_magnitude_seq,-,seasonal_profile,naive,2601,2026-04-19,0.8724898186076749,1.5756249194964766e-05,6.238325373592633,,
quake_magnitude_seq,-,seasonal_profile,naive,2632,2026-04-20,0.7673328104935915,1.5756249194964766e-05,5.4628342333849105,,
quake_magnitude_seq,-,autoets,statistical,2048,2026-03-27,0.6626402175661876,0.48282084585516716,4.990416038975257,0.03547444159761849,95.83333333333334
quake_magnitude_seq,-,autoets,statistical,2079,2026-03-28,0.7354515789858895,0.48282084585516716,5.325898847746494,0.043221718116696874,83.33333333333334
quake_magnitude_seq,-,autoets,statistical,2109,2026-03-29,0.7093037066509724,0.48282084585516716,5.360786278230945,0.03980452182284688,91.66666666666666
quake_magnitude_seq,-,autoets,statistical,2140,2026-03-31,0.690493478903918,0.48282084585516716,5.254395839906369,0.03623553636488453,100.0
quake_magnitude_seq,-,autoets,statistical,2171,2026-04-01,0.6472963611908068,0.48282084585516716,4.601240026514128,0.041003878134609886,91.66666666666666
quake_magnitude_seq,-,autoets,statistical,2202,2026-04-02,0.7151475718342395,0.48282084585516716,5.004037851720552,0.04338328286356914,87.5
quake_magnitude_seq,-,autoets,statistical,2232,2026-04-04,0.7363283665533585,0.48282084585516716,5.132916744507945,0.043931066890223504,95.83333333333334
quake_magnitude_seq,-,autoets,statistical,2263,2026-04-05,0.9467240102354336,0.48282084585516716,6.546311413897666,0.05496758281015177,87.5
quake_magnitude_seq,-,autoets,statistical,2294,2026-04-06,0.8335779727366024,0.48282084585516716,6.024917526350556,0.04706560254109018,87.5
quake_magnitude_seq,-,autoets,statistical,2325,2026-04-07,0.5402437003753247,0.48282084585516716,4.1030643664525,0.03233230710500687,95.83333333333334
quake_magnitude_seq,-,autoets,statistical,2355,2026-04-09,0.6629073905578389,0.48282084585516716,4.984151739837936,0.036426337708158715,91.66666666666666
quake_magnitude_seq,-,autoets,statistical,2386,2026-04-10,1.5328537001364002,0.48282084585516716,9.360638977381953,0.09125982458075906,79.16666666666666
quake_magnitude_seq,-,autoets,statistical,2417,2026-04-11,0.9173022516786021,0.48282084585516716,6.387450680656145,0.05203795490072077,91.66666666666666
quake_magnitude_seq,-,autoets,statistical,2448,2026-04-13,0.9519523813066517,0.48282084585516716,6.694443997458838,0.05500019445973688,87.5
quake_magnitude_seq,-,autoets,statistical,2478,2026-04-14,0.6595470271318501,0.48282084585516716,4.9550115332405475,0.03769769113832023,95.83333333333334
quake_magnitude_seq,-,autoets,statistical,2509,2026-04-15,0.9575772793834741,0.48282084585516716,6.634493707071821,0.053812918166487235,83.33333333333334
quake_magnitude_seq,-,autoets,statistical,2540,2026-04-16,0.9369332037611678,0.48282084585516716,6.515508042731717,0.057472667575769076,87.5
quake_magnitude_seq,-,autoets,statistical,2571,2026-04-18,0.5393586478231326,0.48282084585516716,4.134552658181423,0.031591821239967476,100.0
quake_magnitude_seq,-,autoets,statistical,2601,2026-04-19,0.8357532433048875,0.48282084585516716,5.989781749517317,0.04676480257781142,87.5
quake_magnitude_seq,-,autoets,statistical,2632,2026-04-20,0.865997948797391,0.48282084585516716,6.305057813148256,0.04713350907805336,87.5
quake_magnitude_seq,-,autotheta,statistical,2048,2026-03-27,0.6563224735786082,0.2693578020960558,4.951554575003506,0.035940342062531126,95.83333333333334
quake_magnitude_seq,-,autotheta,statistical,2079,2026-03-28,0.7584635015348445,0.2693578020960558,5.586748396264937,0.04380541335176418,91.66666666666666
quake_magnitude_seq,-,autotheta,statistical,2109,2026-03-29,0.7703694081775494,0.2693578020960558,5.8696252703196246,0.04174687607376823,91.66666666666666
quake_magnitude_seq,-,autotheta,statistical,2140,2026-03-31,0.6708786132270725,0.2693578020960558,5.030917089970098,0.037088576977142726,95.83333333333334
quake_magnitude_seq,-,autotheta,statistical,2171,2026-04-01,0.5630163729813071,0.2693578020960558,3.8876938640646537,0.04037438526610285,91.66666666666666
quake_magnitude_seq,-,autotheta,statistical,2202,2026-04-02,0.7635914713237659,0.2693578020960558,5.481816790251507,0.046270366808387434,91.66666666666666
quake_magnitude_seq,-,autotheta,statistical,2232,2026-04-04,0.6758739040524918,0.2693578020960558,4.586636734402815,0.04536740820339535,87.5
quake_magnitude_seq,-,autotheta,statistical,2263,2026-04-05,0.9616761350992488,0.2693578020960558,6.6755301532546065,0.05591396997217682,91.66666666666666
quake_magnitude_seq,-,autotheta,statistical,2294,2026-04-06,0.8392994995800651,0.2693578020960558,6.098966454543233,0.047809555992350095,87.5
quake_magnitude_seq,-,autotheta,statistical,2325,2026-04-07,0.5284384887585214,0.2693578020960558,3.9818923642511517,0.03400233276349684,95.83333333333334
quake_magnitude_seq,-,autotheta,statistical,2355,2026-04-09,0.6799118669982538,0.2693578020960558,5.042871484635838,0.03832605895089908,91.66666666666666
quake_magnitude_seq,-,autotheta,statistical,2386,2026-04-10,1.5063041804812014,0.2693578020960558,9.007239641567146,0.09396190280532517,79.16666666666666
quake_magnitude_seq,-,autotheta,statistical,2417,2026-04-11,0.9328353421478782,0.2693578020960558,6.548464434107454,0.0534159420751135,91.66666666666666
quake_magnitude_seq,-,autotheta,statistical,2448,2026-04-13,0.9842882780236786,0.2693578020960558,7.003464231350269,0.05557374737102254,87.5
quake_magnitude_seq,-,autotheta,statistical,2478,2026-04-14,0.6922709850565139,0.2693578020960558,5.1244057032042205,0.03973837345811436,91.66666666666666
quake_magnitude_seq,-,autotheta,statistical,2509,2026-04-15,0.9450788871899737,0.2693578020960558,6.742779317948864,0.05000085701499205,87.5
quake_magnitude_seq,-,autotheta,statistical,2540,2026-04-16,1.0350491286004857,0.2693578020960558,7.351557167727106,0.061987102392328304,87.5
quake_magnitude_seq,-,autotheta,statistical,2571,2026-04-18,0.49237386294094676,0.2693578020960558,3.7112806261768294,0.031740127435668605,100.0
quake_magnitude_seq,-,autotheta,statistical,2601,2026-04-19,0.7978007351524035,0.2693578020960558,5.571473284750503,0.05026254330068265,83.33333333333334
quake_magnitude_seq,-,autotheta,statistical,2632,2026-04-20,0.8565755481201314,0.2693578020960558,6.221225736556321,0.04674808284630413,87.5
quake_magnitude_seq,-,gbdt_calendar,ml,2048,2026-03-27,0.7807040361672395,1.045084552100161,5.879106899732407,,
quake_magnitude_seq,-,gbdt_calendar,ml,2079,2026-03-28,0.9291601850176899,1.045084552100161,6.828320319944043,,
quake_magnitude_seq,-,gbdt_calendar,ml,2109,2026-03-29,0.9038436860229577,1.045084552100161,6.837036644402909,,
quake_magnitude_seq,-,gbdt_calendar,ml,2140,2026-03-31,0.5722265077970944,1.045084552100161,4.375557947567402,,
quake_magnitude_seq,-,gbdt_calendar,ml,2171,2026-04-01,0.7096658904172924,1.045084552100161,5.086243368539958,,
quake_magnitude_seq,-,gbdt_calendar,ml,2202,2026-04-02,0.8466526905392663,1.045084552100161,5.97257337713715,,
quake_magnitude_seq,-,gbdt_calendar,ml,2232,2026-04-04,0.734640874464079,1.045084552100161,5.181001346165196,,
quake_magnitude_seq,-,gbdt_calendar,ml,2263,2026-04-05,0.9781106929253924,1.045084552100161,6.808932135395153,,
quake_magnitude_seq,-,gbdt_calendar,ml,2294,2026-04-06,0.972737963187852,1.045084552100161,6.9850065532045615,,
quake_magnitude_seq,-,gbdt_calendar,ml,2325,2026-04-07,0.6321990383702013,1.045084552100161,4.818465065477163,,
quake_magnitude_seq,-,gbdt_calendar,ml,2355,2026-04-09,0.7328409877774702,1.045084552100161,5.469101071092836,,
quake_magnitude_seq,-,gbdt_calendar,ml,2386,2026-04-10,1.6130083824781376,1.045084552100161,9.901460891577734,,
quake_magnitude_seq,-,gbdt_calendar,ml,2417,2026-04-11,0.9212211689195354,1.045084552100161,6.426447954161231,,
quake_magnitude_seq,-,gbdt_calendar,ml,2448,2026-04-13,0.8839169832552511,1.045084552100161,6.261504899308464,,
quake_magnitude_seq,-,gbdt_calendar,ml,2478,2026-04-14,0.724521071067485,1.045084552100161,5.447181818281919,,
quake_magnitude_seq,-,gbdt_calendar,ml,2509,2026-04-15,0.920033828403801,1.045084552100161,6.360847494521522,,
quake_magnitude_seq,-,gbdt_calendar,ml,2540,2026-04-16,0.9521864224085596,1.045084552100161,6.620040669302381,,
quake_magnitude_seq,-,gbdt_calendar,ml,2571,2026-04-18,0.43669745054333564,1.045084552100161,3.3510147352556663,,
quake_magnitude_seq,-,gbdt_calendar,ml,2601,2026-04-19,0.8661719605311927,1.045084552100161,6.235543096275627,,
quake_magnitude_seq,-,gbdt_calendar,ml,2632,2026-04-20,0.8491413424707246,1.045084552100161,6.257442466490125,,
quake_magnitude_seq,-,timesfm_2p5_ctx2048,timesfm,2048,2026-03-27,0.6424188191349975,0.19338259579963052,4.74365190578864,0.03506988082353064,91.66666666666666
quake_magnitude_seq,-,timesfm_2p5_ctx2048,timesfm,2079,2026-03-28,0.7485981086463998,0.19338259579963052,5.324736713746233,0.04301995782570933,83.33333333333334
quake_magnitude_seq,-,timesfm_2p5_ctx2048,timesfm,2109,2026-03-29,0.6312829994874425,0.19338259579963052,4.679688207170898,0.03587568093579633,91.66666666666666
quake_magnitude_seq,-,timesfm_2p5_ctx2048,timesfm,2140,2026-03-31,0.6449801904028672,0.19338259579963052,4.811359417899686,0.03398247439875509,91.66666666666666
quake_magnitude_seq,-,timesfm_2p5_ctx2048,timesfm,2171,2026-04-01,0.6027048374098369,0.19338259579963052,4.186699035272214,0.037614131086788655,75.0
quake_magnitude_seq,-,timesfm_2p5_ctx2048,timesfm,2202,2026-04-02,0.7525065150025609,0.19338259579963052,5.190067936423646,0.04347092942732201,87.5
quake_magnitude_seq,-,timesfm_2p5_ctx2048,timesfm,2232,2026-04-04,0.6375627487810667,0.19338259579963052,4.280408425411308,0.04065586834728262,95.83333333333334
quake_magnitude_seq,-,timesfm_2p5_ctx2048,timesfm,2263,2026-04-05,0.8524432614295574,0.19338259579963052,5.706140209807789,0.0516748282061637,83.33333333333334
quake_magnitude_seq,-,timesfm_2p5_ctx2048,timesfm,2294,2026-04-06,0.8316205901567008,0.19338259579963052,5.852250485702291,0.047813282390992175,83.33333333333334
quake_magnitude_seq,-,timesfm_2p5_ctx2048,timesfm,2325,2026-04-07,0.4666768287971828,0.19338259579963052,3.4537164385319015,0.028686296797850903,95.83333333333334
quake_magnitude_seq,-,timesfm_2p5_ctx2048,timesfm,2355,2026-04-09,0.657529110976459,0.19338259579963052,4.826402320608425,0.03553900376408296,87.5
quake_magnitude_seq,-,timesfm_2p5_ctx2048,timesfm,2386,2026-04-10,1.506797041153572,0.19338259579963052,8.962163236782754,0.09165972328041369,75.0
quake_magnitude_seq,-,timesfm_2p5_ctx2048,timesfm,2417,2026-04-11,0.865613587540121,0.19338259579963052,5.854202191339081,0.05201825592411031,83.33333333333334
quake_magnitude_seq,-,timesfm_2p5_ctx2048,timesfm,2448,2026-04-13,0.9163408680737397,0.19338259579963052,6.285343173314541,0.055087585207736586,87.5
quake_magnitude_seq,-,timesfm_2p5_ctx2048,timesfm,2478,2026-04-14,0.6287223508954876,0.19338259579963052,4.605834023371003,0.03557523516968793,87.5
quake_magnitude_seq,-,timesfm_2p5_ctx2048,timesfm,2509,2026-04-15,1.0040487358519483,0.19338259579963052,6.830713185269244,0.05642613503332997,75.0
quake_magnitude_seq,-,timesfm_2p5_ctx2048,timesfm,2540,2026-04-16,0.835722714813676,0.19338259579963052,5.639170469103796,0.052338206042851776,87.5
quake_magnitude_seq,-,timesfm_2p5_ctx2048,timesfm,2571,2026-04-18,0.5032135043443355,0.19338259579963052,3.776487330925784,0.02799337757539661,95.83333333333334
quake_magnitude_seq,-,timesfm_2p5_ctx2048,timesfm,2601,2026-04-19,0.817520973468321,0.19338259579963052,5.749930076247711,0.04657412983927248,70.83333333333334
quake_magnitude_seq,-,timesfm_2p5_ctx2048,timesfm,2632,2026-04-20,0.8258147312793873,0.19338259579963052,5.901598016205237,0.044717137279406266,75.0
quake_magnitude_seq,-,chronos_2_ctx2048,chronos,2048,2026-03-27,0.6348959286017821,0.02146637289552018,4.671357433659792,0.0341867957443947,75.0
quake_magnitude_seq,-,chronos_2_ctx2048,chronos,2079,2026-03-28,0.7532994129413945,0.02146637289552018,5.341603003609267,0.04300930807531473,66.66666666666666
quake_magnitude_seq,-,chronos_2_ctx2048,chronos,2109,2026-03-29,0.6308213934885204,0.02146637289552018,4.654853789414041,0.035134977624389725,54.166666666666664
quake_magnitude_seq,-,chronos_2_ctx2048,chronos,2140,2026-03-31,0.6326415479006865,0.02146637289552018,4.696031655434724,0.03385054460546202,62.5
quake_magnitude_seq,-,chronos_2_ctx2048,chronos,2171,2026-04-01,0.5844325069305899,0.02146637289552018,4.030467377642247,0.03745727587018273,70.83333333333334
quake_magnitude_seq,-,chronos_2_ctx2048,chronos,2202,2026-04-02,0.7587706467102044,0.02146637289552018,5.220626283985765,0.04337322506156489,62.5
quake_magnitude_seq,-,chronos_2_ctx2048,chronos,2232,2026-04-04,0.6354516528263117,0.02146637289552018,4.267164353091028,0.04079779334790111,75.0
quake_magnitude_seq,-,chronos_2_ctx2048,chronos,2263,2026-04-05,0.8559896891356152,0.02146637289552018,5.722545946229282,0.0516400408989379,54.166666666666664
quake_magnitude_seq,-,chronos_2_ctx2048,chronos,2294,2026-04-06,0.8325699463625347,0.02146637289552018,5.863907279382934,0.047018520350862465,58.333333333333336
quake_magnitude_seq,-,chronos_2_ctx2048,chronos,2325,2026-04-07,0.46363634166434675,0.02146637289552018,3.4322367812048316,0.02858532538895402,75.0
quake_magnitude_seq,-,chronos_2_ctx2048,chronos,2355,2026-04-09,0.6656614627302617,0.02146637289552018,4.887213825749287,0.03568008501931792,58.333333333333336
quake_magnitude_seq,-,chronos_2_ctx2048,chronos,2386,2026-04-10,1.5123587255869821,0.02146637289552018,8.972972244300799,0.09103563677196942,37.5
quake_magnitude_seq,-,chronos_2_ctx2048,chronos,2417,2026-04-11,0.864703980706385,0.02146637289552018,5.846297575389681,0.05127168069839297,66.66666666666666
quake_magnitude_seq,-,chronos_2_ctx2048,chronos,2448,2026-04-13,0.9181818044875819,0.02146637289552018,6.279097385884169,0.054531324117001664,58.333333333333336
quake_magnitude_seq,-,chronos_2_ctx2048,chronos,2478,2026-04-14,0.6354643680688608,0.02146637289552018,4.662223456777133,0.035337283719018245,62.5
quake_magnitude_seq,-,chronos_2_ctx2048,chronos,2509,2026-04-15,1.0002939556487407,0.02146637289552018,6.792188861994321,0.05548603668270073,66.66666666666666
quake_magnitude_seq,-,chronos_2_ctx2048,chronos,2540,2026-04-16,0.8133445261006619,0.02146637289552018,5.447838554676056,0.05118645607818915,58.333333333333336
quake_magnitude_seq,-,chronos_2_ctx2048,chronos,2571,2026-04-18,0.49823716389714706,0.02146637289552018,3.724032117102876,0.028440862106190765,79.16666666666666
quake_magnitude_seq,-,chronos_2_ctx2048,chronos,2601,2026-04-19,0.8101061176071834,0.02146637289552018,5.6493042181397035,0.04582988900049588,66.66666666666666
quake_magnitude_seq,-,chronos_2_ctx2048,chronos,2632,2026-04-20,0.8226715901910241,0.02146637289552018,5.85298600377194,0.044338025819099874,54.166666666666664
quake_magnitude_seq,-,chronos_bolt_small,chronos,2048,2026-03-27,0.6382425560662796,0.006159516650950536,4.698944978399577,0.03472910489004039,83.33333333333334
quake_magnitude_seq,-,chronos_bolt_small,chronos,2079,2026-03-28,0.8151488599294882,0.006159516650950536,5.795635426462261,0.04520301555373023,70.83333333333334
quake_magnitude_seq,-,chronos_bolt_small,chronos,2109,2026-03-29,0.6066430123820599,0.006159516650950536,4.47171875934688,0.03571318262538652,70.83333333333334
quake_magnitude_seq,-,chronos_bolt_small,chronos,2140,2026-03-31,0.6510103844008434,0.006159516650950536,4.813976939033126,0.03478130790526294,83.33333333333334
quake_magnitude_seq,-,chronos_bolt_small,chronos,2171,2026-04-01,0.6101963749339037,0.006159516650950536,4.209592255485122,0.037438726208447695,79.16666666666666
quake_magnitude_seq,-,chronos_bolt_small,chronos,2202,2026-04-02,0.7681105860805281,0.006159516650950536,5.287096516284998,0.043748682228565,66.66666666666666
quake_magnitude_seq,-,chronos_bolt_small,chronos,2232,2026-04-04,0.6445136963043163,0.006159516650950536,4.335320256399002,0.040849356891757206,83.33333333333334
quake_magnitude_seq,-,chronos_bolt_small,chronos,2263,2026-04-05,0.8374615708919845,0.006159516650950536,5.566427114480325,0.049450380623186324,66.66666666666666
quake_magnitude_seq,-,chronos_bolt_small,chronos,2294,2026-04-06,0.815323645523681,0.006159516650950536,5.7002711195136495,0.04649212093654987,62.5
quake_magnitude_seq,-,chronos_bolt_small,chronos,2325,2026-04-07,0.48843699225260756,0.006159516650950536,3.6063670823974334,0.029878086420829075,91.66666666666666
quake_magnitude_seq,-,chronos_bolt_small,chronos,2355,2026-04-09,0.6762020713672322,0.006159516650950536,4.962384951311635,0.036251490769501314,66.66666666666666
quake_magnitude_seq,-,chronos_bolt_small,chronos,2386,2026-04-10,1.5028629415846857,0.006159516650950536,8.887738001552535,0.09035320977252839,41.66666666666667
quake_magnitude_seq,-,chronos_bolt_small,chronos,2417,2026-04-11,0.8939924907049336,0.006159516650950536,6.0421441581318955,0.05181589160011135,75.0
quake_magnitude_seq,-,chronos_bolt_small,chronos,2448,2026-04-13,0.9394111477502995,0.006159516650950536,6.413884319550965,0.05485364927636432,75.0
quake_magnitude_seq,-,chronos_bolt_small,chronos,2478,2026-04-14,0.6486723186297422,0.006159516650950536,4.746124434275878,0.03627632485819299,70.83333333333334
quake_magnitude_seq,-,chronos_bolt_small,chronos,2509,2026-04-15,1.0180413897803582,0.006159516650950536,6.90782480903212,0.05502186032388684,83.33333333333334
quake_magnitude_seq,-,chronos_bolt_small,chronos,2540,2026-04-16,0.8180720545807146,0.006159516650950536,5.483220500544177,0.05199377872142746,79.16666666666666
quake_magnitude_seq,-,chronos_bolt_small,chronos,2571,2026-04-18,0.5111773647499651,0.006159516650950536,3.818441630393058,0.029084039192620217,79.16666666666666
quake_magnitude_seq,-,chronos_bolt_small,chronos,2601,2026-04-19,0.8057169699414308,0.006159516650950536,5.598238836627597,0.045420253074621296,66.66666666666666
quake_magnitude_seq,-,chronos_bolt_small,chronos,2632,2026-04-20,0.8229313297260756,0.006159516650950536,5.836295352486069,0.044078582337256665,62.5
white_noise_synth,-,naive_last,naive,2048,2026-05-25,0.8011928932940707,1.3687473256140948e-06,,,
white_noise_synth,-,naive_last,naive,2102,2026-05-27,0.6040057088263833,1.3687473256140948e-06,,,
white_noise_synth,-,naive_last,naive,2156,2026-05-29,0.916835461078628,1.3687473256140948e-06,,,
white_noise_synth,-,naive_last,naive,2210,2026-06-01,0.8549023482096101,1.3687473256140948e-06,,,
white_noise_synth,-,naive_last,naive,2263,2026-06-03,1.4560591483416556,1.3687473256140948e-06,,,
white_noise_synth,-,naive_last,naive,2317,2026-06-05,0.5704840598690343,1.3687473256140948e-06,,,
white_noise_synth,-,naive_last,naive,2371,2026-06-07,0.6670239024686915,1.3687473256140948e-06,,,
white_noise_synth,-,naive_last,naive,2425,2026-06-10,1.177446357980949,1.3687473256140948e-06,,,
white_noise_synth,-,naive_last,naive,2479,2026-06-12,0.7455880621325738,1.3687473256140948e-06,,,
white_noise_synth,-,naive_last,naive,2533,2026-06-14,1.324852570131989,1.3687473256140948e-06,,,
white_noise_synth,-,naive_last,naive,2586,2026-06-16,0.8195224001440271,1.3687473256140948e-06,,,
white_noise_synth,-,naive_last,naive,2640,2026-06-19,0.6185064145507569,1.3687473256140948e-06,,,
white_noise_synth,-,naive_last,naive,2694,2026-06-21,0.9815809028595497,1.3687473256140948e-06,,,
white_noise_synth,-,naive_last,naive,2748,2026-06-23,0.6258946766244303,1.3687473256140948e-06,,,
white_noise_synth,-,naive_last,naive,2802,2026-06-25,1.2171359455126076,1.3687473256140948e-06,,,
white_noise_synth,-,naive_last,naive,2856,2026-06-28,0.7304465688377958,1.3687473256140948e-06,,,
white_noise_synth,-,naive_last,naive,2909,2026-06-30,1.0506526761712267,1.3687473256140948e-06,,,
white_noise_synth,-,naive_last,naive,2963,2026-07-02,0.7946565777442298,1.3687473256140948e-06,,,
white_noise_synth,-,naive_last,naive,3017,2026-07-04,1.4498398639109606,1.3687473256140948e-06,,,
white_noise_synth,-,naive_last,naive,3071,2026-07-06,0.7759846339046693,1.3687473256140948e-06,,,
white_noise_synth,-,naive_mean,naive,2048,2026-05-25,0.6658615826337186,3.3333490137010813e-06,,,
white_noise_synth,-,naive_mean,naive,2102,2026-05-27,0.5983979823776019,3.3333490137010813e-06,,,
white_noise_synth,-,naive_mean,naive,2156,2026-05-29,0.7136985202008238,3.3333490137010813e-06,,,
white_noise_synth,-,naive_mean,naive,2210,2026-06-01,0.8249404847362126,3.3333490137010813e-06,,,
white_noise_synth,-,naive_mean,naive,2263,2026-06-03,0.5575633494883727,3.3333490137010813e-06,,,
white_noise_synth,-,naive_mean,naive,2317,2026-06-05,0.5096666303390641,3.3333490137010813e-06,,,
white_noise_synth,-,naive_mean,naive,2371,2026-06-07,0.5702383354295779,3.3333490137010813e-06,,,
white_noise_synth,-,naive_mean,naive,2425,2026-06-10,0.6185670411494283,3.3333490137010813e-06,,,
white_noise_synth,-,naive_mean,naive,2479,2026-06-12,0.5983314298135329,3.3333490137010813e-06,,,
white_noise_synth,-,naive_mean,naive,2533,2026-06-14,0.5882547891961541,3.3333490137010813e-06,,,
white_noise_synth,-,naive_mean,naive,2586,2026-06-16,0.6893089147254676,3.3333490137010813e-06,,,
white_noise_synth,-,naive_mean,naive,2640,2026-06-19,0.7746743789035552,3.3333490137010813e-06,,,
white_noise_synth,-,naive_mean,naive,2694,2026-06-21,0.8220788322125444,3.3333490137010813e-06,,,
white_noise_synth,-,naive_mean,naive,2748,2026-06-23,0.6114900050189634,3.3333490137010813e-06,,,
white_noise_synth,-,naive_mean,naive,2802,2026-06-25,0.7446487513764107,3.3333490137010813e-06,,,
white_noise_synth,-,naive_mean,naive,2856,2026-06-28,0.7496371094838264,3.3333490137010813e-06,,,
white_noise_synth,-,naive_mean,naive,2909,2026-06-30,0.6452727594392151,3.3333490137010813e-06,,,
white_noise_synth,-,naive_mean,naive,2963,2026-07-02,0.733391121493957,3.3333490137010813e-06,,,
white_noise_synth,-,naive_mean,naive,3017,2026-07-04,0.6364618384445034,3.3333490137010813e-06,,,
white_noise_synth,-,naive_mean,naive,3071,2026-07-06,0.7787224800197267,3.3333490137010813e-06,,,
white_noise_synth,-,seasonal_naive,naive,2048,2026-05-25,0.9294949946847771,1.956248888745904e-06,,,
white_noise_synth,-,seasonal_naive,naive,2102,2026-05-27,1.0298492765488363,1.956248888745904e-06,,,
white_noise_synth,-,seasonal_naive,naive,2156,2026-05-29,1.053894404955653,1.956248888745904e-06,,,
white_noise_synth,-,seasonal_naive,naive,2210,2026-06-01,1.2661073935012024,1.956248888745904e-06,,,
white_noise_synth,-,seasonal_naive,naive,2263,2026-06-03,0.9452020591919084,1.956248888745904e-06,,,
white_noise_synth,-,seasonal_naive,naive,2317,2026-06-05,1.0205953308510118,1.956248888745904e-06,,,
white_noise_synth,-,seasonal_naive,naive,2371,2026-06-07,0.9603777711845961,1.956248888745904e-06,,,
white_noise_synth,-,seasonal_naive,naive,2425,2026-06-10,0.9877868654304438,1.956248888745904e-06,,,
white_noise_synth,-,seasonal_naive,naive,2479,2026-06-12,1.0048346825995287,1.956248888745904e-06,,,
white_noise_synth,-,seasonal_naive,naive,2533,2026-06-14,1.256446319645586,1.956248888745904e-06,,,
white_noise_synth,-,seasonal_naive,naive,2586,2026-06-16,1.166698121295277,1.956248888745904e-06,,,
white_noise_synth,-,seasonal_naive,naive,2640,2026-06-19,0.8773531330957357,1.956248888745904e-06,,,
white_noise_synth,-,seasonal_naive,naive,2694,2026-06-21,1.0382717215603277,1.956248888745904e-06,,,
white_noise_synth,-,seasonal_naive,naive,2748,2026-06-23,0.8827274177845204,1.956248888745904e-06,,,
white_noise_synth,-,seasonal_naive,naive,2802,2026-06-25,1.1608188767290015,1.956248888745904e-06,,,
white_noise_synth,-,seasonal_naive,naive,2856,2026-06-28,0.8351324123946504,1.956248888745904e-06,,,
white_noise_synth,-,seasonal_naive,naive,2909,2026-06-30,0.8536641123909877,1.956248888745904e-06,,,
white_noise_synth,-,seasonal_naive,naive,2963,2026-07-02,0.8794194515456341,1.956248888745904e-06,,,
white_noise_synth,-,seasonal_naive,naive,3017,2026-07-04,0.9432520124287576,1.956248888745904e-06,,,
white_noise_synth,-,seasonal_naive,naive,3071,2026-07-06,1.1354716565622351,1.956248888745904e-06,,,
white_noise_synth,-,seasonal_profile,naive,2048,2026-05-25,0.8396892804735159,1.58708484377712e-05,,,
white_noise_synth,-,seasonal_profile,naive,2102,2026-05-27,0.7476619681289308,1.58708484377712e-05,,,
white_noise_synth,-,seasonal_profile,naive,2156,2026-05-29,0.9422861538357329,1.58708484377712e-05,,,
white_noise_synth,-,seasonal_profile,naive,2210,2026-06-01,0.9229010485078009,1.58708484377712e-05,,,
white_noise_synth,-,seasonal_profile,naive,2263,2026-06-03,0.6427592988586609,1.58708484377712e-05,,,
white_noise_synth,-,seasonal_profile,naive,2317,2026-06-05,0.7216265709149691,1.58708484377712e-05,,,
white_noise_synth,-,seasonal_profile,naive,2371,2026-06-07,0.6276927920198125,1.58708484377712e-05,,,
white_noise_synth,-,seasonal_profile,naive,2425,2026-06-10,0.600771616435182,1.58708484377712e-05,,,
white_noise_synth,-,seasonal_profile,naive,2479,2026-06-12,0.7647166273517694,1.58708484377712e-05,,,
white_noise_synth,-,seasonal_profile,naive,2533,2026-06-14,0.7658095213941117,1.58708484377712e-05,,,
white_noise_synth,-,seasonal_profile,naive,2586,2026-06-16,0.8234625211561175,1.58708484377712e-05,,,
white_noise_synth,-,seasonal_profile,naive,2640,2026-06-19,0.7520030418451509,1.58708484377712e-05,,,
white_noise_synth,-,seasonal_profile,naive,2694,2026-06-21,0.7460137723701327,1.58708484377712e-05,,,
white_noise_synth,-,seasonal_profile,naive,2748,2026-06-23,0.5675624277478372,1.58708484377712e-05,,,
white_noise_synth,-,seasonal_profile,naive,2802,2026-06-25,0.9314272106193496,1.58708484377712e-05,,,
white_noise_synth,-,seasonal_profile,naive,2856,2026-06-28,0.8068401969167648,1.58708484377712e-05,,,
white_noise_synth,-,seasonal_profile,naive,2909,2026-06-30,0.7527066426940291,1.58708484377712e-05,,,
white_noise_synth,-,seasonal_profile,naive,2963,2026-07-02,0.8853025729356682,1.58708484377712e-05,,,
white_noise_synth,-,seasonal_profile,naive,3017,2026-07-04,0.768159242026255,1.58708484377712e-05,,,
white_noise_synth,-,seasonal_profile,naive,3071,2026-07-06,0.8071776897446249,1.58708484377712e-05,,,
white_noise_synth,-,autoets,statistical,2048,2026-05-25,0.6614246382182782,0.17804133335012012,,0.7914936134501223,75.0
white_noise_synth,-,autoets,statistical,2102,2026-05-27,0.5898020379842878,0.17804133335012012,,0.7622438515544938,91.66666666666666
white_noise_synth,-,autoets,statistical,2156,2026-05-29,0.7250561185488933,0.17804133335012012,,0.7646414935470874,75.0
white_noise_synth,-,autoets,statistical,2210,2026-06-01,0.82285447832718,0.17804133335012012,,0.7705872448924908,70.83333333333334
white_noise_synth,-,autoets,statistical,2263,2026-06-03,0.557657876517632,0.17804133335012012,,0.7873223238994459,91.66666666666666
white_noise_synth,-,autoets,statistical,2317,2026-06-05,0.5131845259411407,0.17804133335012012,,0.7921161430603829,91.66666666666666
white_noise_synth,-,autoets,statistical,2371,2026-06-07,0.5702383354295778,0.17804133335012012,,0.7745400879503562,87.5
white_noise_synth,-,autoets,statistical,2425,2026-06-10,0.6163683723778112,0.17804133335012012,,0.8012212286756645,83.33333333333334
white_noise_synth,-,autoets,statistical,2479,2026-06-12,0.5887700375033641,0.17804133335012012,,0.8340807297934439,87.5
white_noise_synth,-,autoets,statistical,2533,2026-06-14,0.5860341575231502,0.17804133335012012,,0.7400063081216706,91.66666666666666
white_noise_synth,-,autoets,statistical,2586,2026-06-16,0.6893089147254677,0.17804133335012012,,0.7366718069583985,83.33333333333334
white_noise_synth,-,autoets,statistical,2640,2026-06-19,0.7563053321215806,0.17804133335012012,,0.7325418850230584,75.0
white_noise_synth,-,autoets,statistical,2694,2026-06-21,0.8250398173154027,0.17804133335012012,,0.7442544578551024,79.16666666666666
white_noise_synth,-,autoets,statistical,2748,2026-06-23,0.616289899784557,0.17804133335012012,,0.7834501665291214,87.5
white_noise_synth,-,autoets,statistical,2802,2026-06-25,0.7548762414995785,0.17804133335012012,,0.7660765692747514,83.33333333333334
white_noise_synth,-,autoets,statistical,2856,2026-06-28,0.7457410851153186,0.17804133335012012,,0.7573903772600412,79.16666666666666
white_noise_synth,-,autoets,statistical,2909,2026-06-30,0.6452727594392151,0.17804133335012012,,0.7537170672273068,83.33333333333334
white_noise_synth,-,autoets,statistical,2963,2026-07-02,0.7314035072189992,0.17804133335012012,,0.775159222632908,75.0
white_noise_synth,-,autoets,statistical,3017,2026-07-04,0.6355702432139535,0.17804133335012012,,0.8209775157513679,79.16666666666666
white_noise_synth,-,autoets,statistical,3071,2026-07-06,0.7776494566287016,0.17804133335012012,,0.809693024602427,75.0
white_noise_synth,-,autotheta,statistical,2048,2026-05-25,0.6863564631368149,0.22356558335013688,,0.8327523130952147,79.16666666666666
white_noise_synth,-,autotheta,statistical,2102,2026-05-27,0.5713945974357726,0.22356558335013688,,0.7593906946070504,91.66666666666666
white_noise_synth,-,autotheta,statistical,2156,2026-05-29,0.848991787772454,0.22356558335013688,,0.8620884819858455,75.0
white_noise_synth,-,autotheta,statistical,2210,2026-06-01,0.8457086260549815,0.22356558335013688,,0.8060190097368857,70.83333333333334
white_noise_synth,-,autotheta,statistical,2263,2026-06-03,0.5610522610048814,0.22356558335013688,,0.8235201622917866,87.5
white_noise_synth,-,autotheta,statistical,2317,2026-06-05,0.5131682898325358,0.22356558335013688,,0.8854493468993961,91.66666666666666
white_noise_synth,-,autotheta,statistical,2371,2026-06-07,0.5702214209844563,0.22356558335013688,,0.795878185070931,87.5
white_noise_synth,-,autotheta,statistical,2425,2026-06-10,0.6173003645410254,0.22356558335013688,,0.8264186457413133,87.5
white_noise_synth,-,autotheta,statistical,2479,2026-06-12,0.695588532213193,0.22356558335013688,,0.9300853459849646,83.33333333333334
white_noise_synth,-,autotheta,statistical,2533,2026-06-14,0.5935009324884962,0.22356558335013688,,0.7601040806013806,95.83333333333334
white_noise_synth,-,autotheta,statistical,2586,2026-06-16,0.70848705189131,0.22356558335013688,,0.7767734014652758,70.83333333333334
white_noise_synth,-,autotheta,statistical,2640,2026-06-19,0.6869392629626391,0.22356558335013688,,0.7264376255862844,66.66666666666666
white_noise_synth,-,autotheta,statistical,2694,2026-06-21,0.796828607316183,0.22356558335013688,,0.7339376058828156,79.16666666666666
white_noise_synth,-,autotheta,statistical,2748,2026-06-23,0.6050810119683175,0.22356558335013688,,0.7711894658185199,87.5
white_noise_synth,-,autotheta,statistical,2802,2026-06-25,0.8330857960418043,0.22356558335013688,,0.7949732501705261,87.5
white_noise_synth,-,autotheta,statistical,2856,2026-06-28,0.7726461068692523,0.22356558335013688,,0.7731598425446066,83.33333333333334
white_noise_synth,-,autotheta,statistical,2909,2026-06-30,0.6482577471539495,0.22356558335013688,,0.7635801325684184,91.66666666666666
white_noise_synth,-,autotheta,statistical,2963,2026-07-02,0.7263315513965973,0.22356558335013688,,0.7835789595439839,70.83333333333334
white_noise_synth,-,autotheta,statistical,3017,2026-07-04,0.6623163832495477,0.22356558335013688,,0.8664173043993516,83.33333333333334
white_noise_synth,-,autotheta,statistical,3071,2026-07-06,0.8007884985220927,0.22356558335013688,,0.8162910643567585,79.16666666666666
white_noise_synth,-,gbdt_calendar,ml,2048,2026-05-25,0.8188929569685297,0.9784457020519767,,,
white_noise_synth,-,gbdt_calendar,ml,2102,2026-05-27,0.653221582727142,0.9784457020519767,,,
white_noise_synth,-,gbdt_calendar,ml,2156,2026-05-29,0.7391183232811166,0.9784457020519767,,,
white_noise_synth,-,gbdt_calendar,ml,2210,2026-06-01,0.7120444585915838,0.9784457020519767,,,
white_noise_synth,-,gbdt_calendar,ml,2263,2026-06-03,0.630240071947159,0.9784457020519767,,,
white_noise_synth,-,gbdt_calendar,ml,2317,2026-06-05,0.5882878066549233,0.9784457020519767,,,
white_noise_synth,-,gbdt_calendar,ml,2371,2026-06-07,0.6451680488294683,0.9784457020519767,,,
white_noise_synth,-,gbdt_calendar,ml,2425,2026-06-10,0.5949737483034727,0.9784457020519767,,,
white_noise_synth,-,gbdt_calendar,ml,2479,2026-06-12,0.7624103102796612,0.9784457020519767,,,
white_noise_synth,-,gbdt_calendar,ml,2533,2026-06-14,0.6825037910840414,0.9784457020519767,,,
white_noise_synth,-,gbdt_calendar,ml,2586,2026-06-16,0.7233018344899932,0.9784457020519767,,,
white_noise_synth,-,gbdt_calendar,ml,2640,2026-06-19,0.8225122881471894,0.9784457020519767,,,
white_noise_synth,-,gbdt_calendar,ml,2694,2026-06-21,0.743270954594003,0.9784457020519767,,,
white_noise_synth,-,gbdt_calendar,ml,2748,2026-06-23,0.667743786577935,0.9784457020519767,,,
white_noise_synth,-,gbdt_calendar,ml,2802,2026-06-25,0.8457063407645189,0.9784457020519767,,,
white_noise_synth,-,gbdt_calendar,ml,2856,2026-06-28,0.8066281322134543,0.9784457020519767,,,
white_noise_synth,-,gbdt_calendar,ml,2909,2026-06-30,0.7305792675007229,0.9784457020519767,,,
white_noise_synth,-,gbdt_calendar,ml,2963,2026-07-02,0.7324672810143487,0.9784457020519767,,,
white_noise_synth,-,gbdt_calendar,ml,3017,2026-07-04,0.6777813566263385,0.9784457020519767,,,
white_noise_synth,-,gbdt_calendar,ml,3071,2026-07-06,0.8014326136184065,0.9784457020519767,,,
white_noise_synth,-,timesfm_2p5_ctx2048,timesfm,2048,2026-05-25,0.664499638812473,0.1926673062494956,,0.7932504962276301,75.0
white_noise_synth,-,timesfm_2p5_ctx2048,timesfm,2102,2026-05-27,0.5926167333162087,0.1926673062494956,,0.7651576289325845,91.66666666666666
white_noise_synth,-,timesfm_2p5_ctx2048,timesfm,2156,2026-05-29,0.7217438728143111,0.1926673062494956,,0.7621572592890056,75.0
white_noise_synth,-,timesfm_2p5_ctx2048,timesfm,2210,2026-06-01,0.8237744791628239,0.1926673062494956,,0.7715371030140173,70.83333333333334
white_noise_synth,-,timesfm_2p5_ctx2048,timesfm,2263,2026-06-03,0.557581011782855,0.1926673062494956,,0.7890259767748067,91.66666666666666
white_noise_synth,-,timesfm_2p5_ctx2048,timesfm,2317,2026-06-05,0.5132561289797067,0.1926673062494956,,0.7955529129581917,91.66666666666666
white_noise_synth,-,timesfm_2p5_ctx2048,timesfm,2371,2026-06-07,0.5710613650247034,0.1926673062494956,,0.7771638795000423,83.33333333333334
white_noise_synth,-,timesfm_2p5_ctx2048,timesfm,2425,2026-06-10,0.6182115031530361,0.1926673062494956,,0.8029398404208284,83.33333333333334
white_noise_synth,-,timesfm_2p5_ctx2048,timesfm,2479,2026-06-12,0.5940541570809487,0.1926673062494956,,0.8368739433754016,87.5
white_noise_synth,-,timesfm_2p5_ctx2048,timesfm,2533,2026-06-14,0.5865722257657189,0.1926673062494956,,0.7408305589406577,91.66666666666666
white_noise_synth,-,timesfm_2p5_ctx2048,timesfm,2586,2026-06-16,0.6890727867347464,0.1926673062494956,,0.735665079998798,83.33333333333334
white_noise_synth,-,timesfm_2p5_ctx2048,timesfm,2640,2026-06-19,0.7584169997665969,0.1926673062494956,,0.7339372432226858,75.0
white_noise_synth,-,timesfm_2p5_ctx2048,timesfm,2694,2026-06-21,0.8249596163514609,0.1926673062494956,,0.7449572382890322,79.16666666666666
white_noise_synth,-,timesfm_2p5_ctx2048,timesfm,2748,2026-06-23,0.6150680149264076,0.1926673062494956,,0.7810216484334273,87.5
white_noise_synth,-,timesfm_2p5_ctx2048,timesfm,2802,2026-06-25,0.7567966608727218,0.1926673062494956,,0.7669787082525209,83.33333333333334
white_noise_synth,-,timesfm_2p5_ctx2048,timesfm,2856,2026-06-28,0.7452636020999639,0.1926673062494956,,0.7578000622241546,79.16666666666666
white_noise_synth,-,timesfm_2p5_ctx2048,timesfm,2909,2026-06-30,0.645606799203679,0.1926673062494956,,0.7536656889873435,87.5
white_noise_synth,-,timesfm_2p5_ctx2048,timesfm,2963,2026-07-02,0.7303064531867135,0.1926673062494956,,0.7742582125539619,75.0
white_noise_synth,-,timesfm_2p5_ctx2048,timesfm,3017,2026-07-04,0.636524499676915,0.1926673062494956,,0.822075944899203,79.16666666666666
white_noise_synth,-,timesfm_2p5_ctx2048,timesfm,3071,2026-07-06,0.7760621463421523,0.1926673062494956,,0.8083326358592281,75.0
white_noise_synth,-,chronos_2_ctx2048,chronos,2048,2026-05-25,0.6617256467741038,0.02088314374559559,,0.7858894084396619,75.0
white_noise_synth,-,chronos_2_ctx2048,chronos,2102,2026-05-27,0.5873338425049649,0.02088314374559559,,0.7600306069014371,91.66666666666666
white_noise_synth,-,chronos_2_ctx2048,chronos,2156,2026-05-29,0.7214601381995521,0.02088314374559559,,0.7621331910493391,75.0
white_noise_synth,-,chronos_2_ctx2048,chronos,2210,2026-06-01,0.8401926930894489,0.02088314374559559,,0.7840962130652496,75.0
white_noise_synth,-,chronos_2_ctx2048,chronos,2263,2026-06-03,0.5602303420668907,0.02088314374559559,,0.7943217376800927,91.66666666666666
white_noise_synth,-,chronos_2_ctx2048,chronos,2317,2026-06-05,0.5080786106033869,0.02088314374559559,,0.7898703599077945,91.66666666666666
white_noise_synth,-,chronos_2_ctx2048,chronos,2371,2026-06-07,0.5743760232353554,0.02088314374559559,,0.776901409900671,83.33333333333334
white_noise_synth,-,chronos_2_ctx2048,chronos,2425,2026-06-10,0.6040840796568803,0.02088314374559559,,0.7867952002769311,83.33333333333334
white_noise_synth,-,chronos_2_ctx2048,chronos,2479,2026-06-12,0.5522659199880747,0.02088314374559559,,0.8002258976863742,87.5
white_noise_synth,-,chronos_2_ctx2048,chronos,2533,2026-06-14,0.5916169118313305,0.02088314374559559,,0.75294436374132,91.66666666666666
white_noise_synth,-,chronos_2_ctx2048,chronos,2586,2026-06-16,0.6906430777477349,0.02088314374559559,,0.7344607140058239,83.33333333333334
white_noise_synth,-,chronos_2_ctx2048,chronos,2640,2026-06-19,0.7911283581707994,0.02088314374559559,,0.7597659575488891,70.83333333333334
white_noise_synth,-,chronos_2_ctx2048,chronos,2694,2026-06-21,0.8215501441832016,0.02088314374559559,,0.7423572588129371,79.16666666666666
white_noise_synth,-,chronos_2_ctx2048,chronos,2748,2026-06-23,0.6067815258207696,0.02088314374559559,,0.769255935138032,87.5
white_noise_synth,-,chronos_2_ctx2048,chronos,2802,2026-06-25,0.756899738366203,0.02088314374559559,,0.7699027289016636,83.33333333333334
white_noise_synth,-,chronos_2_ctx2048,chronos,2856,2026-06-28,0.7464013533742275,0.02088314374559559,,0.7600332723849366,79.16666666666666
white_noise_synth,-,chronos_2_ctx2048,chronos,2909,2026-06-30,0.646613444946686,0.02088314374559559,,0.75443724772367,87.5
white_noise_synth,-,chronos_2_ctx2048,chronos,2963,2026-07-02,0.7288022937313267,0.02088314374559559,,0.7717678549571872,75.0
white_noise_synth,-,chronos_2_ctx2048,chronos,3017,2026-07-04,0.6385730893731931,0.02088314374559559,,0.8234991377903579,79.16666666666666
white_noise_synth,-,chronos_2_ctx2048,chronos,3071,2026-07-06,0.7789347202760598,0.02088314374559559,,0.8120642827042032,75.0
white_noise_synth,-,chronos_bolt_small,chronos,2048,2026-05-25,0.6690208263617364,0.0063839291979093105,,0.8036470685240032,75.0
white_noise_synth,-,chronos_bolt_small,chronos,2102,2026-05-27,0.5923325200508024,0.0063839291979093105,,0.7668962356834499,91.66666666666666
white_noise_synth,-,chronos_bolt_small,chronos,2156,2026-05-29,0.7244688097367471,0.0063839291979093105,,0.7653997274452524,75.0
white_noise_synth,-,chronos_bolt_small,chronos,2210,2026-06-01,0.8318714081199579,0.0063839291979093105,,0.7769103774025208,70.83333333333334
white_noise_synth,-,chronos_bolt_small,chronos,2263,2026-06-03,0.5561056401014655,0.0063839291979093105,,0.7874953204631674,91.66666666666666
white_noise_synth,-,chronos_bolt_small,chronos,2317,2026-06-05,0.5007121953162632,0.0063839291979093105,,0.780578057485961,91.66666666666666
white_noise_synth,-,chronos_bolt_small,chronos,2371,2026-06-07,0.5813932706053452,0.0063839291979093105,,0.7910835833544311,83.33333333333334
white_noise_synth,-,chronos_bolt_small,chronos,2425,2026-06-10,0.6100317944929083,0.0063839291979093105,,0.7870002400657378,83.33333333333334
white_noise_synth,-,chronos_bolt_small,chronos,2479,2026-06-12,0.5774910135608343,0.0063839291979093105,,0.8178234415135441,87.5
white_noise_synth,-,chronos_bolt_small,chronos,2533,2026-06-14,0.5783209352036811,0.0063839291979093105,,0.7398130905444684,95.83333333333334
white_noise_synth,-,chronos_bolt_small,chronos,2586,2026-06-16,0.6909314172802962,0.0063839291979093105,,0.7394727265147305,79.16666666666666
white_noise_synth,-,chronos_bolt_small,chronos,2640,2026-06-19,0.7673345724115154,0.0063839291979093105,,0.7395551883681244,75.0
white_noise_synth,-,chronos_bolt_small,chronos,2694,2026-06-21,0.829859609973469,0.0063839291979093105,,0.7540239782893733,79.16666666666666
white_noise_synth,-,chronos_bolt_small,chronos,2748,2026-06-23,0.6079275954732503,0.0063839291979093105,,0.7733682393608984,87.5
white_noise_synth,-,chronos_bolt_small,chronos,2802,2026-06-25,0.7689077030021704,0.0063839291979093105,,0.7769030611725186,83.33333333333334
white_noise_synth,-,chronos_bolt_small,chronos,2856,2026-06-28,0.7523393684975012,0.0063839291979093105,,0.7645533526826178,79.16666666666666
white_noise_synth,-,chronos_bolt_small,chronos,2909,2026-06-30,0.6423661674471886,0.0063839291979093105,,0.7512257284027823,91.66666666666666
white_noise_synth,-,chronos_bolt_small,chronos,2963,2026-07-02,0.7219894101527915,0.0063839291979093105,,0.769377764102141,75.0
white_noise_synth,-,chronos_bolt_small,chronos,3017,2026-07-04,0.6376546906555186,0.0063839291979093105,,0.821632413621914,79.16666666666666
white_noise_synth,-,chronos_bolt_small,chronos,3071,2026-07-06,0.7792116146069018,0.0063839291979093105,,0.8124645228216905,79.16666666666666
boom_telemetry_5t,ds-139-5T/v003,naive_last,naive,2048,2024-06-08,0.0,1.3792014215141535e-06,,,
boom_telemetry_5t,ds-139-5T/v003,naive_last,naive,2150,2024-06-08,0.0,1.3792014215141535e-06,,,
boom_telemetry_5t,ds-139-5T/v003,naive_last,naive,2252,2024-06-08,0.08403656817556972,1.3792014215141535e-06,,,
boom_telemetry_5t,ds-139-5T/v003,naive_last,naive,2354,2024-06-09,0.0,1.3792014215141535e-06,,,
boom_telemetry_5t,ds-139-5T/v003,naive_last,naive,2455,2024-06-09,0.18818820997955046,1.3792014215141535e-06,,,
boom_telemetry_5t,ds-139-5T/v003,naive_last,naive,2557,2024-06-09,0.25460818067316693,1.3792014215141535e-06,,,
boom_telemetry_5t,ds-139-5T/v003,naive_last,naive,2659,2024-06-10,0.017737230269474123,1.3792014215141535e-06,,,
boom_telemetry_5t,ds-139-5T/v003,naive_last,naive,2761,2024-06-10,0.36669492508479,1.3792014215141535e-06,,,
boom_telemetry_5t,ds-139-5T/v003,naive_last,naive,2863,2024-06-10,0.009267012136368036,1.3792014215141535e-06,,,
boom_telemetry_5t,ds-139-5T/v003,naive_last,naive,2965,2024-06-11,0.0,1.3792014215141535e-06,,,
boom_telemetry_5t,ds-139-5T/v003,naive_last,naive,3066,2024-06-11,0.10460958819559797,1.3792014215141535e-06,,,
boom_telemetry_5t,ds-139-5T/v003,naive_last,naive,3168,2024-06-12,0.031542718172972335,1.3792014215141535e-06,,,
boom_telemetry_5t,ds-139-5T/v003,naive_last,naive,3270,2024-06-12,0.40651017338303674,1.3792014215141535e-06,,,
boom_telemetry_5t,ds-139-5T/v003,naive_last,naive,3372,2024-06-12,0.2813714944446442,1.3792014215141535e-06,,,
boom_telemetry_5t,ds-139-5T/v003,naive_last,naive,3474,2024-06-13,0.0,1.3792014215141535e-06,,,
boom_telemetry_5t,ds-139-5T/v003,naive_last,naive,3576,2024-06-13,0.5751541216112831,1.3792014215141535e-06,,,
boom_telemetry_5t,ds-139-5T/v003,naive_last,naive,3677,2024-06-13,0.11260685032454748,1.3792014215141535e-06,,,
boom_telemetry_5t,ds-139-5T/v003,naive_last,naive,3779,2024-06-14,0.0,1.3792014215141535e-06,,,
boom_telemetry_5t,ds-139-5T/v003,naive_last,naive,3881,2024-06-14,0.0,1.3792014215141535e-06,,,
boom_telemetry_5t,ds-139-5T/v003,naive_last,naive,3983,2024-06-14,0.16210348522958462,1.3792014215141535e-06,,,
boom_telemetry_5t,ds-139-5T/v003,naive_mean,naive,2048,2024-06-08,0.23532247236585888,3.4958531614392998e-06,,,
boom_telemetry_5t,ds-139-5T/v003,naive_mean,naive,2150,2024-06-08,0.22415833646757152,3.4958531614392998e-06,,,
boom_telemetry_5t,ds-139-5T/v003,naive_mean,naive,2252,2024-06-08,0.21065855736662198,3.4958531614392998e-06,,,
boom_telemetry_5t,ds-139-5T/v003,naive_mean,naive,2354,2024-06-09,0.21083690269247152,3.4958531614392998e-06,,,
boom_telemetry_5t,ds-139-5T/v003,naive_mean,naive,2455,2024-06-09,0.1959509532630543,3.4958531614392998e-06,,,
boom_telemetry_5t,ds-139-5T/v003,naive_mean,naive,2557,2024-06-09,0.6785407547880548,3.4958531614392998e-06,,,
boom_telemetry_5t,ds-139-5T/v003,naive_mean,naive,2659,2024-06-10,0.8155939052837552,3.4958531614392998e-06,,,
boom_telemetry_5t,ds-139-5T/v003,naive_mean,naive,2761,2024-06-10,0.9548721665683966,3.4958531614392998e-06,,,
boom_telemetry_5t,ds-139-5T/v003,naive_mean,naive,2863,2024-06-10,1.3388307323155497,3.4958531614392998e-06,,,
boom_telemetry_5t,ds-139-5T/v003,naive_mean,naive,2965,2024-06-11,1.3866483149463955,3.4958531614392998e-06,,,
boom_telemetry_5t,ds-139-5T/v003,naive_mean,naive,3066,2024-06-11,1.931027829674481,3.4958531614392998e-06,,,
boom_telemetry_5t,ds-139-5T/v003,naive_mean,naive,3168,2024-06-12,0.6324424222644403,3.4958531614392998e-06,,,
boom_telemetry_5t,ds-139-5T/v003,naive_mean,naive,3270,2024-06-12,0.4850703911260653,3.4958531614392998e-06,,,
boom_telemetry_5t,ds-139-5T/v003,naive_mean,naive,3372,2024-06-12,0.6560209820237909,3.4958531614392998e-06,,,
boom_telemetry_5t,ds-139-5T/v003,naive_mean,naive,3474,2024-06-13,0.3402814181460348,3.4958531614392998e-06,,,
boom_telemetry_5t,ds-139-5T/v003,naive_mean,naive,3576,2024-06-13,0.8937139634591555,3.4958531614392998e-06,,,
boom_telemetry_5t,ds-139-5T/v003,naive_mean,naive,3677,2024-06-13,1.1304636712320053,3.4958531614392998e-06,,,
boom_telemetry_5t,ds-139-5T/v003,naive_mean,naive,3779,2024-06-14,1.9946716369693842,3.4958531614392998e-06,,,
boom_telemetry_5t,ds-139-5T/v003,naive_mean,naive,3881,2024-06-14,1.7616456228078097,3.4958531614392998e-06,,,
boom_telemetry_5t,ds-139-5T/v003,naive_mean,naive,3983,2024-06-14,1.6528798471970394,3.4958531614392998e-06,,,
boom_telemetry_5t,ds-139-5T/v003,seasonal_naive,naive,2048,2024-06-08,0.0,1.9708008039742707e-06,,,
boom_telemetry_5t,ds-139-5T/v003,seasonal_naive,naive,2150,2024-06-08,0.0,1.9708008039742707e-06,,,
boom_telemetry_5t,ds-139-5T/v003,seasonal_naive,naive,2252,2024-06-08,0.005485969543923421,1.9708008039742707e-06,,,
boom_telemetry_5t,ds-139-5T/v003,seasonal_naive,naive,2354,2024-06-09,0.0,1.9708008039742707e-06,,,
boom_telemetry_5t,ds-139-5T/v003,seasonal_naive,naive,2455,2024-06-09,0.2945748940059933,1.9708008039742707e-06,,,
boom_telemetry_5t,ds-139-5T/v003,seasonal_naive,naive,2557,2024-06-09,0.9018426078207299,1.9708008039742707e-06,,,
boom_telemetry_5t,ds-139-5T/v003,seasonal_naive,naive,2659,2024-06-10,1.0931293767529178,1.9708008039742707e-06,,,
boom_telemetry_5t,ds-139-5T/v003,seasonal_naive,naive,2761,2024-06-10,0.8856222913261714,1.9708008039742707e-06,,,
boom_telemetry_5t,ds-139-5T/v003,seasonal_naive,naive,2863,2024-06-10,0.2987036921625367,1.9708008039742707e-06,,,
boom_telemetry_5t,ds-139-5T/v003,seasonal_naive,naive,2965,2024-06-11,0.30530541248405385,1.9708008039742707e-06,,,
boom_telemetry_5t,ds-139-5T/v003,seasonal_naive,naive,3066,2024-06-11,3.127744575702693,1.9708008039742707e-06,,,
boom_telemetry_5t,ds-139-5T/v003,seasonal_naive,naive,3168,2024-06-12,2.1801647092754193,1.9708008039742707e-06,,,
boom_telemetry_5t,ds-139-5T/v003,seasonal_naive,naive,3270,2024-06-12,1.7597857275973356,1.9708008039742707e-06,,,
boom_telemetry_5t,ds-139-5T/v003,seasonal_naive,naive,3372,2024-06-12,2.714518786066565,1.9708008039742707e-06,,,
boom_telemetry_5t,ds-139-5T/v003,seasonal_naive,naive,3474,2024-06-13,0.9762405474950742,1.9708008039742707e-06,,,
boom_telemetry_5t,ds-139-5T/v003,seasonal_naive,naive,3576,2024-06-13,0.7368466834470625,1.9708008039742707e-06,,,
boom_telemetry_5t,ds-139-5T/v003,seasonal_naive,naive,3677,2024-06-13,0.5356701726306061,1.9708008039742707e-06,,,
boom_telemetry_5t,ds-139-5T/v003,seasonal_naive,naive,3779,2024-06-14,1.7689566043006466,1.9708008039742707e-06,,,
boom_telemetry_5t,ds-139-5T/v003,seasonal_naive,naive,3881,2024-06-14,0.7448268679581912,1.9708008039742707e-06,,,
boom_telemetry_5t,ds-139-5T/v003,seasonal_naive,naive,3983,2024-06-14,0.5179664297653348,1.9708008039742707e-06,,,
boom_telemetry_5t,ds-139-5T/v003,seasonal_profile,naive,2048,2024-06-08,0.6140884427104455,2.3758300812914968e-05,,,
boom_telemetry_5t,ds-139-5T/v003,seasonal_profile,naive,2150,2024-06-08,0.6547078344938968,2.3758300812914968e-05,,,
boom_telemetry_5t,ds-139-5T/v003,seasonal_profile,naive,2252,2024-06-08,0.03514120329637282,2.3758300812914968e-05,,,
boom_telemetry_5t,ds-139-5T/v003,seasonal_profile,naive,2354,2024-06-09,0.0,2.3758300812914968e-05,,,
boom_telemetry_5t,ds-139-5T/v003,seasonal_profile,naive,2455,2024-06-09,0.1837461189185714,2.3758300812914968e-05,,,
boom_telemetry_5t,ds-139-5T/v003,seasonal_profile,naive,2557,2024-06-09,0.9018426078207299,2.3758300812914968e-05,,,
boom_telemetry_5t,ds-139-5T/v003,seasonal_profile,naive,2659,2024-06-10,1.0968058208451366,2.3758300812914968e-05,,,
boom_telemetry_5t,ds-139-5T/v003,seasonal_profile,naive,2761,2024-06-10,1.0526413796227567,2.3758300812914968e-05,,,
boom_telemetry_5t,ds-139-5T/v003,seasonal_profile,naive,2863,2024-06-10,1.817324059635868,2.3758300812914968e-05,,,
boom_telemetry_5t,ds-139-5T/v003,seasonal_profile,naive,2965,2024-06-11,1.8958450043364075,2.3758300812914968e-05,,,
boom_telemetry_5t,ds-139-5T/v003,seasonal_profile,naive,3066,2024-06-11,1.7274734541309782,2.3758300812914968e-05,,,
boom_telemetry_5t,ds-139-5T/v003,seasonal_profile,naive,3168,2024-06-12,0.9351300791684557,2.3758300812914968e-05,,,
boom_telemetry_5t,ds-139-5T/v003,seasonal_profile,naive,3270,2024-06-12,0.6688350676423774,2.3758300812914968e-05,,,
boom_telemetry_5t,ds-139-5T/v003,seasonal_profile,naive,3372,2024-06-12,0.6907762566065234,2.3758300812914968e-05,,,
boom_telemetry_5t,ds-139-5T/v003,seasonal_profile,naive,3474,2024-06-13,6.461982453262393e-16,2.3758300812914968e-05,,,
boom_telemetry_5t,ds-139-5T/v003,seasonal_profile,naive,3576,2024-06-13,0.602361738561703,2.3758300812914968e-05,,,
boom_telemetry_5t,ds-139-5T/v003,seasonal_profile,naive,3677,2024-06-13,0.5420432500363893,2.3758300812914968e-05,,,
boom_telemetry_5t,ds-139-5T/v003,seasonal_profile,naive,3779,2024-06-14,1.3267174532254848,2.3758300812914968e-05,,,
boom_telemetry_5t,ds-139-5T/v003,seasonal_profile,naive,3881,2024-06-14,1.05864307199457,2.3758300812914968e-05,,,
boom_telemetry_5t,ds-139-5T/v003,seasonal_profile,naive,3983,2024-06-14,1.0480706136359017,2.3758300812914968e-05,,,
boom_telemetry_5t,ds-139-5T/v003,autoets,statistical,2048,2024-06-08,0.0,2.7860536374966616,,0.036728514063543306,100.0
boom_telemetry_5t,ds-139-5T/v003,autoets,statistical,2150,2024-06-08,0.0,2.7860536374966616,,0.03669202751402891,100.0
boom_telemetry_5t,ds-139-5T/v003,autoets,statistical,2252,2024-06-08,0.09178262492947299,2.7860536374966616,,0.03421704934746419,97.91666666666666
boom_telemetry_5t,ds-139-5T/v003,autoets,statistical,2354,2024-06-09,0.0,2.7860536374966616,,0.02136736274372608,100.0
boom_telemetry_5t,ds-139-5T/v003,autoets,statistical,2455,2024-06-09,0.18818820997955046,2.7860536374966616,,0.06398961318697113,79.16666666666666
boom_telemetry_5t,ds-139-5T/v003,autoets,statistical,2557,2024-06-09,0.2549520634914759,2.7860536374966616,,0.05228507111046516,100.0
boom_telemetry_5t,ds-139-5T/v003,autoets,statistical,2659,2024-06-10,0.017737230269474123,2.7860536374966616,,0.02586488219354691,97.91666666666666
boom_telemetry_5t,ds-139-5T/v003,autoets,statistical,2761,2024-06-10,0.3666949250888896,2.7860536374966616,,0.07623589218230484,81.25
boom_telemetry_5t,ds-139-5T/v003,autoets,statistical,2863,2024-06-10,0.009267012136368036,2.7860536374966616,,0.02833424773681941,100.0
boom_telemetry_5t,ds-139-5T/v003,autoets,statistical,2965,2024-06-11,0.0,2.7860536374966616,,0.026986904149057057,100.0
boom_telemetry_5t,ds-139-5T/v003,autoets,statistical,3066,2024-06-11,0.12006716644613231,2.7860536374966616,,0.04231928059542845,100.0
boom_telemetry_5t,ds-139-5T/v003,autoets,statistical,3168,2024-06-12,0.032510901475398944,2.7860536374966616,,0.037679079481981265,97.91666666666666
boom_telemetry_5t,ds-139-5T/v003,autoets,statistical,3270,2024-06-12,0.40651017338303674,2.7860536374966616,,0.07164905590495868,60.416666666666664
boom_telemetry_5t,ds-139-5T/v003,autoets,statistical,3372,2024-06-12,0.2813714947264078,2.7860536374966616,,0.04109070983341454,100.0
boom_telemetry_5t,ds-139-5T/v003,autoets,statistical,3474,2024-06-13,0.0,2.7860536374966616,,0.03058697007037469,100.0
boom_telemetry_5t,ds-139-5T/v003,autoets,statistical,3576,2024-06-13,0.5751541216112831,2.7860536374966616,,0.08304091719039237,58.333333333333336
boom_telemetry_5t,ds-139-5T/v003,autoets,statistical,3677,2024-06-13,0.12110283314005356,2.7860536374966616,,0.03311671012729739,97.91666666666666
boom_telemetry_5t,ds-139-5T/v003,autoets,statistical,3779,2024-06-14,0.0,2.7860536374966616,,0.023897090317310604,100.0
boom_telemetry_5t,ds-139-5T/v003,autoets,statistical,3881,2024-06-14,0.0,2.7860536374966616,,0.023897090317310604,100.0
boom_telemetry_5t,ds-139-5T/v003,autoets,statistical,3983,2024-06-14,0.1783381533655288,2.7860536374966616,,0.02812446316721679,100.0
boom_telemetry_5t,ds-139-5T/v003,autotheta,statistical,2048,2024-06-08,0.005516416553792504,0.11985161250340752,,0.036384442984277565,100.0
boom_telemetry_5t,ds-139-5T/v003,autotheta,statistical,2150,2024-06-08,0.008259505313484794,0.11985161250340752,,0.036139838423513204,100.0
boom_telemetry_5t,ds-139-5T/v003,autotheta,statistical,2252,2024-06-08,0.08219372236859664,0.11985161250340752,,0.04009167589069279,97.91666666666666
boom_telemetry_5t,ds-139-5T/v003,autotheta,statistical,2354,2024-06-09,0.02161109360286528,0.11985161250340752,,0.03258073419688877,100.0
boom_telemetry_5t,ds-139-5T/v003,autotheta,statistical,2455,2024-06-09,0.2033536364155222,0.11985161250340752,,0.06564565134543238,79.16666666666666
boom_telemetry_5t,ds-139-5T/v003,autotheta,statistical,2557,2024-06-09,0.2656426154390683,0.11985161250340752,,0.05656734771374113,100.0
boom_telemetry_5t,ds-139-5T/v003,autotheta,statistical,2659,2024-06-10,0.021222041407432314,0.11985161250340752,,0.021169203573784035,97.91666666666666
boom_telemetry_5t,ds-139-5T/v003,autotheta,statistical,2761,2024-06-10,0.36524273033951077,0.11985161250340752,,0.07452422068726836,81.25
boom_telemetry_5t,ds-139-5T/v003,autotheta,statistical,2863,2024-06-10,0.022047304388573073,0.11985161250340752,,0.021534738389555864,100.0
boom_telemetry_5t,ds-139-5T/v003,autotheta,statistical,2965,2024-06-11,0.019088331495921058,0.11985161250340752,,0.020741381758979435,100.0
boom_telemetry_5t,ds-139-5T/v003,autotheta,statistical,3066,2024-06-11,0.12502287914793606,0.11985161250340752,,0.05726095423036318,100.0
boom_telemetry_5t,ds-139-5T/v003,autotheta,statistical,3168,2024-06-12,0.03413812555220559,0.11985161250340752,,0.04070830019793355,97.91666666666666
boom_telemetry_5t,ds-139-5T/v003,autotheta,statistical,3270,2024-06-12,0.4030626516789191,0.11985161250340752,,0.0701883539170033,87.5
boom_telemetry_5t,ds-139-5T/v003,autotheta,statistical,3372,2024-06-12,0.27503908504733576,0.11985161250340752,,0.04193943850329908,100.0
boom_telemetry_5t,ds-139-5T/v003,autotheta,statistical,3474,2024-06-13,0.003820625743873188,0.11985161250340752,,0.030013718757434783,100.0
boom_telemetry_5t,ds-139-5T/v003,autotheta,statistical,3576,2024-06-13,0.573755975124507,0.11985161250340752,,0.08335219992406163,58.333333333333336
boom_telemetry_5t,ds-139-5T/v003,autotheta,statistical,3677,2024-06-13,0.12454932860650465,0.11985161250340752,,0.03236013629973345,97.91666666666666
boom_telemetry_5t,ds-139-5T/v003,autotheta,statistical,3779,2024-06-14,0.005169388752174033,0.11985161250340752,,0.023557928551221175,100.0
boom_telemetry_5t,ds-139-5T/v003,autotheta,statistical,3881,2024-06-14,0.005890275364324175,0.11985161250340752,,0.023579631838640192,100.0
boom_telemetry_5t,ds-139-5T/v003,autotheta,statistical,3983,2024-06-14,0.18416565928609116,0.11985161250340752,,0.027015469303159668,100.0
boom_telemetry_5t,ds-139-5T/v003,gbdt_calendar,ml,2048,2024-06-08,0.003008898424993156,1.1720044874993618,,,
boom_telemetry_5t,ds-139-5T/v003,gbdt_calendar,ml,2150,2024-06-08,0.002127714647828403,1.1720044874993618,,,
boom_telemetry_5t,ds-139-5T/v003,gbdt_calendar,ml,2252,2024-06-08,0.008981169829873476,1.1720044874993618,,,
boom_telemetry_5t,ds-139-5T/v003,gbdt_calendar,ml,2354,2024-06-09,0.0016294605620507886,1.1720044874993618,,,
boom_telemetry_5t,ds-139-5T/v003,gbdt_calendar,ml,2455,2024-06-09,0.28728565678532514,1.1720044874993618,,,
boom_telemetry_5t,ds-139-5T/v003,gbdt_calendar,ml,2557,2024-06-09,1.2166058139744966,1.1720044874993618,,,
boom_telemetry_5t,ds-139-5T/v003,gbdt_calendar,ml,2659,2024-06-10,0.039389533768085,1.1720044874993618,,,
boom_telemetry_5t,ds-139-5T/v003,gbdt_calendar,ml,2761,2024-06-10,0.4342921496465278,1.1720044874993618,,,
boom_telemetry_5t,ds-139-5T/v003,gbdt_calendar,ml,2863,2024-06-10,1.2500029154539365,1.1720044874993618,,,
boom_telemetry_5t,ds-139-5T/v003,gbdt_calendar,ml,2965,2024-06-11,0.04222648238770129,1.1720044874993618,,,
boom_telemetry_5t,ds-139-5T/v003,gbdt_calendar,ml,3066,2024-06-11,3.106749566699137,1.1720044874993618,,,
boom_telemetry_5t,ds-139-5T/v003,gbdt_calendar,ml,3168,2024-06-12,0.10686261986861877,1.1720044874993618,,,
boom_telemetry_5t,ds-139-5T/v003,gbdt_calendar,ml,3270,2024-06-12,0.43595297895181423,1.1720044874993618,,,
boom_telemetry_5t,ds-139-5T/v003,gbdt_calendar,ml,3372,2024-06-12,2.4551893393796953,1.1720044874993618,,,
boom_telemetry_5t,ds-139-5T/v003,gbdt_calendar,ml,3474,2024-06-13,0.13850309377995498,1.1720044874993618,,,
boom_telemetry_5t,ds-139-5T/v003,gbdt_calendar,ml,3576,2024-06-13,0.6326057150408044,1.1720044874993618,,,
boom_telemetry_5t,ds-139-5T/v003,gbdt_calendar,ml,3677,2024-06-13,0.7246980339474146,1.1720044874993618,,,
boom_telemetry_5t,ds-139-5T/v003,gbdt_calendar,ml,3779,2024-06-14,0.4077732006120016,1.1720044874993618,,,
boom_telemetry_5t,ds-139-5T/v003,gbdt_calendar,ml,3881,2024-06-14,2.123168588849498,1.1720044874993618,,,
boom_telemetry_5t,ds-139-5T/v003,gbdt_calendar,ml,3983,2024-06-14,0.1764228399091356,1.1720044874993618,,,
boom_telemetry_5t,ds-139-5T/v003,timesfm_2p5_ctx2048,timesfm,2048,2024-06-08,0.0013996725985192975,0.2218576937506441,,0.0033643653128409144,100.0
boom_telemetry_5t,ds-139-5T/v003,timesfm_2p5_ctx2048,timesfm,2150,2024-06-08,0.0016718490526858008,0.2218576937506441,,0.004343488272806001,93.75
boom_telemetry_5t,ds-139-5T/v003,timesfm_2p5_ctx2048,timesfm,2252,2024-06-08,0.16126002284021695,0.2218576937506441,,0.05729427994969936,100.0
boom_telemetry_5t,ds-139-5T/v003,timesfm_2p5_ctx2048,timesfm,2354,2024-06-09,0.0019733815614849885,0.2218576937506441,,0.001958184419376296,100.0
boom_telemetry_5t,ds-139-5T/v003,timesfm_2p5_ctx2048,timesfm,2455,2024-06-09,0.1880599188698416,0.2218576937506441,,0.0706974439433786,41.66666666666667
boom_telemetry_5t,ds-139-5T/v003,timesfm_2p5_ctx2048,timesfm,2557,2024-06-09,0.2926219203353716,0.2218576937506441,,0.06342473176616147,100.0
boom_telemetry_5t,ds-139-5T/v003,timesfm_2p5_ctx2048,timesfm,2659,2024-06-10,0.021367648745880423,0.2218576937506441,,0.009028049553482631,97.91666666666666
boom_telemetry_5t,ds-139-5T/v003,timesfm_2p5_ctx2048,timesfm,2761,2024-06-10,0.3616089367882691,0.2218576937506441,,0.07593367230819464,72.91666666666666
boom_telemetry_5t,ds-139-5T/v003,timesfm_2p5_ctx2048,timesfm,2863,2024-06-10,0.021684739776779226,0.2218576937506441,,0.005902158837571081,97.91666666666666
boom_telemetry_5t,ds-139-5T/v003,timesfm_2p5_ctx2048,timesfm,2965,2024-06-11,0.003160180741624021,0.2218576937506441,,0.003469747358620647,100.0
boom_telemetry_5t,ds-139-5T/v003,timesfm_2p5_ctx2048,timesfm,3066,2024-06-11,0.37400833236429176,0.2218576937506441,,0.10838213677847357,100.0
boom_telemetry_5t,ds-139-5T/v003,timesfm_2p5_ctx2048,timesfm,3168,2024-06-12,0.0896927560831881,0.2218576937506441,,0.021872545055190647,97.91666666666666
boom_telemetry_5t,ds-139-5T/v003,timesfm_2p5_ctx2048,timesfm,3270,2024-06-12,0.407213443968454,0.2218576937506441,,0.07848641635155863,56.25
boom_telemetry_5t,ds-139-5T/v003,timesfm_2p5_ctx2048,timesfm,3372,2024-06-12,0.30195352930497793,0.2218576937506441,,0.04871108742689864,27.083333333333332
boom_telemetry_5t,ds-139-5T/v003,timesfm_2p5_ctx2048,timesfm,3474,2024-06-13,0.005589275720348761,0.2218576937506441,,0.0036267701663591674,100.0
boom_telemetry_5t,ds-139-5T/v003,timesfm_2p5_ctx2048,timesfm,3576,2024-06-13,0.5779307239069299,0.2218576937506441,,0.09420255152391285,54.166666666666664
boom_telemetry_5t,ds-139-5T/v003,timesfm_2p5_ctx2048,timesfm,3677,2024-06-13,0.18725089697746589,0.2218576937506441,,0.02500860317077443,87.5
boom_telemetry_5t,ds-139-5T/v003,timesfm_2p5_ctx2048,timesfm,3779,2024-06-14,0.017789756306619293,0.2218576937506441,,0.006742452003515434,95.83333333333334
boom_telemetry_5t,ds-139-5T/v003,timesfm_2p5_ctx2048,timesfm,3881,2024-06-14,0.006548170182331388,0.2218576937506441,,0.004927942148894187,66.66666666666666
boom_telemetry_5t,ds-139-5T/v003,timesfm_2p5_ctx2048,timesfm,3983,2024-06-14,0.1248129179850487,0.2218576937506441,,0.014910948023907316,91.66666666666666
boom_telemetry_5t,ds-139-5T/v003,chronos_2_ctx2048,chronos,2048,2024-06-08,0.007791112743693068,0.02107683544745669,,0.002411153387272871,100.0
boom_telemetry_5t,ds-139-5T/v003,chronos_2_ctx2048,chronos,2150,2024-06-08,0.0014148739003980958,0.02107683544745669,,0.0009544753152712591,100.0
boom_telemetry_5t,ds-139-5T/v003,chronos_2_ctx2048,chronos,2252,2024-06-08,0.012400274156088006,0.02107683544745669,,0.004210119669484652,97.91666666666666
boom_telemetry_5t,ds-139-5T/v003,chronos_2_ctx2048,chronos,2354,2024-06-09,0.001807196766064208,0.02107683544745669,,0.000700638655606366,100.0
boom_telemetry_5t,ds-139-5T/v003,chronos_2_ctx2048,chronos,2455,2024-06-09,0.19874392784821354,0.02107683544745669,,0.07602010186767158,39.58333333333333
boom_telemetry_5t,ds-139-5T/v003,chronos_2_ctx2048,chronos,2557,2024-06-09,0.2884733465712789,0.02107683544745669,,0.07088088390787328,20.833333333333336
boom_telemetry_5t,ds-139-5T/v003,chronos_2_ctx2048,chronos,2659,2024-06-10,0.027237602836812955,0.02107683544745669,,0.006945351485570665,95.83333333333334
boom_telemetry_5t,ds-139-5T/v003,chronos_2_ctx2048,chronos,2761,2024-06-10,0.3437124017863168,0.02107683544745669,,0.07357521845961067,70.83333333333334
boom_telemetry_5t,ds-139-5T/v003,chronos_2_ctx2048,chronos,2863,2024-06-10,0.013520733079194462,0.02107683544745669,,0.005371895064169848,93.75
boom_telemetry_5t,ds-139-5T/v003,chronos_2_ctx2048,chronos,2965,2024-06-11,0.01730107974144511,0.02107683544745669,,0.002508615359027854,100.0
boom_telemetry_5t,ds-139-5T/v003,chronos_2_ctx2048,chronos,3066,2024-06-11,0.5228590404810435,0.02107683544745669,,0.14143013616296893,79.16666666666666
boom_telemetry_5t,ds-139-5T/v003,chronos_2_ctx2048,chronos,3168,2024-06-12,0.08743949272896477,0.02107683544745669,,0.02588946149059738,97.91666666666666
boom_telemetry_5t,ds-139-5T/v003,chronos_2_ctx2048,chronos,3270,2024-06-12,0.4079531523580389,0.02107683544745669,,0.08245347210130681,56.25
boom_telemetry_5t,ds-139-5T/v003,chronos_2_ctx2048,chronos,3372,2024-06-12,0.23820140961185093,0.02107683544745669,,0.03133168636065038,89.58333333333334
boom_telemetry_5t,ds-139-5T/v003,chronos_2_ctx2048,chronos,3474,2024-06-13,0.009815638769959464,0.02107683544745669,,0.004083414421306656,100.0
boom_telemetry_5t,ds-139-5T/v003,chronos_2_ctx2048,chronos,3576,2024-06-13,0.5718943341160645,0.02107683544745669,,0.09133920306288038,54.166666666666664
boom_telemetry_5t,ds-139-5T/v003,chronos_2_ctx2048,chronos,3677,2024-06-13,0.17436068242600805,0.02107683544745669,,0.027180940192561204,91.66666666666666
boom_telemetry_5t,ds-139-5T/v003,chronos_2_ctx2048,chronos,3779,2024-06-14,0.023755025867934588,0.02107683544745669,,0.00405176947551549,100.0
boom_telemetry_5t,ds-139-5T/v003,chronos_2_ctx2048,chronos,3881,2024-06-14,0.00923224272877064,0.02107683544745669,,0.0035766897341165307,100.0
boom_telemetry_5t,ds-139-5T/v003,chronos_2_ctx2048,chronos,3983,2024-06-14,0.04861591231379831,0.02107683544745669,,0.010722579001665223,97.91666666666666
boom_telemetry_5t,ds-139-5T/v003,chronos_bolt_small,chronos,2048,2024-06-08,0.005366129080590246,0.006261274998541922,,0.00381742623731372,100.0
boom_telemetry_5t,ds-139-5T/v003,chronos_bolt_small,chronos,2150,2024-06-08,0.005282528197857806,0.006261274998541922,,0.003113033818693388,100.0
boom_telemetry_5t,ds-139-5T/v003,chronos_bolt_small,chronos,2252,2024-06-08,0.07650645587011708,0.006261274998541922,,0.02613257530619887,14.583333333333334
boom_telemetry_5t,ds-139-5T/v003,chronos_bolt_small,chronos,2354,2024-06-09,0.010199512864212638,0.006261274998541922,,0.0034878942259305014,100.0
boom_telemetry_5t,ds-139-5T/v003,chronos_bolt_small,chronos,2455,2024-06-09,0.18423053280629267,0.006261274998541922,,0.06969130950995954,41.66666666666667
boom_telemetry_5t,ds-139-5T/v003,chronos_bolt_small,chronos,2557,2024-06-09,0.3853568415185407,0.006261274998541922,,0.09181577975649236,12.5
boom_telemetry_5t,ds-139-5T/v003,chronos_bolt_small,chronos,2659,2024-06-10,0.0944526222200642,0.006261274998541922,,0.019624805761417348,77.08333333333334
boom_telemetry_5t,ds-139-5T/v003,chronos_bolt_small,chronos,2761,2024-06-10,0.3904684549258528,0.006261274998541922,,0.07904448299805923,77.08333333333334
boom_telemetry_5t,ds-139-5T/v003,chronos_bolt_small,chronos,2863,2024-06-10,0.11153418107095606,0.006261274998541922,,0.015521446013057981,83.33333333333334
boom_telemetry_5t,ds-139-5T/v003,chronos_bolt_small,chronos,2965,2024-06-11,0.06310513910320618,0.006261274998541922,,0.007593386190904031,100.0
boom_telemetry_5t,ds-139-5T/v003,chronos_bolt_small,chronos,3066,2024-06-11,0.30124119376044933,0.006261274998541922,,0.0936765537125769,100.0
boom_telemetry_5t,ds-139-5T/v003,chronos_bolt_small,chronos,3168,2024-06-12,0.15726035125413731,0.006261274998541922,,0.02893450612804371,97.91666666666666
boom_telemetry_5t,ds-139-5T/v003,chronos_bolt_small,chronos,3270,2024-06-12,0.4284776360534503,0.006261274998541922,,0.08642282500140433,56.25
boom_telemetry_5t,ds-139-5T/v003,chronos_bolt_small,chronos,3372,2024-06-12,0.2273123485868796,0.006261274998541922,,0.02988915359841812,68.75
boom_telemetry_5t,ds-139-5T/v003,chronos_bolt_small,chronos,3474,2024-06-13,0.027375488246380423,0.006261274998541922,,0.0071927554415299735,100.0
boom_telemetry_5t,ds-139-5T/v003,chronos_bolt_small,chronos,3576,2024-06-13,0.5716196362894386,0.006261274998541922,,0.09357032904870814,54.166666666666664
boom_telemetry_5t,ds-139-5T/v003,chronos_bolt_small,chronos,3677,2024-06-13,0.21718380312714256,0.006261274998541922,,0.02757995602981149,79.16666666666666
boom_telemetry_5t,ds-139-5T/v003,chronos_bolt_small,chronos,3779,2024-06-14,0.10152517697553741,0.006261274998541922,,0.012486847169352572,100.0
boom_telemetry_5t,ds-139-5T/v003,chronos_bolt_small,chronos,3881,2024-06-14,0.019512089179001418,0.006261274998541922,,0.004705999785289709,100.0
boom_telemetry_5t,ds-139-5T/v003,chronos_bolt_small,chronos,3983,2024-06-14,0.14243612521441043,0.006261274998541922,,0.016542929952693942,95.83333333333334
boom_telemetry_5t,ds-139-5T/v006,naive_last,naive,2048,2024-06-08,0.19404521344391126,1.5854020603001118e-06,,,
boom_telemetry_5t,ds-139-5T/v006,naive_last,naive,2150,2024-06-08,0.1178264001292806,1.5854020603001118e-06,,,
boom_telemetry_5t,ds-139-5T/v006,naive_last,naive,2252,2024-06-08,0.0,1.5854020603001118e-06,,,
boom_telemetry_5t,ds-139-5T/v006,naive_last,naive,2354,2024-06-09,0.0,1.5854020603001118e-06,,,
boom_telemetry_5t,ds-139-5T/v006,naive_last,naive,2455,2024-06-09,0.6074065066817323,1.5854020603001118e-06,,,
boom_telemetry_5t,ds-139-5T/v006,naive_last,naive,2557,2024-06-09,0.34985871607300806,1.5854020603001118e-06,,,
boom_telemetry_5t,ds-139-5T/v006,naive_last,naive,2659,2024-06-10,0.0,1.5854020603001118e-06,,,
boom_telemetry_5t,ds-139-5T/v006,naive_last,naive,2761,2024-06-10,0.8914314215520371,1.5854020603001118e-06,,,
boom_telemetry_5t,ds-139-5T/v006,naive_last,naive,2863,2024-06-10,0.6668678376390489,1.5854020603001118e-06,,,
boom_telemetry_5t,ds-139-5T/v006,naive_last,naive,2965,2024-06-11,0.14869120357135818,1.5854020603001118e-06,,,
boom_telemetry_5t,ds-139-5T/v006,naive_last,naive,3066,2024-06-11,0.5210320678365112,1.5854020603001118e-06,,,
boom_telemetry_5t,ds-139-5T/v006,naive_last,naive,3168,2024-06-12,0.2294568277216177,1.5854020603001118e-06,,,
boom_telemetry_5t,ds-139-5T/v006,naive_last,naive,3270,2024-06-12,0.4563073136596998,1.5854020603001118e-06,,,
boom_telemetry_5t,ds-139-5T/v006,naive_last,naive,3372,2024-06-12,0.38384895391998336,1.5854020603001118e-06,,,
boom_telemetry_5t,ds-139-5T/v006,naive_last,naive,3474,2024-06-13,0.18663813834610612,1.5854020603001118e-06,,,
boom_telemetry_5t,ds-139-5T/v006,naive_last,naive,3576,2024-06-13,0.2960954803342871,1.5854020603001118e-06,,,
boom_telemetry_5t,ds-139-5T/v006,naive_last,naive,3677,2024-06-13,0.3834474802834471,1.5854020603001118e-06,,,
boom_telemetry_5t,ds-139-5T/v006,naive_last,naive,3779,2024-06-14,0.0,1.5854020603001118e-06,,,
boom_telemetry_5t,ds-139-5T/v006,naive_last,naive,3881,2024-06-14,0.28724823510524433,1.5854020603001118e-06,,,
boom_telemetry_5t,ds-139-5T/v006,naive_last,naive,3983,2024-06-14,0.0,1.5854020603001118e-06,,,
boom_telemetry_5t,ds-139-5T/v006,naive_mean,naive,2048,2024-06-08,2.248283697273266,3.5375007428228857e-06,,,
boom_telemetry_5t,ds-139-5T/v006,naive_mean,naive,2150,2024-06-08,2.227196116108251,3.5375007428228857e-06,,,
boom_telemetry_5t,ds-139-5T/v006,naive_mean,naive,2252,2024-06-08,1.9216693618435905,3.5375007428228857e-06,,,
boom_telemetry_5t,ds-139-5T/v006,naive_mean,naive,2354,2024-06-09,1.888307773007486,3.5375007428228857e-06,,,
boom_telemetry_5t,ds-139-5T/v006,naive_mean,naive,2455,2024-06-09,1.5036156815396842,3.5375007428228857e-06,,,
boom_telemetry_5t,ds-139-5T/v006,naive_mean,naive,2557,2024-06-09,0.5676770589494256,3.5375007428228857e-06,,,
boom_telemetry_5t,ds-139-5T/v006,naive_mean,naive,2659,2024-06-10,1.1179272742477577,3.5375007428228857e-06,,,
boom_telemetry_5t,ds-139-5T/v006,naive_mean,naive,2761,2024-06-10,0.628089688845568,3.5375007428228857e-06,,,
boom_telemetry_5t,ds-139-5T/v006,naive_mean,naive,2863,2024-06-10,1.5422322796872103,3.5375007428228857e-06,,,
boom_telemetry_5t,ds-139-5T/v006,naive_mean,naive,2965,2024-06-11,0.5951834664032187,3.5375007428228857e-06,,,
boom_telemetry_5t,ds-139-5T/v006,naive_mean,naive,3066,2024-06-11,1.9157419738997186,3.5375007428228857e-06,,,
boom_telemetry_5t,ds-139-5T/v006,naive_mean,naive,3168,2024-06-12,2.0706583572743225,3.5375007428228857e-06,,,
boom_telemetry_5t,ds-139-5T/v006,naive_mean,naive,3270,2024-06-12,2.0824707235716127,3.5375007428228857e-06,,,
boom_telemetry_5t,ds-139-5T/v006,naive_mean,naive,3372,2024-06-12,1.7058173454203738,3.5375007428228857e-06,,,
boom_telemetry_5t,ds-139-5T/v006,naive_mean,naive,3474,2024-06-13,1.5782149570711155,3.5375007428228857e-06,,,
boom_telemetry_5t,ds-139-5T/v006,naive_mean,naive,3576,2024-06-13,1.5321405695760824,3.5375007428228857e-06,,,
boom_telemetry_5t,ds-139-5T/v006,naive_mean,naive,3677,2024-06-13,0.8027465708059741,3.5375007428228857e-06,,,
boom_telemetry_5t,ds-139-5T/v006,naive_mean,naive,3779,2024-06-14,0.39606945958638323,3.5375007428228857e-06,,,
boom_telemetry_5t,ds-139-5T/v006,naive_mean,naive,3881,2024-06-14,0.6630192695725083,3.5375007428228857e-06,,,
boom_telemetry_5t,ds-139-5T/v006,naive_mean,naive,3983,2024-06-14,1.0929714993631803,3.5375007428228857e-06,,,
boom_telemetry_5t,ds-139-5T/v006,seasonal_naive,naive,2048,2024-06-08,0.3000994176579571,2.1416519302874805e-06,,,
boom_telemetry_5t,ds-139-5T/v006,seasonal_naive,naive,2150,2024-06-08,0.19355909395283397,2.1416519302874805e-06,,,
boom_telemetry_5t,ds-139-5T/v006,seasonal_naive,naive,2252,2024-06-08,0.15051079827082503,2.1416519302874805e-06,,,
boom_telemetry_5t,ds-139-5T/v006,seasonal_naive,naive,2354,2024-06-09,0.21338419087205898,2.1416519302874805e-06,,,
boom_telemetry_5t,ds-139-5T/v006,seasonal_naive,naive,2455,2024-06-09,0.49809206488092744,2.1416519302874805e-06,,,
boom_telemetry_5t,ds-139-5T/v006,seasonal_naive,naive,2557,2024-06-09,1.3774552677202996,2.1416519302874805e-06,,,
boom_telemetry_5t,ds-139-5T/v006,seasonal_naive,naive,2659,2024-06-10,0.7813157590236277,2.1416519302874805e-06,,,
boom_telemetry_5t,ds-139-5T/v006,seasonal_naive,naive,2761,2024-06-10,1.144837861275893,2.1416519302874805e-06,,,
boom_telemetry_5t,ds-139-5T/v006,seasonal_naive,naive,2863,2024-06-10,2.0914521748563804,2.1416519302874805e-06,,,
boom_telemetry_5t,ds-139-5T/v006,seasonal_naive,naive,2965,2024-06-11,1.6654548405101939,2.1416519302874805e-06,,,
boom_telemetry_5t,ds-139-5T/v006,seasonal_naive,naive,3066,2024-06-11,1.8300271329278293,2.1416519302874805e-06,,,
boom_telemetry_5t,ds-139-5T/v006,seasonal_naive,naive,3168,2024-06-12,1.3081167064160544,2.1416519302874805e-06,,,
boom_telemetry_5t,ds-139-5T/v006,seasonal_naive,naive,3270,2024-06-12,1.6540909848003407,2.1416519302874805e-06,,,
boom_telemetry_5t,ds-139-5T/v006,seasonal_naive,naive,3372,2024-06-12,0.652219639827158,2.1416519302874805e-06,,,
boom_telemetry_5t,ds-139-5T/v006,seasonal_naive,naive,3474,2024-06-13,0.47185729568054086,2.1416519302874805e-06,,,
boom_telemetry_5t,ds-139-5T/v006,seasonal_naive,naive,3576,2024-06-13,0.8539971610515492,2.1416519302874805e-06,,,
boom_telemetry_5t,ds-139-5T/v006,seasonal_naive,naive,3677,2024-06-13,0.9236842231122953,2.1416519302874805e-06,,,
boom_telemetry_5t,ds-139-5T/v006,seasonal_naive,naive,3779,2024-06-14,1.03048936697711,2.1416519302874805e-06,,,
boom_telemetry_5t,ds-139-5T/v006,seasonal_naive,naive,3881,2024-06-14,0.7526986202513554,2.1416519302874805e-06,,,
boom_telemetry_5t,ds-139-5T/v006,seasonal_naive,naive,3983,2024-06-14,0.41965024280208985,2.1416519302874805e-06,,,
boom_telemetry_5t,ds-139-5T/v006,seasonal_profile,naive,2048,2024-06-08,1.0397067726785068,2.5979202473536133e-05,,,
boom_telemetry_5t,ds-139-5T/v006,seasonal_profile,naive,2150,2024-06-08,0.979488165960203,2.5979202473536133e-05,,,
boom_telemetry_5t,ds-139-5T/v006,seasonal_profile,naive,2252,2024-06-08,1.1938710919984659,2.5979202473536133e-05,,,
boom_telemetry_5t,ds-139-5T/v006,seasonal_profile,naive,2354,2024-06-09,0.2596143316146107,2.5979202473536133e-05,,,
boom_telemetry_5t,ds-139-5T/v006,seasonal_profile,naive,2455,2024-06-09,0.5042191299041441,2.5979202473536133e-05,,,
boom_telemetry_5t,ds-139-5T/v006,seasonal_profile,naive,2557,2024-06-09,0.9585739374513791,2.5979202473536133e-05,,,
boom_telemetry_5t,ds-139-5T/v006,seasonal_profile,naive,2659,2024-06-10,1.1058466537222433,2.5979202473536133e-05,,,
boom_telemetry_5t,ds-139-5T/v006,seasonal_profile,naive,2761,2024-06-10,1.4622795479229314,2.5979202473536133e-05,,,
boom_telemetry_5t,ds-139-5T/v006,seasonal_profile,naive,2863,2024-06-10,3.0183110746318453,2.5979202473536133e-05,,,
boom_telemetry_5t,ds-139-5T/v006,seasonal_profile,naive,2965,2024-06-11,2.557696529030828,2.5979202473536133e-05,,,
boom_telemetry_5t,ds-139-5T/v006,seasonal_profile,naive,3066,2024-06-11,3.1446352315816823,2.5979202473536133e-05,,,
boom_telemetry_5t,ds-139-5T/v006,seasonal_profile,naive,3168,2024-06-12,3.389187286123093,2.5979202473536133e-05,,,
boom_telemetry_5t,ds-139-5T/v006,seasonal_profile,naive,3270,2024-06-12,3.616194011764193,2.5979202473536133e-05,,,
boom_telemetry_5t,ds-139-5T/v006,seasonal_profile,naive,3372,2024-06-12,2.1924912497450233,2.5979202473536133e-05,,,
boom_telemetry_5t,ds-139-5T/v006,seasonal_profile,naive,3474,2024-06-13,2.1193845215182416,2.5979202473536133e-05,,,
boom_telemetry_5t,ds-139-5T/v006,seasonal_profile,naive,3576,2024-06-13,1.7802364014851042,2.5979202473536133e-05,,,
boom_telemetry_5t,ds-139-5T/v006,seasonal_profile,naive,3677,2024-06-13,0.6172090664736797,2.5979202473536133e-05,,,
boom_telemetry_5t,ds-139-5T/v006,seasonal_profile,naive,3779,2024-06-14,0.4253417381164255,2.5979202473536133e-05,,,
boom_telemetry_5t,ds-139-5T/v006,seasonal_profile,naive,3881,2024-06-14,0.4862974308201833,2.5979202473536133e-05,,,
boom_telemetry_5t,ds-139-5T/v006,seasonal_profile,naive,3983,2024-06-14,0.534708483892576,2.5979202473536133e-05,,,
boom_telemetry_5t,ds-139-5T/v006,autoets,statistical,2048,2024-06-08,0.19404521340807643,0.8283891853992827,,0.094637258356822,100.0
boom_telemetry_5t,ds-139-5T/v006,autoets,statistical,2150,2024-06-08,0.1178264001292806,0.8283891853992827,,0.09210215447452981,100.0
boom_telemetry_5t,ds-139-5T/v006,autoets,statistical,2252,2024-06-08,0.0,0.8283891853992827,,0.09086331225403692,100.0
boom_telemetry_5t,ds-139-5T/v006,autoets,statistical,2354,2024-06-09,0.0,0.8283891853992827,,0.08130246691313497,100.0
boom_telemetry_5t,ds-139-5T/v006,autoets,statistical,2455,2024-06-09,0.6074065066817323,0.8283891853992827,,0.15117854123575983,93.75
boom_telemetry_5t,ds-139-5T/v006,autoets,statistical,2557,2024-06-09,0.3498756552035467,0.8283891853992827,,0.12300881986410024,100.0
boom_telemetry_5t,ds-139-5T/v006,autoets,statistical,2659,2024-06-10,0.0,0.8283891853992827,,0.08933879710086977,100.0
boom_telemetry_5t,ds-139-5T/v006,autoets,statistical,2761,2024-06-10,0.891405385404578,0.8283891853992827,,0.24448442173033172,83.33333333333334
boom_telemetry_5t,ds-139-5T/v006,autoets,statistical,2863,2024-06-10,0.6668862810810064,0.8283891853992827,,0.3655167879712099,93.75
boom_telemetry_5t,ds-139-5T/v006,autoets,statistical,2965,2024-06-11,0.1486939998124105,0.8283891853992827,,0.15396892892607617,100.0
boom_telemetry_5t,ds-139-5T/v006,autoets,statistical,3066,2024-06-11,0.5210447901385225,0.8283891853992827,,0.5350436638880629,91.66666666666666
boom_telemetry_5t,ds-139-5T/v006,autoets,statistical,3168,2024-06-12,0.2295542356315077,0.8283891853992827,,0.6614270404100916,97.91666666666666
boom_telemetry_5t,ds-139-5T/v006,autoets,statistical,3270,2024-06-12,0.4563073136596998,0.8283891853992827,,0.6662873997284966,100.0
boom_telemetry_5t,ds-139-5T/v006,autoets,statistical,3372,2024-06-12,0.3838486592174304,0.8283891853992827,,0.3912380394748424,100.0
boom_telemetry_5t,ds-139-5T/v006,autoets,statistical,3474,2024-06-13,0.19614776824321237,0.8283891853992827,,0.2999250229197143,100.0
boom_telemetry_5t,ds-139-5T/v006,autoets,statistical,3576,2024-06-13,0.2960954803342871,0.8283891853992827,,0.3195611100858616,100.0
boom_telemetry_5t,ds-139-5T/v006,autoets,statistical,3677,2024-06-13,0.38341688929295814,0.8283891853992827,,0.240535236567882,97.91666666666666
boom_telemetry_5t,ds-139-5T/v006,autoets,statistical,3779,2024-06-14,0.0,0.8283891853992827,,0.17090886941475392,100.0
boom_telemetry_5t,ds-139-5T/v006,autoets,statistical,3881,2024-06-14,0.28724823510524433,0.8283891853992827,,0.24157315630932985,100.0
boom_telemetry_5t,ds-139-5T/v006,autoets,statistical,3983,2024-06-14,3.085930694452291e-08,0.8283891853992827,,0.25295894628772475,100.0
boom_telemetry_5t,ds-139-5T/v006,autotheta,statistical,2048,2024-06-08,0.23507833473221193,0.10381349789677188,,0.09580615534407971,100.0
boom_telemetry_5t,ds-139-5T/v006,autotheta,statistical,2150,2024-06-08,0.15449144406529644,0.10381349789677188,,0.09090687306785286,100.0
boom_telemetry_5t,ds-139-5T/v006,autotheta,statistical,2252,2024-06-08,0.03871293815952461,0.10381349789677188,,0.08928240964849202,100.0
boom_telemetry_5t,ds-139-5T/v006,autotheta,statistical,2354,2024-06-09,0.05388001017675393,0.10381349789677188,,0.08040756541815744,100.0
boom_telemetry_5t,ds-139-5T/v006,autotheta,statistical,2455,2024-06-09,0.6366444663785593,0.10381349789677188,,0.15649048657480327,91.66666666666666
boom_telemetry_5t,ds-139-5T/v006,autotheta,statistical,2557,2024-06-09,0.371371376953774,0.10381349789677188,,0.12454151893433642,100.0
boom_telemetry_5t,ds-139-5T/v006,autotheta,statistical,2659,2024-06-10,0.013397149913785338,0.10381349789677188,,0.0875744082042123,100.0
boom_telemetry_5t,ds-139-5T/v006,autotheta,statistical,2761,2024-06-10,0.8926140586333371,0.10381349789677188,,0.2548185077112353,81.25
boom_telemetry_5t,ds-139-5T/v006,autotheta,statistical,2863,2024-06-10,0.6761324237551414,0.10381349789677188,,0.3667314405944444,93.75
boom_telemetry_5t,ds-139-5T/v006,autotheta,statistical,2965,2024-06-11,0.1597803984819794,0.10381349789677188,,0.15025702230249266,100.0
boom_telemetry_5t,ds-139-5T/v006,autotheta,statistical,3066,2024-06-11,0.5391651126552447,0.10381349789677188,,0.5330470582622344,91.66666666666666
boom_telemetry_5t,ds-139-5T/v006,autotheta,statistical,3168,2024-06-12,0.23519455979836623,0.10381349789677188,,0.6613805559390152,97.91666666666666
boom_telemetry_5t,ds-139-5T/v006,autotheta,statistical,3270,2024-06-12,0.42818508466788446,0.10381349789677188,,0.6668816477982569,100.0
boom_telemetry_5t,ds-139-5T/v006,autotheta,statistical,3372,2024-06-12,0.3624377149150001,0.10381349789677188,,0.40146808149198465,100.0
boom_telemetry_5t,ds-139-5T/v006,autotheta,statistical,3474,2024-06-13,0.24397731280568477,0.10381349789677188,,0.2990799548194888,100.0
boom_telemetry_5t,ds-139-5T/v006,autotheta,statistical,3576,2024-06-13,0.3245634233716705,0.10381349789677188,,0.3147126494875436,100.0
boom_telemetry_5t,ds-139-5T/v006,autotheta,statistical,3677,2024-06-13,0.34949919320252854,0.10381349789677188,,0.2439112668357143,97.91666666666666
boom_telemetry_5t,ds-139-5T/v006,autotheta,statistical,3779,2024-06-14,0.04221201627202629,0.10381349789677188,,0.1687359445094283,100.0
boom_telemetry_5t,ds-139-5T/v006,autotheta,statistical,3881,2024-06-14,0.29476500803529854,0.10381349789677188,,0.234226583410054,100.0
boom_telemetry_5t,ds-139-5T/v006,autotheta,statistical,3983,2024-06-14,0.018309317604720054,0.10381349789677188,,0.24161793202816814,100.0
boom_telemetry_5t,ds-139-5T/v006,gbdt_calendar,ml,2048,2024-06-08,0.18374238543855262,1.064921264554141,,,
boom_telemetry_5t,ds-139-5T/v006,gbdt_calendar,ml,2150,2024-06-08,0.39670727436203174,1.064921264554141,,,
boom_telemetry_5t,ds-139-5T/v006,gbdt_calendar,ml,2252,2024-06-08,0.11472150585577037,1.064921264554141,,,
boom_telemetry_5t,ds-139-5T/v006,gbdt_calendar,ml,2354,2024-06-09,0.0520186337911198,1.064921264554141,,,
boom_telemetry_5t,ds-139-5T/v006,gbdt_calendar,ml,2455,2024-06-09,0.6566693774263435,1.064921264554141,,,
boom_telemetry_5t,ds-139-5T/v006,gbdt_calendar,ml,2557,2024-06-09,1.2933067781773482,1.064921264554141,,,
boom_telemetry_5t,ds-139-5T/v006,gbdt_calendar,ml,2659,2024-06-10,0.2832492959850966,1.064921264554141,,,
boom_telemetry_5t,ds-139-5T/v006,gbdt_calendar,ml,2761,2024-06-10,0.840428469186839,1.064921264554141,,,
boom_telemetry_5t,ds-139-5T/v006,gbdt_calendar,ml,2863,2024-06-10,0.9329134090155783,1.064921264554141,,,
boom_telemetry_5t,ds-139-5T/v006,gbdt_calendar,ml,2965,2024-06-11,0.3642882396801717,1.064921264554141,,,
boom_telemetry_5t,ds-139-5T/v006,gbdt_calendar,ml,3066,2024-06-11,1.0301505012394083,1.064921264554141,,,
boom_telemetry_5t,ds-139-5T/v006,gbdt_calendar,ml,3168,2024-06-12,1.0777426042306517,1.064921264554141,,,
boom_telemetry_5t,ds-139-5T/v006,gbdt_calendar,ml,3270,2024-06-12,0.3338919365947682,1.064921264554141,,,
boom_telemetry_5t,ds-139-5T/v006,gbdt_calendar,ml,3372,2024-06-12,0.9002157342602685,1.064921264554141,,,
boom_telemetry_5t,ds-139-5T/v006,gbdt_calendar,ml,3474,2024-06-13,1.3888800527450955,1.064921264554141,,,
boom_telemetry_5t,ds-139-5T/v006,gbdt_calendar,ml,3576,2024-06-13,0.6337261857921773,1.064921264554141,,,
boom_telemetry_5t,ds-139-5T/v006,gbdt_calendar,ml,3677,2024-06-13,1.2022060256378606,1.064921264554141,,,
boom_telemetry_5t,ds-139-5T/v006,gbdt_calendar,ml,3779,2024-06-14,0.300923138822686,1.064921264554141,,,
boom_telemetry_5t,ds-139-5T/v006,gbdt_calendar,ml,3881,2024-06-14,1.2053808485976156,1.064921264554141,,,
boom_telemetry_5t,ds-139-5T/v006,gbdt_calendar,ml,3983,2024-06-14,0.7457128087629091,1.064921264554141,,,
boom_telemetry_5t,ds-139-5T/v006,timesfm_2p5_ctx2048,timesfm,2048,2024-06-08,0.14357598265936675,0.1952665791497566,,0.02338436301241346,100.0
boom_telemetry_5t,ds-139-5T/v006,timesfm_2p5_ctx2048,timesfm,2150,2024-06-08,0.13544059337341016,0.1952665791497566,,0.025308803838699972,95.83333333333334
boom_telemetry_5t,ds-139-5T/v006,timesfm_2p5_ctx2048,timesfm,2252,2024-06-08,0.019327252034201117,0.1952665791497566,,0.007900721607765586,100.0
boom_telemetry_5t,ds-139-5T/v006,timesfm_2p5_ctx2048,timesfm,2354,2024-06-09,0.0041530587752532004,0.1952665791497566,,0.0018897038252486365,100.0
boom_telemetry_5t,ds-139-5T/v006,timesfm_2p5_ctx2048,timesfm,2455,2024-06-09,0.4342598762101884,0.1952665791497566,,0.0812526382512578,93.75
boom_telemetry_5t,ds-139-5T/v006,timesfm_2p5_ctx2048,timesfm,2557,2024-06-09,0.5582923098121947,0.1952665791497566,,0.11011421227424385,97.91666666666666
boom_telemetry_5t,ds-139-5T/v006,timesfm_2p5_ctx2048,timesfm,2659,2024-06-10,0.007311753633231019,0.1952665791497566,,0.0053280224138337285,100.0
boom_telemetry_5t,ds-139-5T/v006,timesfm_2p5_ctx2048,timesfm,2761,2024-06-10,0.5949153156704868,0.1952665791497566,,0.15872186739821695,89.58333333333334
boom_telemetry_5t,ds-139-5T/v006,timesfm_2p5_ctx2048,timesfm,2863,2024-06-10,0.42971510309890476,0.1952665791497566,,0.2659606024625266,97.91666666666666
boom_telemetry_5t,ds-139-5T/v006,timesfm_2p5_ctx2048,timesfm,2965,2024-06-11,0.15413885756706744,0.1952665791497566,,0.05884461413213199,100.0
boom_telemetry_5t,ds-139-5T/v006,timesfm_2p5_ctx2048,timesfm,3066,2024-06-11,0.7319797871535536,0.1952665791497566,,0.6091704241814823,83.33333333333334
boom_telemetry_5t,ds-139-5T/v006,timesfm_2p5_ctx2048,timesfm,3168,2024-06-12,0.48852999721275747,0.1952665791497566,,0.588595732499319,87.5
boom_telemetry_5t,ds-139-5T/v006,timesfm_2p5_ctx2048,timesfm,3270,2024-06-12,0.31464853350964944,0.1952665791497566,,0.37148209655411435,85.41666666666666
boom_telemetry_5t,ds-139-5T/v006,timesfm_2p5_ctx2048,timesfm,3372,2024-06-12,0.3117402578728012,0.1952665791497566,,0.2654293994175348,100.0
boom_telemetry_5t,ds-139-5T/v006,timesfm_2p5_ctx2048,timesfm,3474,2024-06-13,0.21135194300843033,0.1952665791497566,,0.13967025203048702,100.0
boom_telemetry_5t,ds-139-5T/v006,timesfm_2p5_ctx2048,timesfm,3576,2024-06-13,0.2672839369784873,0.1952665791497566,,0.15901733105642973,72.91666666666666
boom_telemetry_5t,ds-139-5T/v006,timesfm_2p5_ctx2048,timesfm,3677,2024-06-13,0.25793721071168113,0.1952665791497566,,0.11591847094512533,91.66666666666666
boom_telemetry_5t,ds-139-5T/v006,timesfm_2p5_ctx2048,timesfm,3779,2024-06-14,0.13078300780636107,0.1952665791497566,,0.045244937995505066,93.75
boom_telemetry_5t,ds-139-5T/v006,timesfm_2p5_ctx2048,timesfm,3881,2024-06-14,0.29446955395374197,0.1952665791497566,,0.12715064763486922,83.33333333333334
boom_telemetry_5t,ds-139-5T/v006,timesfm_2p5_ctx2048,timesfm,3983,2024-06-14,0.010952568285815067,0.1952665791497566,,0.014386528071693987,100.0
boom_telemetry_5t,ds-139-5T/v006,chronos_2_ctx2048,chronos,2048,2024-06-08,0.03157835057872565,0.021883391647133977,,0.007761031873416077,100.0
boom_telemetry_5t,ds-139-5T/v006,chronos_2_ctx2048,chronos,2150,2024-06-08,0.1659846768264547,0.021883391647133977,,0.026999214294223323,20.833333333333336
boom_telemetry_5t,ds-139-5T/v006,chronos_2_ctx2048,chronos,2252,2024-06-08,0.01942509204859012,0.021883391647133977,,0.005028400787963,100.0
boom_telemetry_5t,ds-139-5T/v006,chronos_2_ctx2048,chronos,2354,2024-06-09,0.010287365969379068,0.021883391647133977,,0.002032993214671508,100.0
boom_telemetry_5t,ds-139-5T/v006,chronos_2_ctx2048,chronos,2455,2024-06-09,0.2703132083287196,0.021883391647133977,,0.047649165718932206,75.0
boom_telemetry_5t,ds-139-5T/v006,chronos_2_ctx2048,chronos,2557,2024-06-09,0.5866084806113947,0.021883391647133977,,0.11315676896353746,93.75
boom_telemetry_5t,ds-139-5T/v006,chronos_2_ctx2048,chronos,2659,2024-06-10,0.009715725620242654,0.021883391647133977,,0.0037496014921317633,100.0
boom_telemetry_5t,ds-139-5T/v006,chronos_2_ctx2048,chronos,2761,2024-06-10,0.4559027686880089,0.021883391647133977,,0.1238793012005403,87.5
boom_telemetry_5t,ds-139-5T/v006,chronos_2_ctx2048,chronos,2863,2024-06-10,0.42634202717088604,0.021883391647133977,,0.25328505468201273,97.91666666666666
boom_telemetry_5t,ds-139-5T/v006,chronos_2_ctx2048,chronos,2965,2024-06-11,0.053385112441160794,0.021883391647133977,,0.02700433497558994,100.0
boom_telemetry_5t,ds-139-5T/v006,chronos_2_ctx2048,chronos,3066,2024-06-11,0.6433642188055826,0.021883391647133977,,0.552745388154358,79.16666666666666
boom_telemetry_5t,ds-139-5T/v006,chronos_2_ctx2048,chronos,3168,2024-06-12,0.4118134011578846,0.021883391647133977,,0.4937339652993245,89.58333333333334
boom_telemetry_5t,ds-139-5T/v006,chronos_2_ctx2048,chronos,3270,2024-06-12,0.2627317119911343,0.021883391647133977,,0.35436138888441554,62.5
boom_telemetry_5t,ds-139-5T/v006,chronos_2_ctx2048,chronos,3372,2024-06-12,0.20688631183352832,0.021883391647133977,,0.23565751801974022,95.83333333333334
boom_telemetry_5t,ds-139-5T/v006,chronos_2_ctx2048,chronos,3474,2024-06-13,0.09497472784122474,0.021883391647133977,,0.09464143670679563,100.0
boom_telemetry_5t,ds-139-5T/v006,chronos_2_ctx2048,chronos,3576,2024-06-13,0.22906480752787534,0.021883391647133977,,0.13289462868036783,85.41666666666666
boom_telemetry_5t,ds-139-5T/v006,chronos_2_ctx2048,chronos,3677,2024-06-13,0.21423967856988294,0.021883391647133977,,0.09418394833679886,89.58333333333334
boom_telemetry_5t,ds-139-5T/v006,chronos_2_ctx2048,chronos,3779,2024-06-14,0.11557193345868687,0.021883391647133977,,0.0418983864157578,75.0
boom_telemetry_5t,ds-139-5T/v006,chronos_2_ctx2048,chronos,3881,2024-06-14,0.16555272176329255,0.021883391647133977,,0.06586174477069712,97.91666666666666
boom_telemetry_5t,ds-139-5T/v006,chronos_2_ctx2048,chronos,3983,2024-06-14,0.029157925142057072,0.021883391647133977,,0.032717419790709606,100.0
boom_telemetry_5t,ds-139-5T/v006,chronos_bolt_small,chronos,2048,2024-06-08,0.17415757617732622,0.006544820853741839,,0.029721537487223657,100.0
boom_telemetry_5t,ds-139-5T/v006,chronos_bolt_small,chronos,2150,2024-06-08,0.1426625770918202,0.006544820853741839,,0.027843263360854142,97.91666666666666
boom_telemetry_5t,ds-139-5T/v006,chronos_bolt_small,chronos,2252,2024-06-08,0.10469330409322353,0.006544820853741839,,0.02358833766637475,100.0
boom_telemetry_5t,ds-139-5T/v006,chronos_bolt_small,chronos,2354,2024-06-09,0.010192871955297462,0.006544820853741839,,0.007798346513940772,100.0
boom_telemetry_5t,ds-139-5T/v006,chronos_bolt_small,chronos,2455,2024-06-09,0.4864290555679094,0.006544820853741839,,0.09036348855245258,100.0
boom_telemetry_5t,ds-139-5T/v006,chronos_bolt_small,chronos,2557,2024-06-09,0.45582041443934357,0.006544820853741839,,0.09598946282903825,100.0
boom_telemetry_5t,ds-139-5T/v006,chronos_bolt_small,chronos,2659,2024-06-10,0.031320041437322456,0.006544820853741839,,0.011553853919242473,100.0
boom_telemetry_5t,ds-139-5T/v006,chronos_bolt_small,chronos,2761,2024-06-10,0.42801235138669913,0.006544820853741839,,0.1473838240276034,100.0
boom_telemetry_5t,ds-139-5T/v006,chronos_bolt_small,chronos,2863,2024-06-10,0.3674418302663079,0.006544820853741839,,0.23272829000194262,100.0
boom_telemetry_5t,ds-139-5T/v006,chronos_bolt_small,chronos,2965,2024-06-11,0.1157889668021485,0.006544820853741839,,0.04753042448887713,100.0
boom_telemetry_5t,ds-139-5T/v006,chronos_bolt_small,chronos,3066,2024-06-11,0.5843033697896886,0.006544820853741839,,0.5147662139773234,87.5
boom_telemetry_5t,ds-139-5T/v006,chronos_bolt_small,chronos,3168,2024-06-12,0.582410101983615,0.006544820853741839,,0.705549736551288,83.33333333333334
boom_telemetry_5t,ds-139-5T/v006,chronos_bolt_small,chronos,3270,2024-06-12,0.29879586710630485,0.006544820853741839,,0.3778247570517722,83.33333333333334
boom_telemetry_5t,ds-139-5T/v006,chronos_bolt_small,chronos,3372,2024-06-12,0.47404343630651113,0.006544820853741839,,0.3072475832075647,100.0
boom_telemetry_5t,ds-139-5T/v006,chronos_bolt_small,chronos,3474,2024-06-13,0.15442198152612072,0.006544820853741839,,0.1390089188318278,100.0
boom_telemetry_5t,ds-139-5T/v006,chronos_bolt_small,chronos,3576,2024-06-13,0.40042596129401925,0.006544820853741839,,0.2178226879621251,79.16666666666666
boom_telemetry_5t,ds-139-5T/v006,chronos_bolt_small,chronos,3677,2024-06-13,0.24703454363219118,0.006544820853741839,,0.11457428725691968,91.66666666666666
boom_telemetry_5t,ds-139-5T/v006,chronos_bolt_small,chronos,3779,2024-06-14,0.22463696504197564,0.006544820853741839,,0.06940563683135344,77.08333333333334
boom_telemetry_5t,ds-139-5T/v006,chronos_bolt_small,chronos,3881,2024-06-14,0.31189009578015614,0.006544820853741839,,0.13565577475093257,83.33333333333334
boom_telemetry_5t,ds-139-5T/v006,chronos_bolt_small,chronos,3983,2024-06-14,0.09105988013921781,0.006544820853741839,,0.05637541792803088,100.0
boom_telemetry_5t,ds-139-5T/v008,naive_last,naive,2048,2024-06-08,0.13850358086372144,1.714599784463644e-06,,,
boom_telemetry_5t,ds-139-5T/v008,naive_last,naive,2150,2024-06-08,0.1691764154683983,1.714599784463644e-06,,,
boom_telemetry_5t,ds-139-5T/v008,naive_last,naive,2252,2024-06-08,0.14409102064129062,1.714599784463644e-06,,,
boom_telemetry_5t,ds-139-5T/v008,naive_last,naive,2354,2024-06-09,0.4207849112793291,1.714599784463644e-06,,,
boom_telemetry_5t,ds-139-5T/v008,naive_last,naive,2455,2024-06-09,0.7396685943165351,1.714599784463644e-06,,,
boom_telemetry_5t,ds-139-5T/v008,naive_last,naive,2557,2024-06-09,1.0333537818704341,1.714599784463644e-06,,,
boom_telemetry_5t,ds-139-5T/v008,naive_last,naive,2659,2024-06-10,0.4911811586347723,1.714599784463644e-06,,,
boom_telemetry_5t,ds-139-5T/v008,naive_last,naive,2761,2024-06-10,0.589810333462636,1.714599784463644e-06,,,
boom_telemetry_5t,ds-139-5T/v008,naive_last,naive,2863,2024-06-10,0.5498008110186877,1.714599784463644e-06,,,
boom_telemetry_5t,ds-139-5T/v008,naive_last,naive,2965,2024-06-11,0.4725460892198707,1.714599784463644e-06,,,
boom_telemetry_5t,ds-139-5T/v008,naive_last,naive,3066,2024-06-11,2.4890471186148555,1.714599784463644e-06,,,
boom_telemetry_5t,ds-139-5T/v008,naive_last,naive,3168,2024-06-12,0.8145719803140686,1.714599784463644e-06,,,
boom_telemetry_5t,ds-139-5T/v008,naive_last,naive,3270,2024-06-12,0.4685844710807987,1.714599784463644e-06,,,
boom_telemetry_5t,ds-139-5T/v008,naive_last,naive,3372,2024-06-12,0.46408816275210396,1.714599784463644e-06,,,
boom_telemetry_5t,ds-139-5T/v008,naive_last,naive,3474,2024-06-13,0.49423638200856945,1.714599784463644e-06,,,
boom_telemetry_5t,ds-139-5T/v008,naive_last,naive,3576,2024-06-13,0.3899414945073892,1.714599784463644e-06,,,
boom_telemetry_5t,ds-139-5T/v008,naive_last,naive,3677,2024-06-13,0.8521341851345888,1.714599784463644e-06,,,
boom_telemetry_5t,ds-139-5T/v008,naive_last,naive,3779,2024-06-14,0.33810146960629633,1.714599784463644e-06,,,
boom_telemetry_5t,ds-139-5T/v008,naive_last,naive,3881,2024-06-14,1.0470248048946287,1.714599784463644e-06,,,
boom_telemetry_5t,ds-139-5T/v008,naive_last,naive,3983,2024-06-14,0.7374454549376075,1.714599784463644e-06,,,
boom_telemetry_5t,ds-139-5T/v008,naive_mean,naive,2048,2024-06-08,1.052023569993475,3.7645979318767788e-06,,,
boom_telemetry_5t,ds-139-5T/v008,naive_mean,naive,2150,2024-06-08,0.9240416913627549,3.7645979318767788e-06,,,
boom_telemetry_5t,ds-139-5T/v008,naive_mean,naive,2252,2024-06-08,1.0221465352006687,3.7645979318767788e-06,,,
boom_telemetry_5t,ds-139-5T/v008,naive_mean,naive,2354,2024-06-09,1.0389468507611659,3.7645979318767788e-06,,,
boom_telemetry_5t,ds-139-5T/v008,naive_mean,naive,2455,2024-06-09,0.3158526773813003,3.7645979318767788e-06,,,
boom_telemetry_5t,ds-139-5T/v008,naive_mean,naive,2557,2024-06-09,0.4415862768519496,3.7645979318767788e-06,,,
boom_telemetry_5t,ds-139-5T/v008,naive_mean,naive,2659,2024-06-10,1.1628968657052658,3.7645979318767788e-06,,,
boom_telemetry_5t,ds-139-5T/v008,naive_mean,naive,2761,2024-06-10,0.8672990375103449,3.7645979318767788e-06,,,
boom_telemetry_5t,ds-139-5T/v008,naive_mean,naive,2863,2024-06-10,0.9449117670321044,3.7645979318767788e-06,,,
boom_telemetry_5t,ds-139-5T/v008,naive_mean,naive,2965,2024-06-11,1.9155997655674346,3.7645979318767788e-06,,,
boom_telemetry_5t,ds-139-5T/v008,naive_mean,naive,3066,2024-06-11,1.8565252526724867,3.7645979318767788e-06,,,
boom_telemetry_5t,ds-139-5T/v008,naive_mean,naive,3168,2024-06-12,0.45401203447492433,3.7645979318767788e-06,,,
boom_telemetry_5t,ds-139-5T/v008,naive_mean,naive,3270,2024-06-12,1.3521202585054273,3.7645979318767788e-06,,,
boom_telemetry_5t,ds-139-5T/v008,naive_mean,naive,3372,2024-06-12,0.8212224525120391,3.7645979318767788e-06,,,
boom_telemetry_5t,ds-139-5T/v008,naive_mean,naive,3474,2024-06-13,1.3326492907857932,3.7645979318767788e-06,,,
boom_telemetry_5t,ds-139-5T/v008,naive_mean,naive,3576,2024-06-13,1.8655519997612984,3.7645979318767788e-06,,,
boom_telemetry_5t,ds-139-5T/v008,naive_mean,naive,3677,2024-06-13,0.477144129620554,3.7645979318767788e-06,,,
boom_telemetry_5t,ds-139-5T/v008,naive_mean,naive,3779,2024-06-14,1.049211028250691,3.7645979318767788e-06,,,
boom_telemetry_5t,ds-139-5T/v008,naive_mean,naive,3881,2024-06-14,1.5123066131620768,3.7645979318767788e-06,,,
boom_telemetry_5t,ds-139-5T/v008,naive_mean,naive,3983,2024-06-14,0.8793090717044527,3.7645979318767788e-06,,,
boom_telemetry_5t,ds-139-5T/v008,seasonal_naive,naive,2048,2024-06-08,1.0455066161545148,2.254149876534939e-06,,,
boom_telemetry_5t,ds-139-5T/v008,seasonal_naive,naive,2150,2024-06-08,0.6167466798974887,2.254149876534939e-06,,,
boom_telemetry_5t,ds-139-5T/v008,seasonal_naive,naive,2252,2024-06-08,0.18405918881568833,2.254149876534939e-06,,,
boom_telemetry_5t,ds-139-5T/v008,seasonal_naive,naive,2354,2024-06-09,0.17916950863464867,2.254149876534939e-06,,,
boom_telemetry_5t,ds-139-5T/v008,seasonal_naive,naive,2455,2024-06-09,0.7582877570312055,2.254149876534939e-06,,,
boom_telemetry_5t,ds-139-5T/v008,seasonal_naive,naive,2557,2024-06-09,1.3733399654331402,2.254149876534939e-06,,,
boom_telemetry_5t,ds-139-5T/v008,seasonal_naive,naive,2659,2024-06-10,0.3321866537136957,2.254149876534939e-06,,,
boom_telemetry_5t,ds-139-5T/v008,seasonal_naive,naive,2761,2024-06-10,0.8550957880615989,2.254149876534939e-06,,,
boom_telemetry_5t,ds-139-5T/v008,seasonal_naive,naive,2863,2024-06-10,0.6552765565959843,2.254149876534939e-06,,,
boom_telemetry_5t,ds-139-5T/v008,seasonal_naive,naive,2965,2024-06-11,0.8232941604910168,2.254149876534939e-06,,,
boom_telemetry_5t,ds-139-5T/v008,seasonal_naive,naive,3066,2024-06-11,1.0882851092139785,2.254149876534939e-06,,,
boom_telemetry_5t,ds-139-5T/v008,seasonal_naive,naive,3168,2024-06-12,0.9972399124495964,2.254149876534939e-06,,,
boom_telemetry_5t,ds-139-5T/v008,seasonal_naive,naive,3270,2024-06-12,0.6897409623697534,2.254149876534939e-06,,,
boom_telemetry_5t,ds-139-5T/v008,seasonal_naive,naive,3372,2024-06-12,1.799904192602459,2.254149876534939e-06,,,
boom_telemetry_5t,ds-139-5T/v008,seasonal_naive,naive,3474,2024-06-13,0.7998523863610423,2.254149876534939e-06,,,
boom_telemetry_5t,ds-139-5T/v008,seasonal_naive,naive,3576,2024-06-13,0.8403381243555511,2.254149876534939e-06,,,
boom_telemetry_5t,ds-139-5T/v008,seasonal_naive,naive,3677,2024-06-13,1.22330705354404,2.254149876534939e-06,,,
boom_telemetry_5t,ds-139-5T/v008,seasonal_naive,naive,3779,2024-06-14,0.5644928873491873,2.254149876534939e-06,,,
boom_telemetry_5t,ds-139-5T/v008,seasonal_naive,naive,3881,2024-06-14,0.4723407867745644,2.254149876534939e-06,,,
boom_telemetry_5t,ds-139-5T/v008,seasonal_naive,naive,3983,2024-06-14,0.6386845177256095,2.254149876534939e-06,,,
boom_telemetry_5t,ds-139-5T/v008,seasonal_profile,naive,2048,2024-06-08,0.7813850776005841,2.71104509010911e-05,,,
boom_telemetry_5t,ds-139-5T/v008,seasonal_profile,naive,2150,2024-06-08,0.5657831777895425,2.71104509010911e-05,,,
boom_telemetry_5t,ds-139-5T/v008,seasonal_profile,naive,2252,2024-06-08,1.0940329410535712,2.71104509010911e-05,,,
boom_telemetry_5t,ds-139-5T/v008,seasonal_profile,naive,2354,2024-06-09,0.6675028631967159,2.71104509010911e-05,,,
boom_telemetry_5t,ds-139-5T/v008,seasonal_profile,naive,2455,2024-06-09,0.5108586017748804,2.71104509010911e-05,,,
boom_telemetry_5t,ds-139-5T/v008,seasonal_profile,naive,2557,2024-06-09,0.5443487879559097,2.71104509010911e-05,,,
boom_telemetry_5t,ds-139-5T/v008,seasonal_profile,naive,2659,2024-06-10,0.5455188369553186,2.71104509010911e-05,,,
boom_telemetry_5t,ds-139-5T/v008,seasonal_profile,naive,2761,2024-06-10,0.5410718870915249,2.71104509010911e-05,,,
boom_telemetry_5t,ds-139-5T/v008,seasonal_profile,naive,2863,2024-06-10,0.534059913280971,2.71104509010911e-05,,,
boom_telemetry_5t,ds-139-5T/v008,seasonal_profile,naive,2965,2024-06-11,0.9434228290672164,2.71104509010911e-05,,,
boom_telemetry_5t,ds-139-5T/v008,seasonal_profile,naive,3066,2024-06-11,1.794464738286502,2.71104509010911e-05,,,
boom_telemetry_5t,ds-139-5T/v008,seasonal_profile,naive,3168,2024-06-12,1.285814925924268,2.71104509010911e-05,,,
boom_telemetry_5t,ds-139-5T/v008,seasonal_profile,naive,3270,2024-06-12,0.3878627363532731,2.71104509010911e-05,,,
boom_telemetry_5t,ds-139-5T/v008,seasonal_profile,naive,3372,2024-06-12,0.7053987920251235,2.71104509010911e-05,,,
boom_telemetry_5t,ds-139-5T/v008,seasonal_profile,naive,3474,2024-06-13,0.4856038916027156,2.71104509010911e-05,,,
boom_telemetry_5t,ds-139-5T/v008,seasonal_profile,naive,3576,2024-06-13,1.0649007734280462,2.71104509010911e-05,,,
boom_telemetry_5t,ds-139-5T/v008,seasonal_profile,naive,3677,2024-06-13,1.6325906341897864,2.71104509010911e-05,,,
boom_telemetry_5t,ds-139-5T/v008,seasonal_profile,naive,3779,2024-06-14,0.4051112932163354,2.71104509010911e-05,,,
boom_telemetry_5t,ds-139-5T/v008,seasonal_profile,naive,3881,2024-06-14,0.37806316044952926,2.71104509010911e-05,,,
boom_telemetry_5t,ds-139-5T/v008,seasonal_profile,naive,3983,2024-06-14,1.1412044984446232,2.71104509010911e-05,,,
boom_telemetry_5t,ds-139-5T/v008,autoets,statistical,2048,2024-06-08,0.12225031716768676,0.851421074999962,,1.0255815520561504,95.83333333333334
boom_telemetry_5t,ds-139-5T/v008,autoets,statistical,2150,2024-06-08,0.20620358067550768,0.851421074999962,,1.1487316738400162,100.0
boom_telemetry_5t,ds-139-5T/v008,autoets,statistical,2252,2024-06-08,0.14387525023697906,0.851421074999962,,0.5558695076909824,100.0
boom_telemetry_5t,ds-139-5T/v008,autoets,statistical,2354,2024-06-09,0.420795135832119,0.851421074999962,,0.9036906046370533,100.0
boom_telemetry_5t,ds-139-5T/v008,autoets,statistical,2455,2024-06-09,0.7396544984858306,0.851421074999962,,0.9995472438575228,64.58333333333334
boom_telemetry_5t,ds-139-5T/v008,autoets,statistical,2557,2024-06-09,1.033374824052416,0.851421074999962,,0.8931313916622677,29.166666666666668
boom_telemetry_5t,ds-139-5T/v008,autoets,statistical,2659,2024-06-10,0.491174698096879,0.851421074999962,,0.8502555528432695,87.5
boom_telemetry_5t,ds-139-5T/v008,autoets,statistical,2761,2024-06-10,0.5898119165988064,0.851421074999962,,0.8939488144123066,95.83333333333334
boom_telemetry_5t,ds-139-5T/v008,autoets,statistical,2863,2024-06-10,0.549803482395069,0.851421074999962,,0.7691248683261236,97.91666666666666
boom_telemetry_5t,ds-139-5T/v008,autoets,statistical,2965,2024-06-11,0.48502191184360305,0.851421074999962,,0.42881184533650846,97.91666666666666
boom_telemetry_5t,ds-139-5T/v008,autoets,statistical,3066,2024-06-11,2.7132181800410575,0.851421074999962,,1.1578595647262824,43.75
boom_telemetry_5t,ds-139-5T/v008,autoets,statistical,3168,2024-06-12,0.8187405463296475,0.851421074999962,,0.6336496901262385,100.0
boom_telemetry_5t,ds-139-5T/v008,autoets,statistical,3270,2024-06-12,0.46975622536489,0.851421074999962,,0.8416403235860748,100.0
boom_telemetry_5t,ds-139-5T/v008,autoets,statistical,3372,2024-06-12,0.5508760692848135,0.851421074999962,,0.3408016024247466,95.83333333333334
boom_telemetry_5t,ds-139-5T/v008,autoets,statistical,3474,2024-06-13,0.5799274702981748,0.851421074999962,,0.914437826804118,97.91666666666666
boom_telemetry_5t,ds-139-5T/v008,autoets,statistical,3576,2024-06-13,0.450920724140775,0.851421074999962,,0.48712720821409095,100.0
boom_telemetry_5t,ds-139-5T/v008,autoets,statistical,3677,2024-06-13,0.793657966319629,0.851421074999962,,1.4034266811348142,89.58333333333334
boom_telemetry_5t,ds-139-5T/v008,autoets,statistical,3779,2024-06-14,0.3380995410378001,0.851421074999962,,1.0246826748031979,100.0
boom_telemetry_5t,ds-139-5T/v008,autoets,statistical,3881,2024-06-14,1.0470181340773927,0.851421074999962,,0.9376415060809136,100.0
boom_telemetry_5t,ds-139-5T/v008,autoets,statistical,3983,2024-06-14,0.7374407742210283,0.851421074999962,,0.9141836313343964,95.83333333333334
boom_telemetry_5t,ds-139-5T/v008,autotheta,statistical,2048,2024-06-08,0.15004370096046418,0.1056040812516585,,0.8230216151877274,95.83333333333334
boom_telemetry_5t,ds-139-5T/v008,autotheta,statistical,2150,2024-06-08,0.16058680722172544,0.1056040812516585,,0.8702126673765864,100.0
boom_telemetry_5t,ds-139-5T/v008,autotheta,statistical,2252,2024-06-08,0.13972784421842582,0.1056040812516585,,0.543434479820501,100.0
boom_telemetry_5t,ds-139-5T/v008,autotheta,statistical,2354,2024-06-09,0.4117953945497562,0.1056040812516585,,0.8579358085557276,100.0
boom_telemetry_5t,ds-139-5T/v008,autotheta,statistical,2455,2024-06-09,0.7382349346275232,0.1056040812516585,,0.9658072470124959,64.58333333333334
boom_telemetry_5t,ds-139-5T/v008,autotheta,statistical,2557,2024-06-09,1.0254909434185264,0.1056040812516585,,0.8764971896313232,25.0
boom_telemetry_5t,ds-139-5T/v008,autotheta,statistical,2659,2024-06-10,0.498649842575094,0.1056040812516585,,0.8926238610358911,87.5
boom_telemetry_5t,ds-139-5T/v008,autotheta,statistical,2761,2024-06-10,0.5980616583316786,0.1056040812516585,,0.9158675891492185,91.66666666666666
boom_telemetry_5t,ds-139-5T/v008,autotheta,statistical,2863,2024-06-10,0.5482566341024053,0.1056040812516585,,0.746787437511666,97.91666666666666
boom_telemetry_5t,ds-139-5T/v008,autotheta,statistical,2965,2024-06-11,0.4743893901448869,0.1056040812516585,,0.3732537573809874,93.75
boom_telemetry_5t,ds-139-5T/v008,autotheta,statistical,3066,2024-06-11,2.4983074015914934,0.1056040812516585,,1.128915096825798,37.5
boom_telemetry_5t,ds-139-5T/v008,autotheta,statistical,3168,2024-06-12,0.815459660953965,0.1056040812516585,,0.5589795930509492,100.0
boom_telemetry_5t,ds-139-5T/v008,autotheta,statistical,3270,2024-06-12,0.5090672924095856,0.1056040812516585,,1.3534329386494781,100.0
boom_telemetry_5t,ds-139-5T/v008,autotheta,statistical,3372,2024-06-12,0.7216363412426751,0.1056040812516585,,0.5775573481743269,100.0
boom_telemetry_5t,ds-139-5T/v008,autotheta,statistical,3474,2024-06-13,0.2635415793785087,0.1056040812516585,,1.5162561460941846,100.0
boom_telemetry_5t,ds-139-5T/v008,autotheta,statistical,3576,2024-06-13,0.5032333594121797,0.1056040812516585,,1.0300981323543297,100.0
boom_telemetry_5t,ds-139-5T/v008,autotheta,statistical,3677,2024-06-13,0.8816666565178788,0.1056040812516585,,2.8084243603689316,100.0
boom_telemetry_5t,ds-139-5T/v008,autotheta,statistical,3779,2024-06-14,0.5238048481521888,0.1056040812516585,,3.4181525268136372,100.0
boom_telemetry_5t,ds-139-5T/v008,autotheta,statistical,3881,2024-06-14,0.43429654786529076,0.1056040812516585,,1.741608530277803,100.0
boom_telemetry_5t,ds-139-5T/v008,autotheta,statistical,3983,2024-06-14,0.8129823318970459,0.1056040812516585,,2.4963900399735257,100.0
boom_telemetry_5t,ds-139-5T/v008,gbdt_calendar,ml,2048,2024-06-08,0.1603522178570219,1.1242463666480034,,,
boom_telemetry_5t,ds-139-5T/v008,gbdt_calendar,ml,2150,2024-06-08,0.21953733803280326,1.1242463666480034,,,
boom_telemetry_5t,ds-139-5T/v008,gbdt_calendar,ml,2252,2024-06-08,0.15233134528426773,1.1242463666480034,,,
boom_telemetry_5t,ds-139-5T/v008,gbdt_calendar,ml,2354,2024-06-09,0.3593862740532985,1.1242463666480034,,,
boom_telemetry_5t,ds-139-5T/v008,gbdt_calendar,ml,2455,2024-06-09,0.764926942393211,1.1242463666480034,,,
boom_telemetry_5t,ds-139-5T/v008,gbdt_calendar,ml,2557,2024-06-09,1.70072575918433,1.1242463666480034,,,
boom_telemetry_5t,ds-139-5T/v008,gbdt_calendar,ml,2659,2024-06-10,1.0842217535307834,1.1242463666480034,,,
boom_telemetry_5t,ds-139-5T/v008,gbdt_calendar,ml,2761,2024-06-10,1.792819017785412,1.1242463666480034,,,
boom_telemetry_5t,ds-139-5T/v008,gbdt_calendar,ml,2863,2024-06-10,0.695579681261016,1.1242463666480034,,,
boom_telemetry_5t,ds-139-5T/v008,gbdt_calendar,ml,2965,2024-06-11,1.004212226688379,1.1242463666480034,,,
boom_telemetry_5t,ds-139-5T/v008,gbdt_calendar,ml,3066,2024-06-11,1.6824264237247135,1.1242463666480034,,,
boom_telemetry_5t,ds-139-5T/v008,gbdt_calendar,ml,3168,2024-06-12,0.6107296570621512,1.1242463666480034,,,
boom_telemetry_5t,ds-139-5T/v008,gbdt_calendar,ml,3270,2024-06-12,1.063785056402838,1.1242463666480034,,,
boom_telemetry_5t,ds-139-5T/v008,gbdt_calendar,ml,3372,2024-06-12,0.6977686073258882,1.1242463666480034,,,
boom_telemetry_5t,ds-139-5T/v008,gbdt_calendar,ml,3474,2024-06-13,1.4367364242812246,1.1242463666480034,,,
boom_telemetry_5t,ds-139-5T/v008,gbdt_calendar,ml,3576,2024-06-13,1.4158796541535694,1.1242463666480034,,,
boom_telemetry_5t,ds-139-5T/v008,gbdt_calendar,ml,3677,2024-06-13,0.7036339684964813,1.1242463666480034,,,
boom_telemetry_5t,ds-139-5T/v008,gbdt_calendar,ml,3779,2024-06-14,0.7466614255409487,1.1242463666480034,,,
boom_telemetry_5t,ds-139-5T/v008,gbdt_calendar,ml,3881,2024-06-14,0.7062466655236412,1.1242463666480034,,,
boom_telemetry_5t,ds-139-5T/v008,gbdt_calendar,ml,3983,2024-06-14,0.9597166235013174,1.1242463666480034,,,
boom_telemetry_5t,ds-139-5T/v008,timesfm_2p5_ctx2048,timesfm,2048,2024-06-08,0.09830534196415253,0.21227359585464,,0.34974272727973765,95.83333333333334
boom_telemetry_5t,ds-139-5T/v008,timesfm_2p5_ctx2048,timesfm,2150,2024-06-08,0.15184541320582282,0.21227359585464,,0.6086578638879461,89.58333333333334
boom_telemetry_5t,ds-139-5T/v008,timesfm_2p5_ctx2048,timesfm,2252,2024-06-08,0.17970281479100964,0.21227359585464,,0.45164170082567523,93.75
boom_telemetry_5t,ds-139-5T/v008,timesfm_2p5_ctx2048,timesfm,2354,2024-06-09,0.19474785923816285,0.21227359585464,,0.5102564283804691,89.58333333333334
boom_telemetry_5t,ds-139-5T/v008,timesfm_2p5_ctx2048,timesfm,2455,2024-06-09,0.36787761591981155,0.21227359585464,,0.6014440564077315,75.0
boom_telemetry_5t,ds-139-5T/v008,timesfm_2p5_ctx2048,timesfm,2557,2024-06-09,0.3941410692764034,0.21227359585464,,0.360576123220028,100.0
boom_telemetry_5t,ds-139-5T/v008,timesfm_2p5_ctx2048,timesfm,2659,2024-06-10,0.32338137289340485,0.21227359585464,,0.5460455597115336,87.5
boom_telemetry_5t,ds-139-5T/v008,timesfm_2p5_ctx2048,timesfm,2761,2024-06-10,0.4029733640244591,0.21227359585464,,0.6101853218363162,100.0
boom_telemetry_5t,ds-139-5T/v008,timesfm_2p5_ctx2048,timesfm,2863,2024-06-10,0.5559465986510649,0.21227359585464,,0.7858424268822378,72.91666666666666
boom_telemetry_5t,ds-139-5T/v008,timesfm_2p5_ctx2048,timesfm,2965,2024-06-11,0.4593139316649677,0.21227359585464,,0.3390786195780036,87.5
boom_telemetry_5t,ds-139-5T/v008,timesfm_2p5_ctx2048,timesfm,3066,2024-06-11,2.145500961315493,0.21227359585464,,0.9533249208066266,45.83333333333333
boom_telemetry_5t,ds-139-5T/v008,timesfm_2p5_ctx2048,timesfm,3168,2024-06-12,0.35715086877427066,0.21227359585464,,0.3210917622949533,97.91666666666666
boom_telemetry_5t,ds-139-5T/v008,timesfm_2p5_ctx2048,timesfm,3270,2024-06-12,0.3760623953956199,0.21227359585464,,0.49639767845864474,100.0
boom_telemetry_5t,ds-139-5T/v008,timesfm_2p5_ctx2048,timesfm,3372,2024-06-12,0.3363979325065872,0.21227359585464,,0.2489027523305396,97.91666666666666
boom_telemetry_5t,ds-139-5T/v008,timesfm_2p5_ctx2048,timesfm,3474,2024-06-13,0.39452887293844996,0.21227359585464,,0.5212102520571702,95.83333333333334
boom_telemetry_5t,ds-139-5T/v008,timesfm_2p5_ctx2048,timesfm,3576,2024-06-13,0.32805907924910227,0.21227359585464,,0.27038749419383196,91.66666666666666
boom_telemetry_5t,ds-139-5T/v008,timesfm_2p5_ctx2048,timesfm,3677,2024-06-13,0.6883545912052107,0.21227359585464,,1.0590500998770076,95.83333333333334
boom_telemetry_5t,ds-139-5T/v008,timesfm_2p5_ctx2048,timesfm,3779,2024-06-14,0.3763427850378954,0.21227359585464,,0.7497581543726035,95.83333333333334
boom_telemetry_5t,ds-139-5T/v008,timesfm_2p5_ctx2048,timesfm,3881,2024-06-14,0.2953754433992965,0.21227359585464,,0.30423050650430655,97.91666666666666
boom_telemetry_5t,ds-139-5T/v008,timesfm_2p5_ctx2048,timesfm,3983,2024-06-14,0.5936618264839174,0.21227359585464,,0.747527896911383,68.75
boom_telemetry_5t,ds-139-5T/v008,chronos_2_ctx2048,chronos,2048,2024-06-08,0.08843521170533625,0.025852085399674252,,0.34039413760249265,93.75
boom_telemetry_5t,ds-139-5T/v008,chronos_2_ctx2048,chronos,2150,2024-06-08,0.17301973498683026,0.025852085399674252,,0.6803920654522227,81.25
boom_telemetry_5t,ds-139-5T/v008,chronos_2_ctx2048,chronos,2252,2024-06-08,0.17807415428101397,0.025852085399674252,,0.4388398140159842,79.16666666666666
boom_telemetry_5t,ds-139-5T/v008,chronos_2_ctx2048,chronos,2354,2024-06-09,0.19175127486812268,0.025852085399674252,,0.4984266881186648,87.5
boom_telemetry_5t,ds-139-5T/v008,chronos_2_ctx2048,chronos,2455,2024-06-09,0.43279779945640795,0.025852085399674252,,0.7081661003337534,72.91666666666666
boom_telemetry_5t,ds-139-5T/v008,chronos_2_ctx2048,chronos,2557,2024-06-09,0.3509582909129322,0.025852085399674252,,0.3332989853075372,100.0
boom_telemetry_5t,ds-139-5T/v008,chronos_2_ctx2048,chronos,2659,2024-06-10,0.3996773136995365,0.025852085399674252,,0.6595164107087602,79.16666666666666
boom_telemetry_5t,ds-139-5T/v008,chronos_2_ctx2048,chronos,2761,2024-06-10,0.43818462398254715,0.025852085399674252,,0.6448589065915132,93.75
boom_telemetry_5t,ds-139-5T/v008,chronos_2_ctx2048,chronos,2863,2024-06-10,0.569779602432552,0.025852085399674252,,0.797983950550855,70.83333333333334
boom_telemetry_5t,ds-139-5T/v008,chronos_2_ctx2048,chronos,2965,2024-06-11,0.4354230339327749,0.025852085399674252,,0.3160070157518161,89.58333333333334
boom_telemetry_5t,ds-139-5T/v008,chronos_2_ctx2048,chronos,3066,2024-06-11,2.1221619495110042,0.025852085399674252,,0.9322500800012422,45.83333333333333
boom_telemetry_5t,ds-139-5T/v008,chronos_2_ctx2048,chronos,3168,2024-06-12,0.4032775247526463,0.025852085399674252,,0.3772988244707746,100.0
boom_telemetry_5t,ds-139-5T/v008,chronos_2_ctx2048,chronos,3270,2024-06-12,0.31299737834361085,0.025852085399674252,,0.43738781320737175,85.41666666666666
boom_telemetry_5t,ds-139-5T/v008,chronos_2_ctx2048,chronos,3372,2024-06-12,0.4493676054028355,0.025852085399674252,,0.2599877548268582,97.91666666666666
boom_telemetry_5t,ds-139-5T/v008,chronos_2_ctx2048,chronos,3474,2024-06-13,0.21941303775630372,0.025852085399674252,,0.35385307195542204,100.0
boom_telemetry_5t,ds-139-5T/v008,chronos_2_ctx2048,chronos,3576,2024-06-13,0.4281563840313269,0.025852085399674252,,0.33797355864093986,75.0
boom_telemetry_5t,ds-139-5T/v008,chronos_2_ctx2048,chronos,3677,2024-06-13,0.6551871308729056,0.025852085399674252,,1.0050444076989564,91.66666666666666
boom_telemetry_5t,ds-139-5T/v008,chronos_2_ctx2048,chronos,3779,2024-06-14,0.22664623283455168,0.025852085399674252,,0.4994883575190191,97.91666666666666
boom_telemetry_5t,ds-139-5T/v008,chronos_2_ctx2048,chronos,3881,2024-06-14,0.36395378677691304,0.025852085399674252,,0.3610972458682581,75.0
boom_telemetry_5t,ds-139-5T/v008,chronos_2_ctx2048,chronos,3983,2024-06-14,0.47093754092171075,0.025852085399674252,,0.5747567294039925,83.33333333333334
boom_telemetry_5t,ds-139-5T/v008,chronos_bolt_small,chronos,2048,2024-06-08,0.09138536885341472,0.007831960398470983,,0.3303300966699799,95.83333333333334
boom_telemetry_5t,ds-139-5T/v008,chronos_bolt_small,chronos,2150,2024-06-08,0.16469998704393984,0.007831960398470983,,0.590696473365228,77.08333333333334
boom_telemetry_5t,ds-139-5T/v008,chronos_bolt_small,chronos,2252,2024-06-08,0.26092509524371155,0.007831960398470983,,0.6219093305217994,91.66666666666666
boom_telemetry_5t,ds-139-5T/v008,chronos_bolt_small,chronos,2354,2024-06-09,0.23619990109550887,0.007831960398470983,,0.600806308534173,100.0
boom_telemetry_5t,ds-139-5T/v008,chronos_bolt_small,chronos,2455,2024-06-09,0.4617699151007207,0.007831960398470983,,0.8083984307903653,72.91666666666666
boom_telemetry_5t,ds-139-5T/v008,chronos_bolt_small,chronos,2557,2024-06-09,0.3420511866016871,0.007831960398470983,,0.32943902754769777,100.0
boom_telemetry_5t,ds-139-5T/v008,chronos_bolt_small,chronos,2659,2024-06-10,0.4057270215204841,0.007831960398470983,,0.6844675354213867,75.0
boom_telemetry_5t,ds-139-5T/v008,chronos_bolt_small,chronos,2761,2024-06-10,0.5215896682269623,0.007831960398470983,,0.7498539321230475,87.5
boom_telemetry_5t,ds-139-5T/v008,chronos_bolt_small,chronos,2863,2024-06-10,0.9690047709070382,0.007831960398470983,,1.4585953159481493,50.0
boom_telemetry_5t,ds-139-5T/v008,chronos_bolt_small,chronos,2965,2024-06-11,0.447588540228604,0.007831960398470983,,0.32616845989285637,89.58333333333334
boom_telemetry_5t,ds-139-5T/v008,chronos_bolt_small,chronos,3066,2024-06-11,2.025382213800154,0.007831960398470983,,0.9072193632289716,35.41666666666667
boom_telemetry_5t,ds-139-5T/v008,chronos_bolt_small,chronos,3168,2024-06-12,0.6633805183747622,0.007831960398470983,,0.5096431977489898,77.08333333333334
boom_telemetry_5t,ds-139-5T/v008,chronos_bolt_small,chronos,3270,2024-06-12,0.2836959889977139,0.007831960398470983,,0.4212027806761828,81.25
boom_telemetry_5t,ds-139-5T/v008,chronos_bolt_small,chronos,3372,2024-06-12,1.2499413308711746,0.007831960398470983,,0.5409107635568154,87.5
boom_telemetry_5t,ds-139-5T/v008,chronos_bolt_small,chronos,3474,2024-06-13,0.3520737686793257,0.007831960398470983,,0.450959291966551,89.58333333333334
boom_telemetry_5t,ds-139-5T/v008,chronos_bolt_small,chronos,3576,2024-06-13,0.4057418831643638,0.007831960398470983,,0.33330186408817786,79.16666666666666
boom_telemetry_5t,ds-139-5T/v008,chronos_bolt_small,chronos,3677,2024-06-13,0.48833339718946434,0.007831960398470983,,0.827453472091463,97.91666666666666
boom_telemetry_5t,ds-139-5T/v008,chronos_bolt_small,chronos,3779,2024-06-14,0.27906275350497495,0.007831960398470983,,0.5756494126509151,95.83333333333334
boom_telemetry_5t,ds-139-5T/v008,chronos_bolt_small,chronos,3881,2024-06-14,0.22963206911392062,0.007831960398470983,,0.24055600610206943,95.83333333333334
boom_telemetry_5t,ds-139-5T/v008,chronos_bolt_small,chronos,3983,2024-06-14,0.5078892031999006,0.007831960398470983,,0.6199714164130772,85.41666666666666
boom_telemetry_5t,ds-139-5T/v016,naive_last,naive,2048,2024-06-08,0.0094003516570306,1.629203325137496e-06,,,
boom_telemetry_5t,ds-139-5T/v016,naive_last,naive,2150,2024-06-08,0.007231917459347049,1.629203325137496e-06,,,
boom_telemetry_5t,ds-139-5T/v016,naive_last,naive,2252,2024-06-08,0.013776350680966006,1.629203325137496e-06,,,
boom_telemetry_5t,ds-139-5T/v016,naive_last,naive,2354,2024-06-09,0.011187992384066637,1.629203325137496e-06,,,
boom_telemetry_5t,ds-139-5T/v016,naive_last,naive,2455,2024-06-09,0.03574095513530231,1.629203325137496e-06,,,
boom_telemetry_5t,ds-139-5T/v016,naive_last,naive,2557,2024-06-09,0.021318799914532685,1.629203325137496e-06,,,
boom_telemetry_5t,ds-139-5T/v016,naive_last,naive,2659,2024-06-10,0.2808770761951044,1.629203325137496e-06,,,
boom_telemetry_5t,ds-139-5T/v016,naive_last,naive,2761,2024-06-10,2.4604565243637766,1.629203325137496e-06,,,
boom_telemetry_5t,ds-139-5T/v016,naive_last,naive,2863,2024-06-10,0.0,1.629203325137496e-06,,,
boom_telemetry_5t,ds-139-5T/v016,naive_last,naive,2965,2024-06-11,0.0,1.629203325137496e-06,,,
boom_telemetry_5t,ds-139-5T/v016,naive_last,naive,3066,2024-06-11,0.9676206793833776,1.629203325137496e-06,,,
boom_telemetry_5t,ds-139-5T/v016,naive_last,naive,3168,2024-06-12,0.0,1.629203325137496e-06,,,
boom_telemetry_5t,ds-139-5T/v016,naive_last,naive,3270,2024-06-12,0.0,1.629203325137496e-06,,,
boom_telemetry_5t,ds-139-5T/v016,naive_last,naive,3372,2024-06-12,1.335059989586339,1.629203325137496e-06,,,
boom_telemetry_5t,ds-139-5T/v016,naive_last,naive,3474,2024-06-13,0.0,1.629203325137496e-06,,,
boom_telemetry_5t,ds-139-5T/v016,naive_last,naive,3576,2024-06-13,0.0,1.629203325137496e-06,,,
boom_telemetry_5t,ds-139-5T/v016,naive_last,naive,3677,2024-06-13,0.3091186977109915,1.629203325137496e-06,,,
boom_telemetry_5t,ds-139-5T/v016,naive_last,naive,3779,2024-06-14,0.0,1.629203325137496e-06,,,
boom_telemetry_5t,ds-139-5T/v016,naive_last,naive,3881,2024-06-14,0.0,1.629203325137496e-06,,,
boom_telemetry_5t,ds-139-5T/v016,naive_last,naive,3983,2024-06-14,0.7928069552840047,1.629203325137496e-06,,,
boom_telemetry_5t,ds-139-5T/v016,naive_mean,naive,2048,2024-06-08,0.3478039109221251,3.4187512937933205e-06,,,
boom_telemetry_5t,ds-139-5T/v016,naive_mean,naive,2150,2024-06-08,0.3272997975511682,3.4187512937933205e-06,,,
boom_telemetry_5t,ds-139-5T/v016,naive_mean,naive,2252,2024-06-08,0.30972187514775096,3.4187512937933205e-06,,,
boom_telemetry_5t,ds-139-5T/v016,naive_mean,naive,2354,2024-06-09,0.5819751199614718,3.4187512937933205e-06,,,
boom_telemetry_5t,ds-139-5T/v016,naive_mean,naive,2455,2024-06-09,0.5592142421635806,3.4187512937933205e-06,,,
boom_telemetry_5t,ds-139-5T/v016,naive_mean,naive,2557,2024-06-09,0.48747664302776406,3.4187512937933205e-06,,,
boom_telemetry_5t,ds-139-5T/v016,naive_mean,naive,2659,2024-06-10,9.81060599593662,3.4187512937933205e-06,,,
boom_telemetry_5t,ds-139-5T/v016,naive_mean,naive,2761,2024-06-10,6.359830324350174,3.4187512937933205e-06,,,
boom_telemetry_5t,ds-139-5T/v016,naive_mean,naive,2863,2024-06-10,7.587867855713069,3.4187512937933205e-06,,,
boom_telemetry_5t,ds-139-5T/v016,naive_mean,naive,2965,2024-06-11,6.910563360934327,3.4187512937933205e-06,,,
boom_telemetry_5t,ds-139-5T/v016,naive_mean,naive,3066,2024-06-11,5.376516615853095,3.4187512937933205e-06,,,
boom_telemetry_5t,ds-139-5T/v016,naive_mean,naive,3168,2024-06-12,6.34512082864674,3.4187512937933205e-06,,,
boom_telemetry_5t,ds-139-5T/v016,naive_mean,naive,3270,2024-06-12,5.997634247833367,3.4187512937933205e-06,,,
boom_telemetry_5t,ds-139-5T/v016,naive_mean,naive,3372,2024-06-12,4.731365458436657,3.4187512937933205e-06,,,
boom_telemetry_5t,ds-139-5T/v016,naive_mean,naive,3474,2024-06-13,5.544593747562633,3.4187512937933205e-06,,,
boom_telemetry_5t,ds-139-5T/v016,naive_mean,naive,3576,2024-06-13,6.582399362219152,3.4187512937933205e-06,,,
boom_telemetry_5t,ds-139-5T/v016,naive_mean,naive,3677,2024-06-13,7.987605880122086,3.4187512937933205e-06,,,
boom_telemetry_5t,ds-139-5T/v016,naive_mean,naive,3779,2024-06-14,11.225522283061219,3.4187512937933205e-06,,,
boom_telemetry_5t,ds-139-5T/v016,naive_mean,naive,3881,2024-06-14,12.097776997949694,3.4187512937933205e-06,,,
boom_telemetry_5t,ds-139-5T/v016,naive_mean,naive,3983,2024-06-14,11.77823032614849,3.4187512937933205e-06,,,
boom_telemetry_5t,ds-139-5T/v016,seasonal_naive,naive,2048,2024-06-08,0.02146041404207649,2.050003968179226e-06,,,
boom_telemetry_5t,ds-139-5T/v016,seasonal_naive,naive,2150,2024-06-08,0.008337068133640275,2.050003968179226e-06,,,
boom_telemetry_5t,ds-139-5T/v016,seasonal_naive,naive,2252,2024-06-08,0.0003986290780661996,2.050003968179226e-06,,,
boom_telemetry_5t,ds-139-5T/v016,seasonal_naive,naive,2354,2024-06-09,0.004254588653095762,2.050003968179226e-06,,,
boom_telemetry_5t,ds-139-5T/v016,seasonal_naive,naive,2455,2024-06-09,0.003121920376542561,2.050003968179226e-06,,,
boom_telemetry_5t,ds-139-5T/v016,seasonal_naive,naive,2557,2024-06-09,0.05464254920450904,2.050003968179226e-06,,,
boom_telemetry_5t,ds-139-5T/v016,seasonal_naive,naive,2659,2024-06-10,0.5022192639460796,2.050003968179226e-06,,,
boom_telemetry_5t,ds-139-5T/v016,seasonal_naive,naive,2761,2024-06-10,1.5261165844834008,2.050003968179226e-06,,,
boom_telemetry_5t,ds-139-5T/v016,seasonal_naive,naive,2863,2024-06-10,0.8618867984098764,2.050003968179226e-06,,,
boom_telemetry_5t,ds-139-5T/v016,seasonal_naive,naive,2965,2024-06-11,1.091641914701509,2.050003968179226e-06,,,
boom_telemetry_5t,ds-139-5T/v016,seasonal_naive,naive,3066,2024-06-11,1.3283079539626712,2.050003968179226e-06,,,
boom_telemetry_5t,ds-139-5T/v016,seasonal_naive,naive,3168,2024-06-12,0.43140592638646985,2.050003968179226e-06,,,
boom_telemetry_5t,ds-139-5T/v016,seasonal_naive,naive,3270,2024-06-12,0.40032373997032406,2.050003968179226e-06,,,
boom_telemetry_5t,ds-139-5T/v016,seasonal_naive,naive,3372,2024-06-12,0.4639811054976759,2.050003968179226e-06,,,
boom_telemetry_5t,ds-139-5T/v016,seasonal_naive,naive,3474,2024-06-13,0.0,2.050003968179226e-06,,,
boom_telemetry_5t,ds-139-5T/v016,seasonal_naive,naive,3576,2024-06-13,0.0,2.050003968179226e-06,,,
boom_telemetry_5t,ds-139-5T/v016,seasonal_naive,naive,3677,2024-06-13,0.11395494793828405,2.050003968179226e-06,,,
boom_telemetry_5t,ds-139-5T/v016,seasonal_naive,naive,3779,2024-06-14,0.0,2.050003968179226e-06,,,
boom_telemetry_5t,ds-139-5T/v016,seasonal_naive,naive,3881,2024-06-14,0.0,2.050003968179226e-06,,,
boom_telemetry_5t,ds-139-5T/v016,seasonal_naive,naive,3983,2024-06-14,0.00142670423583022,2.050003968179226e-06,,,
boom_telemetry_5t,ds-139-5T/v016,seasonal_profile,naive,2048,2024-06-08,0.10754570783432302,2.446665312163532e-05,,,
boom_telemetry_5t,ds-139-5T/v016,seasonal_profile,naive,2150,2024-06-08,0.11104710640847956,2.446665312163532e-05,,,
boom_telemetry_5t,ds-139-5T/v016,seasonal_profile,naive,2252,2024-06-08,0.10223878398446658,2.446665312163532e-05,,,
boom_telemetry_5t,ds-139-5T/v016,seasonal_profile,naive,2354,2024-06-09,0.11306175402208286,2.446665312163532e-05,,,
boom_telemetry_5t,ds-139-5T/v016,seasonal_profile,naive,2455,2024-06-09,0.11261900445103576,2.446665312163532e-05,,,
boom_telemetry_5t,ds-139-5T/v016,seasonal_profile,naive,2557,2024-06-09,0.13740260393442127,2.446665312163532e-05,,,
boom_telemetry_5t,ds-139-5T/v016,seasonal_profile,naive,2659,2024-06-10,0.5709655434357944,2.446665312163532e-05,,,
boom_telemetry_5t,ds-139-5T/v016,seasonal_profile,naive,2761,2024-06-10,2.848101645069188,2.446665312163532e-05,,,
boom_telemetry_5t,ds-139-5T/v016,seasonal_profile,naive,2863,2024-06-10,1.5855682367077453,2.446665312163532e-05,,,
boom_telemetry_5t,ds-139-5T/v016,seasonal_profile,naive,2965,2024-06-11,1.3926002607520809,2.446665312163532e-05,,,
boom_telemetry_5t,ds-139-5T/v016,seasonal_profile,naive,3066,2024-06-11,0.9983368784306044,2.446665312163532e-05,,,
boom_telemetry_5t,ds-139-5T/v016,seasonal_profile,naive,3168,2024-06-12,0.7527815923288919,2.446665312163532e-05,,,
boom_telemetry_5t,ds-139-5T/v016,seasonal_profile,naive,3270,2024-06-12,0.7197786145646806,2.446665312163532e-05,,,
boom_telemetry_5t,ds-139-5T/v016,seasonal_profile,naive,3372,2024-06-12,0.5463467328436931,2.446665312163532e-05,,,
boom_telemetry_5t,ds-139-5T/v016,seasonal_profile,naive,3474,2024-06-13,0.281343779340954,2.446665312163532e-05,,,
boom_telemetry_5t,ds-139-5T/v016,seasonal_profile,naive,3576,2024-06-13,0.2615555075953812,2.446665312163532e-05,,,
boom_telemetry_5t,ds-139-5T/v016,seasonal_profile,naive,3677,2024-06-13,0.4087746822282381,2.446665312163532e-05,,,
boom_telemetry_5t,ds-139-5T/v016,seasonal_profile,naive,3779,2024-06-14,0.0,2.446665312163532e-05,,,
boom_telemetry_5t,ds-139-5T/v016,seasonal_profile,naive,3881,2024-06-14,0.004934435063366789,2.446665312163532e-05,,,
boom_telemetry_5t,ds-139-5T/v016,seasonal_profile,naive,3983,2024-06-14,0.30866021836779334,2.446665312163532e-05,,,
boom_telemetry_5t,ds-139-5T/v016,autoets,statistical,2048,2024-06-08,0.0094582180959298,0.9323681249981746,,163.83645107810838,100.0
boom_telemetry_5t,ds-139-5T/v016,autoets,statistical,2150,2024-06-08,0.007231917457018864,0.9323681249981746,,1.824746928673111,100.0
boom_telemetry_5t,ds-139-5T/v016,autoets,statistical,2252,2024-06-08,0.013775823679811951,0.9323681249981746,,1.456997228157653,100.0
boom_telemetry_5t,ds-139-5T/v016,autoets,statistical,2354,2024-06-09,0.011187992384066637,0.9323681249981746,,1.7764114028796756,100.0
boom_telemetry_5t,ds-139-5T/v016,autoets,statistical,2455,2024-06-09,0.03574095513530231,0.9323681249981746,,2.1674086446283547,95.83333333333334
boom_telemetry_5t,ds-139-5T/v016,autoets,statistical,2557,2024-06-09,0.021318799889887774,0.9323681249981746,,0.5088556545380906,100.0
boom_telemetry_5t,ds-139-5T/v016,autoets,statistical,2659,2024-06-10,0.2808770761951044,0.9323681249981746,,0.9984670159434941,100.0
boom_telemetry_5t,ds-139-5T/v016,autoets,statistical,2761,2024-06-10,2.4604845864831106,0.9323681249981746,,0.5698611104958055,58.333333333333336
boom_telemetry_5t,ds-139-5T/v016,autoets,statistical,2863,2024-06-10,0.0,0.9323681249981746,,0.2694971846691494,100.0
boom_telemetry_5t,ds-139-5T/v016,autoets,statistical,2965,2024-06-11,0.0,0.9323681249981746,,0.26501727109860057,100.0
boom_telemetry_5t,ds-139-5T/v016,autoets,statistical,3066,2024-06-11,0.9676206793833776,0.9323681249981746,,0.3456280442729666,81.25
boom_telemetry_5t,ds-139-5T/v016,autoets,statistical,3168,2024-06-12,3.077403303017382e-09,0.9323681249981746,,0.3875249781967473,100.0
boom_telemetry_5t,ds-139-5T/v016,autoets,statistical,3270,2024-06-12,0.0,0.9323681249981746,,0.37089223671482613,100.0
boom_telemetry_5t,ds-139-5T/v016,autoets,statistical,3372,2024-06-12,1.3349924855654878,0.9323681249981746,,0.4893829582052404,91.66666666666666
boom_telemetry_5t,ds-139-5T/v016,autoets,statistical,3474,2024-06-13,0.0,0.9323681249981746,,0.3601573067178829,100.0
boom_telemetry_5t,ds-139-5T/v016,autoets,statistical,3576,2024-06-13,0.0,0.9323681249981746,,0.35903506547732905,100.0
boom_telemetry_5t,ds-139-5T/v016,autoets,statistical,3677,2024-06-13,0.3092727926985198,0.9323681249981746,,0.3287294711414931,100.0
boom_telemetry_5t,ds-139-5T/v016,autoets,statistical,3779,2024-06-14,0.0,0.9323681249981746,,0.3629533076778197,100.0
boom_telemetry_5t,ds-139-5T/v016,autoets,statistical,3881,2024-06-14,0.0,0.9323681249981746,,0.36180721390582804,100.0
boom_telemetry_5t,ds-139-5T/v016,autoets,statistical,3983,2024-06-14,0.7928069552840047,0.9323681249981746,,0.4032314977993313,100.0
boom_telemetry_5t,ds-139-5T/v016,autotheta,statistical,2048,2024-06-08,0.019698774579682887,0.11542998125078156,,109.5981378654289,100.0
boom_telemetry_5t,ds-139-5T/v016,autotheta,statistical,2150,2024-06-08,0.007050395828600887,0.11542998125078156,,1.8585088111416983,100.0
boom_telemetry_5t,ds-139-5T/v016,autotheta,statistical,2252,2024-06-08,0.01484578845793382,0.11542998125078156,,1.426948613582758,100.0
boom_telemetry_5t,ds-139-5T/v016,autotheta,statistical,2354,2024-06-09,0.013830429430964885,0.11542998125078156,,1.7522634945279238,100.0
boom_telemetry_5t,ds-139-5T/v016,autotheta,statistical,2455,2024-06-09,0.03839648541051146,0.11542998125078156,,2.1250354978841157,97.91666666666666
boom_telemetry_5t,ds-139-5T/v016,autotheta,statistical,2557,2024-06-09,0.020345450059744054,0.11542998125078156,,0.5120505409640268,100.0
boom_telemetry_5t,ds-139-5T/v016,autotheta,statistical,2659,2024-06-10,0.2816167875723843,0.11542998125078156,,1.006878443591193,100.0
boom_telemetry_5t,ds-139-5T/v016,autotheta,statistical,2761,2024-06-10,2.416205136123634,0.11542998125078156,,0.5658468554290137,58.333333333333336
boom_telemetry_5t,ds-139-5T/v016,autotheta,statistical,2863,2024-06-10,0.04817056536935174,0.11542998125078156,,0.26576569458330934,100.0
boom_telemetry_5t,ds-139-5T/v016,autotheta,statistical,2965,2024-06-11,0.04621365804092781,0.11542998125078156,,0.26207634185853756,100.0
boom_telemetry_5t,ds-139-5T/v016,autotheta,statistical,3066,2024-06-11,0.9428401935353758,0.11542998125078156,,0.35374337775554043,81.25
boom_telemetry_5t,ds-139-5T/v016,autotheta,statistical,3168,2024-06-12,0.2307434613836323,0.11542998125078156,,0.9614136869109238,100.0
boom_telemetry_5t,ds-139-5T/v016,autotheta,statistical,3270,2024-06-12,0.1589342809561125,0.11542998125078156,,0.9227815165310728,100.0
boom_telemetry_5t,ds-139-5T/v016,autotheta,statistical,3372,2024-06-12,0.8539466047795969,0.11542998125078156,,0.5435967765659374,100.0
boom_telemetry_5t,ds-139-5T/v016,autotheta,statistical,3474,2024-06-13,0.11429516578568615,0.11542998125078156,,0.9297131137592289,100.0
boom_telemetry_5t,ds-139-5T/v016,autotheta,statistical,3576,2024-06-13,0.12271080329916151,0.11542998125078156,,0.8783708648479391,100.0
boom_telemetry_5t,ds-139-5T/v016,autotheta,statistical,3677,2024-06-13,1.340906979169507,0.11542998125078156,,0.9370910466111474,100.0
boom_telemetry_5t,ds-139-5T/v016,autotheta,statistical,3779,2024-06-14,0.12724991436253982,0.11542998125078156,,0.9624592890194602,100.0
boom_telemetry_5t,ds-139-5T/v016,autotheta,statistical,3881,2024-06-14,0.3046249187693204,0.11542998125078156,,0.881813572433409,100.0
boom_telemetry_5t,ds-139-5T/v016,autotheta,statistical,3983,2024-06-14,0.11660105569714016,0.11542998125078156,,0.7564882252432179,100.0
boom_telemetry_5t,ds-139-5T/v016,gbdt_calendar,ml,2048,2024-06-08,0.009726138757716201,1.613977177097695,,,
boom_telemetry_5t,ds-139-5T/v016,gbdt_calendar,ml,2150,2024-06-08,0.009560922770477117,1.613977177097695,,,
boom_telemetry_5t,ds-139-5T/v016,gbdt_calendar,ml,2252,2024-06-08,0.017479524940906977,1.613977177097695,,,
boom_telemetry_5t,ds-139-5T/v016,gbdt_calendar,ml,2354,2024-06-09,0.004289225298964587,1.613977177097695,,,
boom_telemetry_5t,ds-139-5T/v016,gbdt_calendar,ml,2455,2024-06-09,0.014899261610183805,1.613977177097695,,,
boom_telemetry_5t,ds-139-5T/v016,gbdt_calendar,ml,2557,2024-06-09,0.09414961995049365,1.613977177097695,,,
boom_telemetry_5t,ds-139-5T/v016,gbdt_calendar,ml,2659,2024-06-10,0.1979329523705119,1.613977177097695,,,
boom_telemetry_5t,ds-139-5T/v016,gbdt_calendar,ml,2761,2024-06-10,4.00256507527927,1.613977177097695,,,
boom_telemetry_5t,ds-139-5T/v016,gbdt_calendar,ml,2863,2024-06-10,1.04922654438454,1.613977177097695,,,
boom_telemetry_5t,ds-139-5T/v016,gbdt_calendar,ml,2965,2024-06-11,0.08215065564446149,1.613977177097695,,,
boom_telemetry_5t,ds-139-5T/v016,gbdt_calendar,ml,3066,2024-06-11,1.6429348956874537,1.613977177097695,,,
boom_telemetry_5t,ds-139-5T/v016,gbdt_calendar,ml,3168,2024-06-12,0.16105491531715802,1.613977177097695,,,
boom_telemetry_5t,ds-139-5T/v016,gbdt_calendar,ml,3270,2024-06-12,0.030678086766137015,1.613977177097695,,,
boom_telemetry_5t,ds-139-5T/v016,gbdt_calendar,ml,3372,2024-06-12,0.8797268642388464,1.613977177097695,,,
boom_telemetry_5t,ds-139-5T/v016,gbdt_calendar,ml,3474,2024-06-13,0.04477485440806955,1.613977177097695,,,
boom_telemetry_5t,ds-139-5T/v016,gbdt_calendar,ml,3576,2024-06-13,0.007910368253972764,1.613977177097695,,,
boom_telemetry_5t,ds-139-5T/v016,gbdt_calendar,ml,3677,2024-06-13,0.35502617241692525,1.613977177097695,,,
boom_telemetry_5t,ds-139-5T/v016,gbdt_calendar,ml,3779,2024-06-14,0.02175761305915927,1.613977177097695,,,
boom_telemetry_5t,ds-139-5T/v016,gbdt_calendar,ml,3881,2024-06-14,0.01866737113659847,1.613977177097695,,,
boom_telemetry_5t,ds-139-5T/v016,gbdt_calendar,ml,3983,2024-06-14,0.22497341587887604,1.613977177097695,,,
boom_telemetry_5t,ds-139-5T/v016,timesfm_2p5_ctx2048,timesfm,2048,2024-06-08,0.007956382180629593,0.21181673540268092,,1.3779729913756773,100.0
boom_telemetry_5t,ds-139-5T/v016,timesfm_2p5_ctx2048,timesfm,2150,2024-06-08,0.004487326204038165,0.21181673540268092,,1.4306343335763663,97.91666666666666
boom_telemetry_5t,ds-139-5T/v016,timesfm_2p5_ctx2048,timesfm,2252,2024-06-08,0.014574520014195156,0.21181673540268092,,1.5502105328785585,97.91666666666666
boom_telemetry_5t,ds-139-5T/v016,timesfm_2p5_ctx2048,timesfm,2354,2024-06-09,0.010561533537596101,0.21181673540268092,,1.4236093659040048,100.0
boom_telemetry_5t,ds-139-5T/v016,timesfm_2p5_ctx2048,timesfm,2455,2024-06-09,0.021716539592830153,0.21181673540268092,,1.5291648289367137,100.0
boom_telemetry_5t,ds-139-5T/v016,timesfm_2p5_ctx2048,timesfm,2557,2024-06-09,0.016466356439669583,0.21181673540268092,,0.3733122065758816,100.0
boom_telemetry_5t,ds-139-5T/v016,timesfm_2p5_ctx2048,timesfm,2659,2024-06-10,0.060951190678740066,0.21181673540268092,,0.1342744352333474,95.83333333333334
boom_telemetry_5t,ds-139-5T/v016,timesfm_2p5_ctx2048,timesfm,2761,2024-06-10,2.670387322449011,0.21181673540268092,,0.6813513792777105,27.083333333333332
boom_telemetry_5t,ds-139-5T/v016,timesfm_2p5_ctx2048,timesfm,2863,2024-06-10,0.2020699486457026,0.21181673540268092,,0.10620141427019972,97.91666666666666
boom_telemetry_5t,ds-139-5T/v016,timesfm_2p5_ctx2048,timesfm,2965,2024-06-11,0.06062441876842608,0.21181673540268092,,0.036927738247989186,100.0
boom_telemetry_5t,ds-139-5T/v016,timesfm_2p5_ctx2048,timesfm,3066,2024-06-11,0.44169635391637524,0.21181673540268092,,0.154399746818185,89.58333333333334
boom_telemetry_5t,ds-139-5T/v016,timesfm_2p5_ctx2048,timesfm,3168,2024-06-12,0.026075842326414484,0.21181673540268092,,0.04424861088123619,100.0
boom_telemetry_5t,ds-139-5T/v016,timesfm_2p5_ctx2048,timesfm,3270,2024-06-12,0.009795246534467382,0.21181673540268092,,0.015478103512373966,100.0
boom_telemetry_5t,ds-139-5T/v016,timesfm_2p5_ctx2048,timesfm,3372,2024-06-12,0.3045225367999304,0.21181673540268092,,0.14987422828920818,95.83333333333334
boom_telemetry_5t,ds-139-5T/v016,timesfm_2p5_ctx2048,timesfm,3474,2024-06-13,0.0028133861977537836,0.21181673540268092,,0.008398014240569539,100.0
boom_telemetry_5t,ds-139-5T/v016,timesfm_2p5_ctx2048,timesfm,3576,2024-06-13,0.01385107789123166,0.21181673540268092,,0.011714272871760087,100.0
boom_telemetry_5t,ds-139-5T/v016,timesfm_2p5_ctx2048,timesfm,3677,2024-06-13,0.11342792262158537,0.21181673540268092,,0.07292804225695919,100.0
boom_telemetry_5t,ds-139-5T/v016,timesfm_2p5_ctx2048,timesfm,3779,2024-06-14,0.005069803268346324,0.21181673540268092,,0.004164777388127577,100.0
boom_telemetry_5t,ds-139-5T/v016,timesfm_2p5_ctx2048,timesfm,3881,2024-06-14,0.031855056695614926,0.21181673540268092,,0.012688976012427822,81.25
boom_telemetry_5t,ds-139-5T/v016,timesfm_2p5_ctx2048,timesfm,3983,2024-06-14,0.08978810365465606,0.21181673540268092,,0.030738360121863217,100.0
boom_telemetry_5t,ds-139-5T/v016,chronos_2_ctx2048,chronos,2048,2024-06-08,0.006432039295281314,0.02294927915208973,,0.7986988524771111,100.0
boom_telemetry_5t,ds-139-5T/v016,chronos_2_ctx2048,chronos,2150,2024-06-08,0.010471287573379817,0.02294927915208973,,1.2735724978893443,95.83333333333334
boom_telemetry_5t,ds-139-5T/v016,chronos_2_ctx2048,chronos,2252,2024-06-08,0.008373163379725055,0.02294927915208973,,0.7166552291649771,87.5
boom_telemetry_5t,ds-139-5T/v016,chronos_2_ctx2048,chronos,2354,2024-06-09,0.01244801334887044,0.02294927915208973,,0.7626630555573772,100.0
boom_telemetry_5t,ds-139-5T/v016,chronos_2_ctx2048,chronos,2455,2024-06-09,0.013212326198446827,0.02294927915208973,,0.7550589744843065,91.66666666666666
boom_telemetry_5t,ds-139-5T/v016,chronos_2_ctx2048,chronos,2557,2024-06-09,0.05901553843721168,0.02294927915208973,,19.482901090150765,83.33333333333334
boom_telemetry_5t,ds-139-5T/v016,chronos_2_ctx2048,chronos,2659,2024-06-10,0.04975600347566813,0.02294927915208973,,0.0998851987081817,100.0
boom_telemetry_5t,ds-139-5T/v016,chronos_2_ctx2048,chronos,2761,2024-06-10,1.554522157354298,0.02294927915208973,,0.33011357475857794,54.166666666666664
boom_telemetry_5t,ds-139-5T/v016,chronos_2_ctx2048,chronos,2863,2024-06-10,0.366491324871654,0.02294927915208973,,0.14883891558808313,100.0
boom_telemetry_5t,ds-139-5T/v016,chronos_2_ctx2048,chronos,2965,2024-06-11,0.026432188877715267,0.02294927915208973,,0.02378022537831606,100.0
boom_telemetry_5t,ds-139-5T/v016,chronos_2_ctx2048,chronos,3066,2024-06-11,0.5839681937384988,0.02294927915208973,,0.19276083779597222,97.91666666666666
boom_telemetry_5t,ds-139-5T/v016,chronos_2_ctx2048,chronos,3168,2024-06-12,0.09462610855181273,0.02294927915208973,,0.09650619020147007,100.0
boom_telemetry_5t,ds-139-5T/v016,chronos_2_ctx2048,chronos,3270,2024-06-12,0.006490825197719602,0.02294927915208973,,0.008905756418586392,100.0
boom_telemetry_5t,ds-139-5T/v016,chronos_2_ctx2048,chronos,3372,2024-06-12,0.3155393595596535,0.02294927915208973,,0.1290770462824626,89.58333333333334
boom_telemetry_5t,ds-139-5T/v016,chronos_2_ctx2048,chronos,3474,2024-06-13,0.010452998549294304,0.02294927915208973,,0.008125236420240354,100.0
boom_telemetry_5t,ds-139-5T/v016,chronos_2_ctx2048,chronos,3576,2024-06-13,0.006318717361672661,0.02294927915208973,,0.004445845225001466,100.0
boom_telemetry_5t,ds-139-5T/v016,chronos_2_ctx2048,chronos,3677,2024-06-13,0.10921007160563624,0.02294927915208973,,0.05094079264237742,75.0
boom_telemetry_5t,ds-139-5T/v016,chronos_2_ctx2048,chronos,3779,2024-06-14,0.009651998796993477,0.02294927915208973,,0.003539881551730145,97.91666666666666
boom_telemetry_5t,ds-139-5T/v016,chronos_2_ctx2048,chronos,3881,2024-06-14,0.006549892216569398,0.02294927915208973,,0.002267085702354005,97.91666666666666
boom_telemetry_5t,ds-139-5T/v016,chronos_2_ctx2048,chronos,3983,2024-06-14,0.02196117159613024,0.02294927915208973,,0.007621659972513968,93.75
boom_telemetry_5t,ds-139-5T/v016,chronos_bolt_small,chronos,2048,2024-06-08,0.042440210400550835,0.006951506249606609,,4.690017392056982,62.5
boom_telemetry_5t,ds-139-5T/v016,chronos_bolt_small,chronos,2150,2024-06-08,0.04171286422148936,0.006951506249606609,,5.78123558515325,35.41666666666667
boom_telemetry_5t,ds-139-5T/v016,chronos_bolt_small,chronos,2252,2024-06-08,0.04026353140949856,0.006951506249606609,,3.454481628927481,68.75
boom_telemetry_5t,ds-139-5T/v016,chronos_bolt_small,chronos,2354,2024-06-09,0.08118594457985809,0.006951506249606609,,5.496380680569883,54.166666666666664
boom_telemetry_5t,ds-139-5T/v016,chronos_bolt_small,chronos,2455,2024-06-09,0.05471167979008073,0.006951506249606609,,3.24676855574455,62.5
boom_telemetry_5t,ds-139-5T/v016,chronos_bolt_small,chronos,2557,2024-06-09,0.07815039812074988,0.006951506249606609,,1.0903595008466676,83.33333333333334
boom_telemetry_5t,ds-139-5T/v016,chronos_bolt_small,chronos,2659,2024-06-10,0.06293248803126979,0.006951506249606609,,0.15239428027668592,100.0
boom_telemetry_5t,ds-139-5T/v016,chronos_bolt_small,chronos,2761,2024-06-10,2.2801257011609546,0.006951506249606609,,0.5271224787296502,50.0
boom_telemetry_5t,ds-139-5T/v016,chronos_bolt_small,chronos,2863,2024-06-10,0.2166377488736855,0.006951506249606609,,0.11323714816434051,64.58333333333334
boom_telemetry_5t,ds-139-5T/v016,chronos_bolt_small,chronos,2965,2024-06-11,0.19199554969969373,0.006951506249606609,,0.09727938977594687,81.25
boom_telemetry_5t,ds-139-5T/v016,chronos_bolt_small,chronos,3066,2024-06-11,0.8304429632373317,0.006951506249606609,,0.3035254115159996,100.0
boom_telemetry_5t,ds-139-5T/v016,chronos_bolt_small,chronos,3168,2024-06-12,0.04600120004722305,0.006951506249606609,,0.05315923948691619,100.0
boom_telemetry_5t,ds-139-5T/v016,chronos_bolt_small,chronos,3270,2024-06-12,0.029415640589121703,0.006951506249606609,,0.035187192903950996,100.0
boom_telemetry_5t,ds-139-5T/v016,chronos_bolt_small,chronos,3372,2024-06-12,0.6633010750831239,0.006951506249606609,,0.2812313059830733,89.58333333333334
boom_telemetry_5t,ds-139-5T/v016,chronos_bolt_small,chronos,3474,2024-06-13,0.02133928207860293,0.006951506249606609,,0.026730430988864143,100.0
boom_telemetry_5t,ds-139-5T/v016,chronos_bolt_small,chronos,3576,2024-06-13,0.04337730305079129,0.006951506249606609,,0.03153915819586607,100.0
boom_telemetry_5t,ds-139-5T/v016,chronos_bolt_small,chronos,3677,2024-06-13,0.31183537209486356,0.006951506249606609,,0.1526615854607447,100.0
boom_telemetry_5t,ds-139-5T/v016,chronos_bolt_small,chronos,3779,2024-06-14,0.04234799501300667,0.006951506249606609,,0.017465090296673588,100.0
boom_telemetry_5t,ds-139-5T/v016,chronos_bolt_small,chronos,3881,2024-06-14,0.12021638101527196,0.006951506249606609,,0.0393860480106988,81.25
boom_telemetry_5t,ds-139-5T/v016,chronos_bolt_small,chronos,3983,2024-06-14,0.23453156621042348,0.006951506249606609,,0.0694094442615195,72.91666666666666
boom_telemetry_5t,ds-139-5T/v017,naive_last,naive,2048,2024-06-08,0.6064510339999479,1.854199217632413e-06,,,
boom_telemetry_5t,ds-139-5T/v017,naive_last,naive,2150,2024-06-08,0.5499985665688718,1.854199217632413e-06,,,
boom_telemetry_5t,ds-139-5T/v017,naive_last,naive,2252,2024-06-08,0.6988428166310084,1.854199217632413e-06,,,
boom_telemetry_5t,ds-139-5T/v017,naive_last,naive,2354,2024-06-09,1.4594815868141124,1.854199217632413e-06,,,
boom_telemetry_5t,ds-139-5T/v017,naive_last,naive,2455,2024-06-09,0.6443132307817173,1.854199217632413e-06,,,
boom_telemetry_5t,ds-139-5T/v017,naive_last,naive,2557,2024-06-09,1.0345808809955634,1.854199217632413e-06,,,
boom_telemetry_5t,ds-139-5T/v017,naive_last,naive,2659,2024-06-10,0.7619358680212989,1.854199217632413e-06,,,
boom_telemetry_5t,ds-139-5T/v017,naive_last,naive,2761,2024-06-10,1.7245289422500756,1.854199217632413e-06,,,
boom_telemetry_5t,ds-139-5T/v017,naive_last,naive,2863,2024-06-10,1.824613412972506,1.854199217632413e-06,,,
boom_telemetry_5t,ds-139-5T/v017,naive_last,naive,2965,2024-06-11,0.5837974905048463,1.854199217632413e-06,,,
boom_telemetry_5t,ds-139-5T/v017,naive_last,naive,3066,2024-06-11,1.6585581550955957,1.854199217632413e-06,,,
boom_telemetry_5t,ds-139-5T/v017,naive_last,naive,3168,2024-06-12,0.9289098726411875,1.854199217632413e-06,,,
boom_telemetry_5t,ds-139-5T/v017,naive_last,naive,3270,2024-06-12,1.0699960620335995,1.854199217632413e-06,,,
boom_telemetry_5t,ds-139-5T/v017,naive_last,naive,3372,2024-06-12,4.142577333160126,1.854199217632413e-06,,,
boom_telemetry_5t,ds-139-5T/v017,naive_last,naive,3474,2024-06-13,0.4390614525416374,1.854199217632413e-06,,,
boom_telemetry_5t,ds-139-5T/v017,naive_last,naive,3576,2024-06-13,0.9890722723010159,1.854199217632413e-06,,,
boom_telemetry_5t,ds-139-5T/v017,naive_last,naive,3677,2024-06-13,0.898881060855091,1.854199217632413e-06,,,
boom_telemetry_5t,ds-139-5T/v017,naive_last,naive,3779,2024-06-14,0.5816840694463605,1.854199217632413e-06,,,
boom_telemetry_5t,ds-139-5T/v017,naive_last,naive,3881,2024-06-14,0.6098973518772179,1.854199217632413e-06,,,
boom_telemetry_5t,ds-139-5T/v017,naive_last,naive,3983,2024-06-14,0.5674112075524086,1.854199217632413e-06,,,
boom_telemetry_5t,ds-139-5T/v017,naive_mean,naive,2048,2024-06-08,1.37684694631926,3.570847911760211e-06,,,
boom_telemetry_5t,ds-139-5T/v017,naive_mean,naive,2150,2024-06-08,1.1358669706465445,3.570847911760211e-06,,,
boom_telemetry_5t,ds-139-5T/v017,naive_mean,naive,2252,2024-06-08,1.2519018840612275,3.570847911760211e-06,,,
boom_telemetry_5t,ds-139-5T/v017,naive_mean,naive,2354,2024-06-09,1.226909332333844,3.570847911760211e-06,,,
boom_telemetry_5t,ds-139-5T/v017,naive_mean,naive,2455,2024-06-09,0.8616315724999021,3.570847911760211e-06,,,
boom_telemetry_5t,ds-139-5T/v017,naive_mean,naive,2557,2024-06-09,1.5342577896399359,3.570847911760211e-06,,,
boom_telemetry_5t,ds-139-5T/v017,naive_mean,naive,2659,2024-06-10,0.8518345786760563,3.570847911760211e-06,,,
boom_telemetry_5t,ds-139-5T/v017,naive_mean,naive,2761,2024-06-10,2.739509407399046,3.570847911760211e-06,,,
boom_telemetry_5t,ds-139-5T/v017,naive_mean,naive,2863,2024-06-10,2.037507872720865,3.570847911760211e-06,,,
boom_telemetry_5t,ds-139-5T/v017,naive_mean,naive,2965,2024-06-11,1.3287077248859551,3.570847911760211e-06,,,
boom_telemetry_5t,ds-139-5T/v017,naive_mean,naive,3066,2024-06-11,3.4778433937468436,3.570847911760211e-06,,,
boom_telemetry_5t,ds-139-5T/v017,naive_mean,naive,3168,2024-06-12,1.7014093561211234,3.570847911760211e-06,,,
boom_telemetry_5t,ds-139-5T/v017,naive_mean,naive,3270,2024-06-12,1.5775047462648564,3.570847911760211e-06,,,
boom_telemetry_5t,ds-139-5T/v017,naive_mean,naive,3372,2024-06-12,2.6584031253154623,3.570847911760211e-06,,,
boom_telemetry_5t,ds-139-5T/v017,naive_mean,naive,3474,2024-06-13,0.48330844820814567,3.570847911760211e-06,,,
boom_telemetry_5t,ds-139-5T/v017,naive_mean,naive,3576,2024-06-13,0.8754560075433235,3.570847911760211e-06,,,
boom_telemetry_5t,ds-139-5T/v017,naive_mean,naive,3677,2024-06-13,0.6671026342872215,3.570847911760211e-06,,,
boom_telemetry_5t,ds-139-5T/v017,naive_mean,naive,3779,2024-06-14,0.8311450121861166,3.570847911760211e-06,,,
boom_telemetry_5t,ds-139-5T/v017,naive_mean,naive,3881,2024-06-14,0.9002261030989162,3.570847911760211e-06,,,
boom_telemetry_5t,ds-139-5T/v017,naive_mean,naive,3983,2024-06-14,0.7488869466091943,3.570847911760211e-06,,,
boom_telemetry_5t,ds-139-5T/v017,seasonal_naive,naive,2048,2024-06-08,0.7164208214986052,2.260447945445776e-06,,,
boom_telemetry_5t,ds-139-5T/v017,seasonal_naive,naive,2150,2024-06-08,0.4267690138264767,2.260447945445776e-06,,,
boom_telemetry_5t,ds-139-5T/v017,seasonal_naive,naive,2252,2024-06-08,0.5785157451960423,2.260447945445776e-06,,,
boom_telemetry_5t,ds-139-5T/v017,seasonal_naive,naive,2354,2024-06-09,0.581692661219434,2.260447945445776e-06,,,
boom_telemetry_5t,ds-139-5T/v017,seasonal_naive,naive,2455,2024-06-09,0.5333797793412318,2.260447945445776e-06,,,
boom_telemetry_5t,ds-139-5T/v017,seasonal_naive,naive,2557,2024-06-09,0.8655532301249658,2.260447945445776e-06,,,
boom_telemetry_5t,ds-139-5T/v017,seasonal_naive,naive,2659,2024-06-10,0.646331805287032,2.260447945445776e-06,,,
boom_telemetry_5t,ds-139-5T/v017,seasonal_naive,naive,2761,2024-06-10,1.3410583489502936,2.260447945445776e-06,,,
boom_telemetry_5t,ds-139-5T/v017,seasonal_naive,naive,2863,2024-06-10,1.507033817855004,2.260447945445776e-06,,,
boom_telemetry_5t,ds-139-5T/v017,seasonal_naive,naive,2965,2024-06-11,0.9799245771444525,2.260447945445776e-06,,,
boom_telemetry_5t,ds-139-5T/v017,seasonal_naive,naive,3066,2024-06-11,1.2777788511186365,2.260447945445776e-06,,,
boom_telemetry_5t,ds-139-5T/v017,seasonal_naive,naive,3168,2024-06-12,1.0337954057957295,2.260447945445776e-06,,,
boom_telemetry_5t,ds-139-5T/v017,seasonal_naive,naive,3270,2024-06-12,0.9963052126617058,2.260447945445776e-06,,,
boom_telemetry_5t,ds-139-5T/v017,seasonal_naive,naive,3372,2024-06-12,1.2284262156485943,2.260447945445776e-06,,,
boom_telemetry_5t,ds-139-5T/v017,seasonal_naive,naive,3474,2024-06-13,1.4790503309121588,2.260447945445776e-06,,,
boom_telemetry_5t,ds-139-5T/v017,seasonal_naive,naive,3576,2024-06-13,1.1430031207243199,2.260447945445776e-06,,,
boom_telemetry_5t,ds-139-5T/v017,seasonal_naive,naive,3677,2024-06-13,1.7258606245289234,2.260447945445776e-06,,,
boom_telemetry_5t,ds-139-5T/v017,seasonal_naive,naive,3779,2024-06-14,0.9814669350452332,2.260447945445776e-06,,,
boom_telemetry_5t,ds-139-5T/v017,seasonal_naive,naive,3881,2024-06-14,1.3944129226261481,2.260447945445776e-06,,,
boom_telemetry_5t,ds-139-5T/v017,seasonal_naive,naive,3983,2024-06-14,0.5316835755938472,2.260447945445776e-06,,,
boom_telemetry_5t,ds-139-5T/v017,seasonal_profile,naive,2048,2024-06-08,1.020724473670134,2.8989597922191024e-05,,,
boom_telemetry_5t,ds-139-5T/v017,seasonal_profile,naive,2150,2024-06-08,0.6410614769922754,2.8989597922191024e-05,,,
boom_telemetry_5t,ds-139-5T/v017,seasonal_profile,naive,2252,2024-06-08,0.6541799298538362,2.8989597922191024e-05,,,
boom_telemetry_5t,ds-139-5T/v017,seasonal_profile,naive,2354,2024-06-09,0.7444406079505028,2.8989597922191024e-05,,,
boom_telemetry_5t,ds-139-5T/v017,seasonal_profile,naive,2455,2024-06-09,0.4709854476790871,2.8989597922191024e-05,,,
boom_telemetry_5t,ds-139-5T/v017,seasonal_profile,naive,2557,2024-06-09,0.8807160501720989,2.8989597922191024e-05,,,
boom_telemetry_5t,ds-139-5T/v017,seasonal_profile,naive,2659,2024-06-10,0.4710865556421335,2.8989597922191024e-05,,,
boom_telemetry_5t,ds-139-5T/v017,seasonal_profile,naive,2761,2024-06-10,1.220346899072937,2.8989597922191024e-05,,,
boom_telemetry_5t,ds-139-5T/v017,seasonal_profile,naive,2863,2024-06-10,1.3352614702455445,2.8989597922191024e-05,,,
boom_telemetry_5t,ds-139-5T/v017,seasonal_profile,naive,2965,2024-06-11,0.7771098843597054,2.8989597922191024e-05,,,
boom_telemetry_5t,ds-139-5T/v017,seasonal_profile,naive,3066,2024-06-11,1.6886666501145335,2.8989597922191024e-05,,,
boom_telemetry_5t,ds-139-5T/v017,seasonal_profile,naive,3168,2024-06-12,1.1478405128119262,2.8989597922191024e-05,,,
boom_telemetry_5t,ds-139-5T/v017,seasonal_profile,naive,3270,2024-06-12,0.9954836870276814,2.8989597922191024e-05,,,
boom_telemetry_5t,ds-139-5T/v017,seasonal_profile,naive,3372,2024-06-12,0.9672730116148944,2.8989597922191024e-05,,,
boom_telemetry_5t,ds-139-5T/v017,seasonal_profile,naive,3474,2024-06-13,0.5571730299246741,2.8989597922191024e-05,,,
boom_telemetry_5t,ds-139-5T/v017,seasonal_profile,naive,3576,2024-06-13,0.8218616902387398,2.8989597922191024e-05,,,
boom_telemetry_5t,ds-139-5T/v017,seasonal_profile,naive,3677,2024-06-13,1.6452838687937628,2.8989597922191024e-05,,,
boom_telemetry_5t,ds-139-5T/v017,seasonal_profile,naive,3779,2024-06-14,1.274807612678406,2.8989597922191024e-05,,,
boom_telemetry_5t,ds-139-5T/v017,seasonal_profile,naive,3881,2024-06-14,2.0903655953259,2.8989597922191024e-05,,,
boom_telemetry_5t,ds-139-5T/v017,seasonal_profile,naive,3983,2024-06-14,1.4774063862050018,2.8989597922191024e-05,,,
boom_telemetry_5t,ds-139-5T/v017,autoets,statistical,2048,2024-06-08,0.6064925414925432,2.6073612249980216,,0.315555393275694,100.0
boom_telemetry_5t,ds-139-5T/v017,autoets,statistical,2150,2024-06-08,0.5499894977273279,2.6073612249980216,,0.33075624247345936,100.0
boom_telemetry_5t,ds-139-5T/v017,autoets,statistical,2252,2024-06-08,0.6988597359834112,2.6073612249980216,,0.32173106984066563,100.0
boom_telemetry_5t,ds-139-5T/v017,autoets,statistical,2354,2024-06-09,2.0718354092344393,2.6073612249980216,,0.608478507853819,95.83333333333334
boom_telemetry_5t,ds-139-5T/v017,autoets,statistical,2455,2024-06-09,3.4631685102228054,2.6073612249980216,,0.9969233567139292,100.0
boom_telemetry_5t,ds-139-5T/v017,autoets,statistical,2557,2024-06-09,2.341173017450912,2.6073612249980216,,0.6099663316975066,100.0
boom_telemetry_5t,ds-139-5T/v017,autoets,statistical,2659,2024-06-10,1.1809476860915442,2.6073612249980216,,0.4981821527839017,100.0
boom_telemetry_5t,ds-139-5T/v017,autoets,statistical,2761,2024-06-10,2.1338536949298885,2.6073612249980216,,0.47753882634355466,100.0
boom_telemetry_5t,ds-139-5T/v017,autoets,statistical,2863,2024-06-10,3.3422338408128103,2.6073612249980216,,0.6998924948523303,100.0
boom_telemetry_5t,ds-139-5T/v017,autoets,statistical,2965,2024-06-11,2.903416617757342,2.6073612249980216,,0.6125235207708146,100.0
boom_telemetry_5t,ds-139-5T/v017,autoets,statistical,3066,2024-06-11,1.9438733271229467,2.6073612249980216,,0.37372770960924867,100.0
boom_telemetry_5t,ds-139-5T/v017,autoets,statistical,3168,2024-06-12,0.9290845514287183,2.6073612249980216,,0.28403215501381807,100.0
boom_telemetry_5t,ds-139-5T/v017,autoets,statistical,3270,2024-06-12,3.0304135769205125,2.6073612249980216,,0.5780374697505873,100.0
boom_telemetry_5t,ds-139-5T/v017,autoets,statistical,3372,2024-06-12,6.141855529310839,2.6073612249980216,,0.8715555642244007,95.83333333333334
boom_telemetry_5t,ds-139-5T/v017,autoets,statistical,3474,2024-06-13,2.817757348149515,2.6073612249980216,,0.7718396187529539,100.0
boom_telemetry_5t,ds-139-5T/v017,autoets,statistical,3576,2024-06-13,1.7859478064504735,2.6073612249980216,,0.47991917341500334,100.0
boom_telemetry_5t,ds-139-5T/v017,autoets,statistical,3677,2024-06-13,3.554891846793123,2.6073612249980216,,1.1095087079068369,100.0
boom_telemetry_5t,ds-139-5T/v017,autoets,statistical,3779,2024-06-14,3.24084840582109,2.6073612249980216,,1.3148565794973552,100.0
boom_telemetry_5t,ds-139-5T/v017,autoets,statistical,3881,2024-06-14,3.2797391299973153,2.6073612249980216,,1.4606623890620358,91.66666666666666
boom_telemetry_5t,ds-139-5T/v017,autoets,statistical,3983,2024-06-14,2.334536097131119,2.6073612249980216,,1.0325558720392816,100.0
boom_telemetry_5t,ds-139-5T/v017,autotheta,statistical,2048,2024-06-08,0.5622337121131279,0.11651103954645806,,0.4065716845553031,100.0
boom_telemetry_5t,ds-139-5T/v017,autotheta,statistical,2150,2024-06-08,0.4963034409560718,0.11651103954645806,,0.42845144667695706,100.0
boom_telemetry_5t,ds-139-5T/v017,autotheta,statistical,2252,2024-06-08,0.4675739949305785,0.11651103954645806,,0.41657768151225455,100.0
boom_telemetry_5t,ds-139-5T/v017,autotheta,statistical,2354,2024-06-09,1.475758181500661,0.11651103954645806,,0.35974182844913266,93.75
boom_telemetry_5t,ds-139-5T/v017,autotheta,statistical,2455,2024-06-09,0.4502463688218926,0.11651103954645806,,0.22609363175072067,97.91666666666666
boom_telemetry_5t,ds-139-5T/v017,autotheta,statistical,2557,2024-06-09,1.053697336915688,0.11651103954645806,,0.3324993524116665,83.33333333333334
boom_telemetry_5t,ds-139-5T/v017,autotheta,statistical,2659,2024-06-10,0.6835868182339392,0.11651103954645806,,0.26901895505936135,95.83333333333334
boom_telemetry_5t,ds-139-5T/v017,autotheta,statistical,2761,2024-06-10,1.0025301043241257,0.11651103954645806,,0.2245794175920638,100.0
boom_telemetry_5t,ds-139-5T/v017,autotheta,statistical,2863,2024-06-10,1.258310679197687,0.11651103954645806,,0.25527509656202263,93.75
boom_telemetry_5t,ds-139-5T/v017,autotheta,statistical,2965,2024-06-11,1.376825964275149,0.11651103954645806,,0.2857472890635975,97.91666666666666
boom_telemetry_5t,ds-139-5T/v017,autotheta,statistical,3066,2024-06-11,2.7993057859141386,0.11651103954645806,,0.323013410288365,97.91666666666666
boom_telemetry_5t,ds-139-5T/v017,autotheta,statistical,3168,2024-06-12,1.4078368559752583,0.11651103954645806,,0.2645895741370206,100.0
boom_telemetry_5t,ds-139-5T/v017,autotheta,statistical,3270,2024-06-12,0.8434516272294159,0.11651103954645806,,0.19266872226374615,100.0
boom_telemetry_5t,ds-139-5T/v017,autotheta,statistical,3372,2024-06-12,1.0295205549566024,0.11651103954645806,,0.22394192245823438,95.83333333333334
boom_telemetry_5t,ds-139-5T/v017,autotheta,statistical,3474,2024-06-13,0.706947440227402,0.11651103954645806,,0.2897417380348262,100.0
boom_telemetry_5t,ds-139-5T/v017,autotheta,statistical,3576,2024-06-13,0.7373103284637867,0.11651103954645806,,0.2955875656859538,100.0
boom_telemetry_5t,ds-139-5T/v017,autotheta,statistical,3677,2024-06-13,0.6565798593784654,0.11651103954645806,,0.39469863630277646,100.0
boom_telemetry_5t,ds-139-5T/v017,autotheta,statistical,3779,2024-06-14,0.3851742484081692,0.11651103954645806,,0.38647881039954574,100.0
boom_telemetry_5t,ds-139-5T/v017,autotheta,statistical,3881,2024-06-14,0.8074052350944406,0.11651103954645806,,0.628464813105123,100.0
boom_telemetry_5t,ds-139-5T/v017,autotheta,statistical,3983,2024-06-14,0.545724596626236,0.11651103954645806,,0.5090343467889675,100.0
boom_telemetry_5t,ds-139-5T/v017,gbdt_calendar,ml,2048,2024-06-08,0.9237418635418652,0.9314397395995911,,,
boom_telemetry_5t,ds-139-5T/v017,gbdt_calendar,ml,2150,2024-06-08,0.8502785623623971,0.9314397395995911,,,
boom_telemetry_5t,ds-139-5T/v017,gbdt_calendar,ml,2252,2024-06-08,0.8034904030342631,0.9314397395995911,,,
boom_telemetry_5t,ds-139-5T/v017,gbdt_calendar,ml,2354,2024-06-09,0.5296497800710762,0.9314397395995911,,,
boom_telemetry_5t,ds-139-5T/v017,gbdt_calendar,ml,2455,2024-06-09,0.6514046592563368,0.9314397395995911,,,
boom_telemetry_5t,ds-139-5T/v017,gbdt_calendar,ml,2557,2024-06-09,1.3396209522275022,0.9314397395995911,,,
boom_telemetry_5t,ds-139-5T/v017,gbdt_calendar,ml,2659,2024-06-10,0.4394961474471298,0.9314397395995911,,,
boom_telemetry_5t,ds-139-5T/v017,gbdt_calendar,ml,2761,2024-06-10,1.6947059365860782,0.9314397395995911,,,
boom_telemetry_5t,ds-139-5T/v017,gbdt_calendar,ml,2863,2024-06-10,1.486156790243927,0.9314397395995911,,,
boom_telemetry_5t,ds-139-5T/v017,gbdt_calendar,ml,2965,2024-06-11,0.7303041162678349,0.9314397395995911,,,
boom_telemetry_5t,ds-139-5T/v017,gbdt_calendar,ml,3066,2024-06-11,1.5142770469234175,0.9314397395995911,,,
boom_telemetry_5t,ds-139-5T/v017,gbdt_calendar,ml,3168,2024-06-12,2.1721441190657105,0.9314397395995911,,,
boom_telemetry_5t,ds-139-5T/v017,gbdt_calendar,ml,3270,2024-06-12,0.7104981816026135,0.9314397395995911,,,
boom_telemetry_5t,ds-139-5T/v017,gbdt_calendar,ml,3372,2024-06-12,1.5818804496708414,0.9314397395995911,,,
boom_telemetry_5t,ds-139-5T/v017,gbdt_calendar,ml,3474,2024-06-13,0.7764019954501485,0.9314397395995911,,,
boom_telemetry_5t,ds-139-5T/v017,gbdt_calendar,ml,3576,2024-06-13,0.8274861446282765,0.9314397395995911,,,
boom_telemetry_5t,ds-139-5T/v017,gbdt_calendar,ml,3677,2024-06-13,1.166402413275794,0.9314397395995911,,,
boom_telemetry_5t,ds-139-5T/v017,gbdt_calendar,ml,3779,2024-06-14,1.1163148288279001,0.9314397395995911,,,
boom_telemetry_5t,ds-139-5T/v017,gbdt_calendar,ml,3881,2024-06-14,0.8127832139478564,0.9314397395995911,,,
boom_telemetry_5t,ds-139-5T/v017,gbdt_calendar,ml,3983,2024-06-14,0.7995299546919679,0.9314397395995911,,,
boom_telemetry_5t,ds-139-5T/v017,timesfm_2p5_ctx2048,timesfm,2048,2024-06-08,0.4401735664120212,0.1961977583472617,,0.10876851516441066,89.58333333333334
boom_telemetry_5t,ds-139-5T/v017,timesfm_2p5_ctx2048,timesfm,2150,2024-06-08,0.32760314232418597,0.1961977583472617,,0.0867097064523258,93.75
boom_telemetry_5t,ds-139-5T/v017,timesfm_2p5_ctx2048,timesfm,2252,2024-06-08,0.5044159655629779,0.1961977583472617,,0.12002236706523499,93.75
boom_telemetry_5t,ds-139-5T/v017,timesfm_2p5_ctx2048,timesfm,2354,2024-06-09,0.5500840292211514,0.1961977583472617,,0.1318526368348449,79.16666666666666
boom_telemetry_5t,ds-139-5T/v017,timesfm_2p5_ctx2048,timesfm,2455,2024-06-09,0.4054339409608669,0.1961977583472617,,0.1166879173028128,89.58333333333334
boom_telemetry_5t,ds-139-5T/v017,timesfm_2p5_ctx2048,timesfm,2557,2024-06-09,0.8895022607605162,0.1961977583472617,,0.20765392659422455,68.75
boom_telemetry_5t,ds-139-5T/v017,timesfm_2p5_ctx2048,timesfm,2659,2024-06-10,0.43464143168382713,0.1961977583472617,,0.1158986406905572,81.25
boom_telemetry_5t,ds-139-5T/v017,timesfm_2p5_ctx2048,timesfm,2761,2024-06-10,1.8351082733956068,0.1961977583472617,,0.3158111547404541,58.333333333333336
boom_telemetry_5t,ds-139-5T/v017,timesfm_2p5_ctx2048,timesfm,2863,2024-06-10,1.0463929565250434,0.1961977583472617,,0.19075458515836993,83.33333333333334
boom_telemetry_5t,ds-139-5T/v017,timesfm_2p5_ctx2048,timesfm,2965,2024-06-11,0.5441300445995136,0.1961977583472617,,0.11813995743282608,91.66666666666666
boom_telemetry_5t,ds-139-5T/v017,timesfm_2p5_ctx2048,timesfm,3066,2024-06-11,1.9276590784160195,0.1961977583472617,,0.2709546894840008,68.75
boom_telemetry_5t,ds-139-5T/v017,timesfm_2p5_ctx2048,timesfm,3168,2024-06-12,0.6030787172742589,0.1961977583472617,,0.11271544255088813,93.75
boom_telemetry_5t,ds-139-5T/v017,timesfm_2p5_ctx2048,timesfm,3270,2024-06-12,0.48004145853754243,0.1961977583472617,,0.0920675175688963,100.0
boom_telemetry_5t,ds-139-5T/v017,timesfm_2p5_ctx2048,timesfm,3372,2024-06-12,1.2369518487329842,0.1961977583472617,,0.18955835073818003,83.33333333333334
boom_telemetry_5t,ds-139-5T/v017,timesfm_2p5_ctx2048,timesfm,3474,2024-06-13,0.3981921090050201,0.1961977583472617,,0.15908954667300673,100.0
boom_telemetry_5t,ds-139-5T/v017,timesfm_2p5_ctx2048,timesfm,3576,2024-06-13,0.6112391455113765,0.1961977583472617,,0.15159097608876437,81.25
boom_telemetry_5t,ds-139-5T/v017,timesfm_2p5_ctx2048,timesfm,3677,2024-06-13,1.1017226403504188,0.1961977583472617,,0.4173927364293678,56.25
boom_telemetry_5t,ds-139-5T/v017,timesfm_2p5_ctx2048,timesfm,3779,2024-06-14,0.35885903953232223,0.1961977583472617,,0.17202118197357016,93.75
boom_telemetry_5t,ds-139-5T/v017,timesfm_2p5_ctx2048,timesfm,3881,2024-06-14,0.3897188268966553,0.1961977583472617,,0.2005677078893942,83.33333333333334
boom_telemetry_5t,ds-139-5T/v017,timesfm_2p5_ctx2048,timesfm,3983,2024-06-14,0.403290788177808,0.1961977583472617,,0.20087836808078907,85.41666666666666
boom_telemetry_5t,ds-139-5T/v017,chronos_2_ctx2048,chronos,2048,2024-06-08,0.38822578546197656,0.021004618750885128,,0.097175324660336,95.83333333333334
boom_telemetry_5t,ds-139-5T/v017,chronos_2_ctx2048,chronos,2150,2024-06-08,0.31123672430116495,0.021004618750885128,,0.07987224600326681,91.66666666666666
boom_telemetry_5t,ds-139-5T/v017,chronos_2_ctx2048,chronos,2252,2024-06-08,0.4924858673540047,0.021004618750885128,,0.12140546370531191,72.91666666666666
boom_telemetry_5t,ds-139-5T/v017,chronos_2_ctx2048,chronos,2354,2024-06-09,0.49546638738934784,0.021004618750885128,,0.12223343172899982,72.91666666666666
boom_telemetry_5t,ds-139-5T/v017,chronos_2_ctx2048,chronos,2455,2024-06-09,0.39483003721049226,0.021004618750885128,,0.11212720003659049,85.41666666666666
boom_telemetry_5t,ds-139-5T/v017,chronos_2_ctx2048,chronos,2557,2024-06-09,0.8578896515790914,0.021004618750885128,,0.1962641131526294,72.91666666666666
boom_telemetry_5t,ds-139-5T/v017,chronos_2_ctx2048,chronos,2659,2024-06-10,0.42373130513130114,0.021004618750885128,,0.11608211515535918,79.16666666666666
boom_telemetry_5t,ds-139-5T/v017,chronos_2_ctx2048,chronos,2761,2024-06-10,0.9318270594349847,0.021004618750885128,,0.1421085132137255,87.5
boom_telemetry_5t,ds-139-5T/v017,chronos_2_ctx2048,chronos,2863,2024-06-10,0.9438466573379825,0.021004618750885128,,0.16697172367501173,87.5
boom_telemetry_5t,ds-139-5T/v017,chronos_2_ctx2048,chronos,2965,2024-06-11,0.6168710388365866,0.021004618750885128,,0.13120323260847966,70.83333333333334
boom_telemetry_5t,ds-139-5T/v017,chronos_2_ctx2048,chronos,3066,2024-06-11,1.1612416031125625,0.021004618750885128,,0.15523439815607748,93.75
boom_telemetry_5t,ds-139-5T/v017,chronos_2_ctx2048,chronos,3168,2024-06-12,0.5903449943890866,0.021004618750885128,,0.10610265113007494,89.58333333333334
boom_telemetry_5t,ds-139-5T/v017,chronos_2_ctx2048,chronos,3270,2024-06-12,0.5617511641741788,0.021004618750885128,,0.09909471849144388,77.08333333333334
boom_telemetry_5t,ds-139-5T/v017,chronos_2_ctx2048,chronos,3372,2024-06-12,0.9059807025444527,0.021004618750885128,,0.14114267224246982,79.16666666666666
boom_telemetry_5t,ds-139-5T/v017,chronos_2_ctx2048,chronos,3474,2024-06-13,0.4832601188825486,0.021004618750885128,,0.1431084210746231,100.0
boom_telemetry_5t,ds-139-5T/v017,chronos_2_ctx2048,chronos,3576,2024-06-13,0.5844541078899597,0.021004618750885128,,0.14414363375772118,79.16666666666666
boom_telemetry_5t,ds-139-5T/v017,chronos_2_ctx2048,chronos,3677,2024-06-13,0.7277059544227679,0.021004618750885128,,0.28624632498246294,54.166666666666664
boom_telemetry_5t,ds-139-5T/v017,chronos_2_ctx2048,chronos,3779,2024-06-14,0.22364517222029404,0.021004618750885128,,0.1177898874166472,91.66666666666666
boom_telemetry_5t,ds-139-5T/v017,chronos_2_ctx2048,chronos,3881,2024-06-14,0.3227206894149504,0.021004618750885128,,0.17668878500489119,85.41666666666666
boom_telemetry_5t,ds-139-5T/v017,chronos_2_ctx2048,chronos,3983,2024-06-14,0.2880174410234803,0.021004618750885128,,0.14761623387283207,87.5
boom_telemetry_5t,ds-139-5T/v017,chronos_bolt_small,chronos,2048,2024-06-08,0.4535148974977212,0.0062918249983340505,,0.11711663982809276,91.66666666666666
boom_telemetry_5t,ds-139-5T/v017,chronos_bolt_small,chronos,2150,2024-06-08,0.32686680009123187,0.0062918249983340505,,0.08166851079776476,89.58333333333334
boom_telemetry_5t,ds-139-5T/v017,chronos_bolt_small,chronos,2252,2024-06-08,0.5214492039231088,0.0062918249983340505,,0.1311163051688215,89.58333333333334
boom_telemetry_5t,ds-139-5T/v017,chronos_bolt_small,chronos,2354,2024-06-09,0.5202288135213584,0.0062918249983340505,,0.12682259299007687,83.33333333333334
boom_telemetry_5t,ds-139-5T/v017,chronos_bolt_small,chronos,2455,2024-06-09,0.4420681161151173,0.0062918249983340505,,0.12424379071883278,83.33333333333334
boom_telemetry_5t,ds-139-5T/v017,chronos_bolt_small,chronos,2557,2024-06-09,0.8406473542043812,0.0062918249983340505,,0.18767226673043413,87.5
boom_telemetry_5t,ds-139-5T/v017,chronos_bolt_small,chronos,2659,2024-06-10,0.42463228338552816,0.0062918249983340505,,0.11750020919135774,83.33333333333334
boom_telemetry_5t,ds-139-5T/v017,chronos_bolt_small,chronos,2761,2024-06-10,1.609751949682479,0.0062918249983340505,,0.2736207149392759,56.25
boom_telemetry_5t,ds-139-5T/v017,chronos_bolt_small,chronos,2863,2024-06-10,1.2573287727502502,0.0062918249983340505,,0.2234094907486927,72.91666666666666
boom_telemetry_5t,ds-139-5T/v017,chronos_bolt_small,chronos,2965,2024-06-11,0.5338016137793826,0.0062918249983340505,,0.11744018137854001,75.0
boom_telemetry_5t,ds-139-5T/v017,chronos_bolt_small,chronos,3066,2024-06-11,1.5869727311987483,0.0062918249983340505,,0.2172682299858373,89.58333333333334
boom_telemetry_5t,ds-139-5T/v017,chronos_bolt_small,chronos,3168,2024-06-12,0.6013973567286336,0.0062918249983340505,,0.11281906927427057,93.75
boom_telemetry_5t,ds-139-5T/v017,chronos_bolt_small,chronos,3270,2024-06-12,0.5512406635292434,0.0062918249983340505,,0.10523057736239451,75.0
boom_telemetry_5t,ds-139-5T/v017,chronos_bolt_small,chronos,3372,2024-06-12,1.0061767189962123,0.0062918249983340505,,0.16336126502602236,89.58333333333334
boom_telemetry_5t,ds-139-5T/v017,chronos_bolt_small,chronos,3474,2024-06-13,0.427046229258745,0.0062918249983340505,,0.1475543359932106,100.0
boom_telemetry_5t,ds-139-5T/v017,chronos_bolt_small,chronos,3576,2024-06-13,0.5852604936102724,0.0062918249983340505,,0.141783638628119,81.25
boom_telemetry_5t,ds-139-5T/v017,chronos_bolt_small,chronos,3677,2024-06-13,1.2430318448409021,0.0062918249983340505,,0.4793031181859943,50.0
boom_telemetry_5t,ds-139-5T/v017,chronos_bolt_small,chronos,3779,2024-06-14,0.25165293420108603,0.0062918249983340505,,0.13296531552349686,97.91666666666666
boom_telemetry_5t,ds-139-5T/v017,chronos_bolt_small,chronos,3881,2024-06-14,0.3521536750753808,0.0062918249983340505,,0.18606003753950162,81.25
boom_telemetry_5t,ds-139-5T/v017,chronos_bolt_small,chronos,3983,2024-06-14,0.33476526096248194,0.0062918249983340505,,0.17257897375471057,89.58333333333334
boom_telemetry_5t,ds-139-5T/v020,naive_last,naive,2048,2024-06-08,0.12621743479155947,1.6562524251639843e-06,,,
boom_telemetry_5t,ds-139-5T/v020,naive_last,naive,2150,2024-06-08,0.11842824551403472,1.6562524251639843e-06,,,
boom_telemetry_5t,ds-139-5T/v020,naive_last,naive,2252,2024-06-08,0.1345366826807443,1.6562524251639843e-06,,,
boom_telemetry_5t,ds-139-5T/v020,naive_last,naive,2354,2024-06-09,0.023778606190349265,1.6562524251639843e-06,,,
boom_telemetry_5t,ds-139-5T/v020,naive_last,naive,2455,2024-06-09,0.5166685069632276,1.6562524251639843e-06,,,
boom_telemetry_5t,ds-139-5T/v020,naive_last,naive,2557,2024-06-09,0.7288454048475579,1.6562524251639843e-06,,,
boom_telemetry_5t,ds-139-5T/v020,naive_last,naive,2659,2024-06-10,0.31138837191046653,1.6562524251639843e-06,,,
boom_telemetry_5t,ds-139-5T/v020,naive_last,naive,2761,2024-06-10,7.613017574545711,1.6562524251639843e-06,,,
boom_telemetry_5t,ds-139-5T/v020,naive_last,naive,2863,2024-06-10,2.866905370967841,1.6562524251639843e-06,,,
boom_telemetry_5t,ds-139-5T/v020,naive_last,naive,2965,2024-06-11,0.032848793897132925,1.6562524251639843e-06,,,
boom_telemetry_5t,ds-139-5T/v020,naive_last,naive,3066,2024-06-11,0.1294476777177316,1.6562524251639843e-06,,,
boom_telemetry_5t,ds-139-5T/v020,naive_last,naive,3168,2024-06-12,0.14707654223358274,1.6562524251639843e-06,,,
boom_telemetry_5t,ds-139-5T/v020,naive_last,naive,3270,2024-06-12,0.4204023283709652,1.6562524251639843e-06,,,
boom_telemetry_5t,ds-139-5T/v020,naive_last,naive,3372,2024-06-12,0.04764972265338697,1.6562524251639843e-06,,,
boom_telemetry_5t,ds-139-5T/v020,naive_last,naive,3474,2024-06-13,0.08183624329392962,1.6562524251639843e-06,,,
boom_telemetry_5t,ds-139-5T/v020,naive_last,naive,3576,2024-06-13,0.2545803793331984,1.6562524251639843e-06,,,
boom_telemetry_5t,ds-139-5T/v020,naive_last,naive,3677,2024-06-13,0.06875341923455655,1.6562524251639843e-06,,,
boom_telemetry_5t,ds-139-5T/v020,naive_last,naive,3779,2024-06-14,0.2645443540322876,1.6562524251639843e-06,,,
boom_telemetry_5t,ds-139-5T/v020,naive_last,naive,3881,2024-06-14,0.295445772557521,1.6562524251639843e-06,,,
boom_telemetry_5t,ds-139-5T/v020,naive_last,naive,3983,2024-06-14,0.022261973110493695,1.6562524251639843e-06,,,
boom_telemetry_5t,ds-139-5T/v020,naive_mean,naive,2048,2024-06-08,1.0549261240518948,3.5603996366262434e-06,,,
boom_telemetry_5t,ds-139-5T/v020,naive_mean,naive,2150,2024-06-08,0.8219882768997541,3.5603996366262434e-06,,,
boom_telemetry_5t,ds-139-5T/v020,naive_mean,naive,2252,2024-06-08,0.87374588826791,3.5603996366262434e-06,,,
boom_telemetry_5t,ds-139-5T/v020,naive_mean,naive,2354,2024-06-09,0.8319826447183047,3.5603996366262434e-06,,,
boom_telemetry_5t,ds-139-5T/v020,naive_mean,naive,2455,2024-06-09,0.5143868312510194,3.5603996366262434e-06,,,
boom_telemetry_5t,ds-139-5T/v020,naive_mean,naive,2557,2024-06-09,1.6228556885416863,3.5603996366262434e-06,,,
boom_telemetry_5t,ds-139-5T/v020,naive_mean,naive,2659,2024-06-10,0.41634152310062505,3.5603996366262434e-06,,,
boom_telemetry_5t,ds-139-5T/v020,naive_mean,naive,2761,2024-06-10,11.306221953410992,3.5603996366262434e-06,,,
boom_telemetry_5t,ds-139-5T/v020,naive_mean,naive,2863,2024-06-10,2.2533898684095024,3.5603996366262434e-06,,,
boom_telemetry_5t,ds-139-5T/v020,naive_mean,naive,2965,2024-06-11,0.4665635577402786,3.5603996366262434e-06,,,
boom_telemetry_5t,ds-139-5T/v020,naive_mean,naive,3066,2024-06-11,1.6339671845944348,3.5603996366262434e-06,,,
boom_telemetry_5t,ds-139-5T/v020,naive_mean,naive,3168,2024-06-12,0.14024823122022204,3.5603996366262434e-06,,,
boom_telemetry_5t,ds-139-5T/v020,naive_mean,naive,3270,2024-06-12,0.3458445214645744,3.5603996366262434e-06,,,
boom_telemetry_5t,ds-139-5T/v020,naive_mean,naive,3372,2024-06-12,0.08938655199516518,3.5603996366262434e-06,,,
boom_telemetry_5t,ds-139-5T/v020,naive_mean,naive,3474,2024-06-13,0.40531728421748614,3.5603996366262434e-06,,,
boom_telemetry_5t,ds-139-5T/v020,naive_mean,naive,3576,2024-06-13,0.1918070355127268,3.5603996366262434e-06,,,
boom_telemetry_5t,ds-139-5T/v020,naive_mean,naive,3677,2024-06-13,0.040044576910590914,3.5603996366262434e-06,,,
boom_telemetry_5t,ds-139-5T/v020,naive_mean,naive,3779,2024-06-14,1.1764502843617002,3.5603996366262434e-06,,,
boom_telemetry_5t,ds-139-5T/v020,naive_mean,naive,3881,2024-06-14,0.11970328877351727,3.5603996366262434e-06,,,
boom_telemetry_5t,ds-139-5T/v020,naive_mean,naive,3983,2024-06-14,0.5574615191857291,3.5603996366262434e-06,,,
boom_telemetry_5t,ds-139-5T/v020,seasonal_naive,naive,2048,2024-06-08,2.2056118284479678,2.0479026716202496e-06,,,
boom_telemetry_5t,ds-139-5T/v020,seasonal_naive,naive,2150,2024-06-08,1.3412156028820725,2.0479026716202496e-06,,,
boom_telemetry_5t,ds-139-5T/v020,seasonal_naive,naive,2252,2024-06-08,0.6078704143205811,2.0479026716202496e-06,,,
boom_telemetry_5t,ds-139-5T/v020,seasonal_naive,naive,2354,2024-06-09,0.037037565702001306,2.0479026716202496e-06,,,
boom_telemetry_5t,ds-139-5T/v020,seasonal_naive,naive,2455,2024-06-09,1.2309824378233767,2.0479026716202496e-06,,,
boom_telemetry_5t,ds-139-5T/v020,seasonal_naive,naive,2557,2024-06-09,2.5660010896939145,2.0479026716202496e-06,,,
boom_telemetry_5t,ds-139-5T/v020,seasonal_naive,naive,2659,2024-06-10,0.47586031269208495,2.0479026716202496e-06,,,
boom_telemetry_5t,ds-139-5T/v020,seasonal_naive,naive,2761,2024-06-10,10.26107381267237,2.0479026716202496e-06,,,
boom_telemetry_5t,ds-139-5T/v020,seasonal_naive,naive,2863,2024-06-10,1.7501290582082383,2.0479026716202496e-06,,,
boom_telemetry_5t,ds-139-5T/v020,seasonal_naive,naive,2965,2024-06-11,0.25740467047833215,2.0479026716202496e-06,,,
boom_telemetry_5t,ds-139-5T/v020,seasonal_naive,naive,3066,2024-06-11,7.686364937762641,2.0479026716202496e-06,,,
boom_telemetry_5t,ds-139-5T/v020,seasonal_naive,naive,3168,2024-06-12,0.7224159944742001,2.0479026716202496e-06,,,
boom_telemetry_5t,ds-139-5T/v020,seasonal_naive,naive,3270,2024-06-12,0.18462458268030052,2.0479026716202496e-06,,,
boom_telemetry_5t,ds-139-5T/v020,seasonal_naive,naive,3372,2024-06-12,0.9627168916735341,2.0479026716202496e-06,,,
boom_telemetry_5t,ds-139-5T/v020,seasonal_naive,naive,3474,2024-06-13,0.3497761426067766,2.0479026716202496e-06,,,
boom_telemetry_5t,ds-139-5T/v020,seasonal_naive,naive,3576,2024-06-13,0.2060043273919424,2.0479026716202496e-06,,,
boom_telemetry_5t,ds-139-5T/v020,seasonal_naive,naive,3677,2024-06-13,0.1196094196000973,2.0479026716202496e-06,,,
boom_telemetry_5t,ds-139-5T/v020,seasonal_naive,naive,3779,2024-06-14,0.7723516265264297,2.0479026716202496e-06,,,
boom_telemetry_5t,ds-139-5T/v020,seasonal_naive,naive,3881,2024-06-14,0.47324713890658304,2.0479026716202496e-06,,,
boom_telemetry_5t,ds-139-5T/v020,seasonal_naive,naive,3983,2024-06-14,0.5745647030653583,2.0479026716202496e-06,,,
boom_telemetry_5t,ds-139-5T/v020,seasonal_profile,naive,2048,2024-06-08,1.3790951716282107,2.5527045363560318e-05,,,
boom_telemetry_5t,ds-139-5T/v020,seasonal_profile,naive,2150,2024-06-08,1.8568117250737917,2.5527045363560318e-05,,,
boom_telemetry_5t,ds-139-5T/v020,seasonal_profile,naive,2252,2024-06-08,1.7337314353785849,2.5527045363560318e-05,,,
boom_telemetry_5t,ds-139-5T/v020,seasonal_profile,naive,2354,2024-06-09,0.44075127356774907,2.5527045363560318e-05,,,
boom_telemetry_5t,ds-139-5T/v020,seasonal_profile,naive,2455,2024-06-09,0.7871043133615117,2.5527045363560318e-05,,,
boom_telemetry_5t,ds-139-5T/v020,seasonal_profile,naive,2557,2024-06-09,1.4084085358905911,2.5527045363560318e-05,,,
boom_telemetry_5t,ds-139-5T/v020,seasonal_profile,naive,2659,2024-06-10,0.3577384336837163,2.5527045363560318e-05,,,
boom_telemetry_5t,ds-139-5T/v020,seasonal_profile,naive,2761,2024-06-10,11.111797573822315,2.5527045363560318e-05,,,
boom_telemetry_5t,ds-139-5T/v020,seasonal_profile,naive,2863,2024-06-10,2.4170403816366965,2.5527045363560318e-05,,,
boom_telemetry_5t,ds-139-5T/v020,seasonal_profile,naive,2965,2024-06-11,0.22660044154787382,2.5527045363560318e-05,,,
boom_telemetry_5t,ds-139-5T/v020,seasonal_profile,naive,3066,2024-06-11,1.5056056580169002,2.5527045363560318e-05,,,
boom_telemetry_5t,ds-139-5T/v020,seasonal_profile,naive,3168,2024-06-12,0.3399250154523393,2.5527045363560318e-05,,,
boom_telemetry_5t,ds-139-5T/v020,seasonal_profile,naive,3270,2024-06-12,0.13521369499411595,2.5527045363560318e-05,,,
boom_telemetry_5t,ds-139-5T/v020,seasonal_profile,naive,3372,2024-06-12,0.7285026307084956,2.5527045363560318e-05,,,
boom_telemetry_5t,ds-139-5T/v020,seasonal_profile,naive,3474,2024-06-13,0.37606535909154554,2.5527045363560318e-05,,,
boom_telemetry_5t,ds-139-5T/v020,seasonal_profile,naive,3576,2024-06-13,0.13528679683460382,2.5527045363560318e-05,,,
boom_telemetry_5t,ds-139-5T/v020,seasonal_profile,naive,3677,2024-06-13,0.7001694472172239,2.5527045363560318e-05,,,
boom_telemetry_5t,ds-139-5T/v020,seasonal_profile,naive,3779,2024-06-14,0.9535994324305681,2.5527045363560318e-05,,,
boom_telemetry_5t,ds-139-5T/v020,seasonal_profile,naive,3881,2024-06-14,0.5323179504476487,2.5527045363560318e-05,,,
boom_telemetry_5t,ds-139-5T/v020,seasonal_profile,naive,3983,2024-06-14,0.8874259514316044,2.5527045363560318e-05,,,
boom_telemetry_5t,ds-139-5T/v020,autoets,statistical,2048,2024-06-08,0.10986298551190757,0.8300467604538426,,0.0815506716667075,100.0
boom_telemetry_5t,ds-139-5T/v020,autoets,statistical,2150,2024-06-08,0.23481493409342263,0.8300467604538426,,0.11887492882665787,100.0
boom_telemetry_5t,ds-139-5T/v020,autoets,statistical,2252,2024-06-08,0.1131772136532604,0.8300467604538426,,0.09596795302991752,97.91666666666666
boom_telemetry_5t,ds-139-5T/v020,autoets,statistical,2354,2024-06-09,0.09925109977545055,0.8300467604538426,,0.06710866965791104,100.0
boom_telemetry_5t,ds-139-5T/v020,autoets,statistical,2455,2024-06-09,0.28899476035543603,0.8300467604538426,,0.5635722728114309,83.33333333333334
boom_telemetry_5t,ds-139-5T/v020,autoets,statistical,2557,2024-06-09,0.8716620461763681,0.8300467604538426,,0.718884619384362,16.666666666666664
boom_telemetry_5t,ds-139-5T/v020,autoets,statistical,2659,2024-06-10,0.20410291429285365,0.8300467604538426,,0.153430610506676,100.0
boom_telemetry_5t,ds-139-5T/v020,autoets,statistical,2761,2024-06-10,4.338798342398691,0.8300467604538426,,0.3828345204871903,0.0
boom_telemetry_5t,ds-139-5T/v020,autoets,statistical,2863,2024-06-10,0.34213208123301536,0.8300467604538426,,0.12272002114564133,60.416666666666664
boom_telemetry_5t,ds-139-5T/v020,autoets,statistical,2965,2024-06-11,0.14134766367845697,0.8300467604538426,,0.28051159225218225,100.0
boom_telemetry_5t,ds-139-5T/v020,autoets,statistical,3066,2024-06-11,0.26965956231080673,0.8300467604538426,,0.1133338708878984,100.0
boom_telemetry_5t,ds-139-5T/v020,autoets,statistical,3168,2024-06-12,0.058919844668714944,0.8300467604538426,,0.5791639211727214,100.0
boom_telemetry_5t,ds-139-5T/v020,autoets,statistical,3270,2024-06-12,0.5403235161358079,0.8300467604538426,,1.2699028509388364,22.916666666666664
boom_telemetry_5t,ds-139-5T/v020,autoets,statistical,3372,2024-06-12,0.06926533878219027,0.8300467604538426,,0.8472934350237901,100.0
boom_telemetry_5t,ds-139-5T/v020,autoets,statistical,3474,2024-06-13,0.1312266093230942,0.8300467604538426,,0.2796104018981521,100.0
boom_telemetry_5t,ds-139-5T/v020,autoets,statistical,3576,2024-06-13,0.18940050101686956,0.8300467604538426,,0.7076699748063711,97.91666666666666
boom_telemetry_5t,ds-139-5T/v020,autoets,statistical,3677,2024-06-13,0.02555313611026466,0.8300467604538426,,1.5608419452932831,100.0
boom_telemetry_5t,ds-139-5T/v020,autoets,statistical,3779,2024-06-14,0.03414298531482868,0.8300467604538426,,0.07738313591038364,100.0
boom_telemetry_5t,ds-139-5T/v020,autoets,statistical,3881,2024-06-14,0.08146420079054503,0.8300467604538426,,0.8212183866644546,100.0
boom_telemetry_5t,ds-139-5T/v020,autoets,statistical,3983,2024-06-14,0.22226377096501948,0.8300467604538426,,0.2577293098385177,100.0
boom_telemetry_5t,ds-139-5T/v020,autotheta,statistical,2048,2024-06-08,0.12613339944973345,0.10573017710121349,,0.053704216958220204,100.0
boom_telemetry_5t,ds-139-5T/v020,autotheta,statistical,2150,2024-06-08,0.11925012721009862,0.10573017710121349,,0.06799867526760031,100.0
boom_telemetry_5t,ds-139-5T/v020,autotheta,statistical,2252,2024-06-08,0.12578221592668626,0.10573017710121349,,0.05799634944038851,91.66666666666666
boom_telemetry_5t,ds-139-5T/v020,autotheta,statistical,2354,2024-06-09,0.015048533184464696,0.10573017710121349,,0.02964649546580568,100.0
boom_telemetry_5t,ds-139-5T/v020,autotheta,statistical,2455,2024-06-09,0.5229804534569877,0.10573017710121349,,0.9876592368814318,4.166666666666666
boom_telemetry_5t,ds-139-5T/v020,autotheta,statistical,2557,2024-06-09,0.728872501776654,0.10573017710121349,,0.6365332715795999,22.916666666666664
boom_telemetry_5t,ds-139-5T/v020,autotheta,statistical,2659,2024-06-10,0.30592752149674135,0.10573017710121349,,0.2670774629373796,25.0
boom_telemetry_5t,ds-139-5T/v020,autotheta,statistical,2761,2024-06-10,7.616785260168572,0.10573017710121349,,0.700127536297003,0.0
boom_telemetry_5t,ds-139-5T/v020,autotheta,statistical,2863,2024-06-10,2.917565311109827,0.10573017710121349,,1.2690379640138796,0.0
boom_telemetry_5t,ds-139-5T/v020,autotheta,statistical,2965,2024-06-11,0.032848793897132925,0.10573017710121349,,0.14858827090107005,100.0
boom_telemetry_5t,ds-139-5T/v020,autotheta,statistical,3066,2024-06-11,0.10753644910083832,0.10573017710121349,,0.07370870295916848,79.16666666666666
boom_telemetry_5t,ds-139-5T/v020,autotheta,statistical,3168,2024-06-12,0.15272026531497224,0.10573017710121349,,0.6523067344993281,91.66666666666666
boom_telemetry_5t,ds-139-5T/v020,autotheta,statistical,3270,2024-06-12,0.4203617625344342,0.10573017710121349,,1.120361836921598,25.0
boom_telemetry_5t,ds-139-5T/v020,autotheta,statistical,3372,2024-06-12,0.04764825370383516,0.10573017710121349,,0.5092024406536618,100.0
boom_telemetry_5t,ds-139-5T/v020,autotheta,statistical,3474,2024-06-13,0.08183330949054664,0.10573017710121349,,0.17562048206374845,100.0
boom_telemetry_5t,ds-139-5T/v020,autotheta,statistical,3576,2024-06-13,0.2502308259296798,0.10573017710121349,,0.9733848748313427,58.333333333333336
boom_telemetry_5t,ds-139-5T/v020,autotheta,statistical,3677,2024-06-13,0.06953991932739088,0.10573017710121349,,1.0322808167422228,100.0
boom_telemetry_5t,ds-139-5T/v020,autotheta,statistical,3779,2024-06-14,0.2602231346593791,0.10573017710121349,,0.1609632217115076,37.5
boom_telemetry_5t,ds-139-5T/v020,autotheta,statistical,3881,2024-06-14,0.29551751171782,0.10573017710121349,,1.8780222663773152,29.166666666666668
boom_telemetry_5t,ds-139-5T/v020,autotheta,statistical,3983,2024-06-14,0.025539738119466568,0.10573017710121349,,0.08746129840520162,100.0
boom_telemetry_5t,ds-139-5T/v020,gbdt_calendar,ml,2048,2024-06-08,0.44306069444574514,1.148375135398237,,,
boom_telemetry_5t,ds-139-5T/v020,gbdt_calendar,ml,2150,2024-06-08,0.25718446638814313,1.148375135398237,,,
boom_telemetry_5t,ds-139-5T/v020,gbdt_calendar,ml,2252,2024-06-08,0.260397016922719,1.148375135398237,,,
boom_telemetry_5t,ds-139-5T/v020,gbdt_calendar,ml,2354,2024-06-09,0.08639327177588063,1.148375135398237,,,
boom_telemetry_5t,ds-139-5T/v020,gbdt_calendar,ml,2455,2024-06-09,1.4267845645506334,1.148375135398237,,,
boom_telemetry_5t,ds-139-5T/v020,gbdt_calendar,ml,2557,2024-06-09,1.7334267625209958,1.148375135398237,,,
boom_telemetry_5t,ds-139-5T/v020,gbdt_calendar,ml,2659,2024-06-10,1.3820337126365774,1.148375135398237,,,
boom_telemetry_5t,ds-139-5T/v020,gbdt_calendar,ml,2761,2024-06-10,9.738738454099447,1.148375135398237,,,
boom_telemetry_5t,ds-139-5T/v020,gbdt_calendar,ml,2863,2024-06-10,1.146714569680153,1.148375135398237,,,
boom_telemetry_5t,ds-139-5T/v020,gbdt_calendar,ml,2965,2024-06-11,1.0592705420857182,1.148375135398237,,,
boom_telemetry_5t,ds-139-5T/v020,gbdt_calendar,ml,3066,2024-06-11,0.7681388434335349,1.148375135398237,,,
boom_telemetry_5t,ds-139-5T/v020,gbdt_calendar,ml,3168,2024-06-12,0.07596028034306533,1.148375135398237,,,
boom_telemetry_5t,ds-139-5T/v020,gbdt_calendar,ml,3270,2024-06-12,0.498555547374465,1.148375135398237,,,
boom_telemetry_5t,ds-139-5T/v020,gbdt_calendar,ml,3372,2024-06-12,0.06692079218309302,1.148375135398237,,,
boom_telemetry_5t,ds-139-5T/v020,gbdt_calendar,ml,3474,2024-06-13,0.2991142121176638,1.148375135398237,,,
boom_telemetry_5t,ds-139-5T/v020,gbdt_calendar,ml,3576,2024-06-13,0.507038183774701,1.148375135398237,,,
boom_telemetry_5t,ds-139-5T/v020,gbdt_calendar,ml,3677,2024-06-13,0.42099783061029283,1.148375135398237,,,
boom_telemetry_5t,ds-139-5T/v020,gbdt_calendar,ml,3779,2024-06-14,1.2256599447412408,1.148375135398237,,,
boom_telemetry_5t,ds-139-5T/v020,gbdt_calendar,ml,3881,2024-06-14,0.2035127424284656,1.148375135398237,,,
boom_telemetry_5t,ds-139-5T/v020,gbdt_calendar,ml,3983,2024-06-14,0.6041349274499741,1.148375135398237,,,
boom_telemetry_5t,ds-139-5T/v020,timesfm_2p5_ctx2048,timesfm,2048,2024-06-08,0.08758103016586173,0.18781898334855213,,0.052808369733811936,100.0
boom_telemetry_5t,ds-139-5T/v020,timesfm_2p5_ctx2048,timesfm,2150,2024-06-08,0.18058267893548569,0.18781898334855213,,0.09112983357678234,100.0
boom_telemetry_5t,ds-139-5T/v020,timesfm_2p5_ctx2048,timesfm,2252,2024-06-08,0.09076652882943144,0.18781898334855213,,0.04855066127311857,91.66666666666666
boom_telemetry_5t,ds-139-5T/v020,timesfm_2p5_ctx2048,timesfm,2354,2024-06-09,0.07003784765814713,0.18781898334855213,,0.03870578582720707,100.0
boom_telemetry_5t,ds-139-5T/v020,timesfm_2p5_ctx2048,timesfm,2455,2024-06-09,0.26990247605040485,0.18781898334855213,,0.5060446352305803,85.41666666666666
boom_telemetry_5t,ds-139-5T/v020,timesfm_2p5_ctx2048,timesfm,2557,2024-06-09,0.8167120561320638,0.18781898334855213,,0.6261102717272019,18.75
boom_telemetry_5t,ds-139-5T/v020,timesfm_2p5_ctx2048,timesfm,2659,2024-06-10,0.06269375239370625,0.18781898334855213,,0.07618579876778755,93.75
boom_telemetry_5t,ds-139-5T/v020,timesfm_2p5_ctx2048,timesfm,2761,2024-06-10,7.691424929773808,0.18781898334855213,,0.6706440292771101,4.166666666666666
boom_telemetry_5t,ds-139-5T/v020,timesfm_2p5_ctx2048,timesfm,2863,2024-06-10,1.3189567510649225,0.18781898334855213,,0.4216709436515683,56.25
boom_telemetry_5t,ds-139-5T/v020,timesfm_2p5_ctx2048,timesfm,2965,2024-06-11,0.034577354897558685,0.18781898334855213,,0.19549239997655435,100.0
boom_telemetry_5t,ds-139-5T/v020,timesfm_2p5_ctx2048,timesfm,3066,2024-06-11,0.1826162737205218,0.18781898334855213,,0.13709245774019693,100.0
boom_telemetry_5t,ds-139-5T/v020,timesfm_2p5_ctx2048,timesfm,3168,2024-06-12,0.04538878046956862,0.18781898334855213,,0.3896549636926292,100.0
boom_telemetry_5t,ds-139-5T/v020,timesfm_2p5_ctx2048,timesfm,3270,2024-06-12,0.40336555905419974,0.18781898334855213,,0.9412164985089649,43.75
boom_telemetry_5t,ds-139-5T/v020,timesfm_2p5_ctx2048,timesfm,3372,2024-06-12,0.08005889592561617,0.18781898334855213,,0.6487776346391256,100.0
boom_telemetry_5t,ds-139-5T/v020,timesfm_2p5_ctx2048,timesfm,3474,2024-06-13,0.16092591588977956,0.18781898334855213,,0.31022688254537345,64.58333333333334
boom_telemetry_5t,ds-139-5T/v020,timesfm_2p5_ctx2048,timesfm,3576,2024-06-13,0.07546266541365612,0.18781898334855213,,0.38105162855060826,100.0
boom_telemetry_5t,ds-139-5T/v020,timesfm_2p5_ctx2048,timesfm,3677,2024-06-13,0.07189323712409222,0.18781898334855213,,1.051617787807732,100.0
boom_telemetry_5t,ds-139-5T/v020,timesfm_2p5_ctx2048,timesfm,3779,2024-06-14,0.1829685071438006,0.18781898334855213,,0.12531650397782304,35.41666666666667
boom_telemetry_5t,ds-139-5T/v020,timesfm_2p5_ctx2048,timesfm,3881,2024-06-14,0.06621837971829732,0.18781898334855213,,0.5169819978060306,100.0
boom_telemetry_5t,ds-139-5T/v020,timesfm_2p5_ctx2048,timesfm,3983,2024-06-14,0.19007211832689247,0.18781898334855213,,0.24261787688913364,25.0
boom_telemetry_5t,ds-139-5T/v020,chronos_2_ctx2048,chronos,2048,2024-06-08,0.047273128800373924,0.022842141648288815,,0.025337878344333993,100.0
boom_telemetry_5t,ds-139-5T/v020,chronos_2_ctx2048,chronos,2150,2024-06-08,0.2583054971305539,0.022842141648288815,,0.1500497054666903,43.75
boom_telemetry_5t,ds-139-5T/v020,chronos_2_ctx2048,chronos,2252,2024-06-08,0.13807373532062456,0.022842141648288815,,0.0707554289022881,60.416666666666664
boom_telemetry_5t,ds-139-5T/v020,chronos_2_ctx2048,chronos,2354,2024-06-09,0.020091436575928052,0.022842141648288815,,0.018562760521965784,100.0
boom_telemetry_5t,ds-139-5T/v020,chronos_2_ctx2048,chronos,2455,2024-06-09,0.3611589322161449,0.022842141648288815,,0.5962595232457888,85.41666666666666
boom_telemetry_5t,ds-139-5T/v020,chronos_2_ctx2048,chronos,2557,2024-06-09,0.8157773109060307,0.022842141648288815,,0.5815162130103833,41.66666666666667
boom_telemetry_5t,ds-139-5T/v020,chronos_2_ctx2048,chronos,2659,2024-06-10,0.10342796496255195,0.022842141648288815,,0.09059595624668454,91.66666666666666
boom_telemetry_5t,ds-139-5T/v020,chronos_2_ctx2048,chronos,2761,2024-06-10,7.4435738274395025,0.022842141648288815,,0.6464326879941398,4.166666666666666
boom_telemetry_5t,ds-139-5T/v020,chronos_2_ctx2048,chronos,2863,2024-06-10,0.36018567330533224,0.022842141648288815,,0.1220645340483808,70.83333333333334
boom_telemetry_5t,ds-139-5T/v020,chronos_2_ctx2048,chronos,2965,2024-06-11,0.3763724690249743,0.022842141648288815,,0.6575496706972515,58.333333333333336
boom_telemetry_5t,ds-139-5T/v020,chronos_2_ctx2048,chronos,3066,2024-06-11,0.15244757312126794,0.022842141648288815,,0.09860150433726086,100.0
boom_telemetry_5t,ds-139-5T/v020,chronos_2_ctx2048,chronos,3168,2024-06-12,0.04745667743941962,0.022842141648288815,,0.27217708693971826,100.0
boom_telemetry_5t,ds-139-5T/v020,chronos_2_ctx2048,chronos,3270,2024-06-12,0.35525134305229594,0.022842141648288815,,0.8262785476238104,22.916666666666664
boom_telemetry_5t,ds-139-5T/v020,chronos_2_ctx2048,chronos,3372,2024-06-12,0.039869253579185075,0.022842141648288815,,0.3680465132255243,100.0
boom_telemetry_5t,ds-139-5T/v020,chronos_2_ctx2048,chronos,3474,2024-06-13,0.14511915282462245,0.022842141648288815,,0.3244936471640124,33.33333333333333
boom_telemetry_5t,ds-139-5T/v020,chronos_2_ctx2048,chronos,3576,2024-06-13,0.20358931607905567,0.022842141648288815,,0.6812902767173503,100.0
boom_telemetry_5t,ds-139-5T/v020,chronos_2_ctx2048,chronos,3677,2024-06-13,0.14243520531201226,0.022842141648288815,,1.9446933670821087,52.083333333333336
boom_telemetry_5t,ds-139-5T/v020,chronos_2_ctx2048,chronos,3779,2024-06-14,0.1928480077172524,0.022842141648288815,,0.11071833994082216,100.0
boom_telemetry_5t,ds-139-5T/v020,chronos_2_ctx2048,chronos,3881,2024-06-14,0.0408876138622906,0.022842141648288815,,0.31108948393294167,100.0
boom_telemetry_5t,ds-139-5T/v020,chronos_2_ctx2048,chronos,3983,2024-06-14,0.11342478896455419,0.022842141648288815,,0.12950023663363713,100.0
boom_telemetry_5t,ds-139-5T/v020,chronos_bolt_small,chronos,2048,2024-06-08,0.10329506324798779,0.006432981247780844,,0.05197197224113163,100.0
boom_telemetry_5t,ds-139-5T/v020,chronos_bolt_small,chronos,2150,2024-06-08,0.25986270590141014,0.006432981247780844,,0.1369407653789702,60.416666666666664
boom_telemetry_5t,ds-139-5T/v020,chronos_bolt_small,chronos,2252,2024-06-08,0.03480254970382462,0.006432981247780844,,0.04137399429421378,95.83333333333334
boom_telemetry_5t,ds-139-5T/v020,chronos_bolt_small,chronos,2354,2024-06-09,0.12425863418288743,0.006432981247780844,,0.06244524835833141,100.0
boom_telemetry_5t,ds-139-5T/v020,chronos_bolt_small,chronos,2455,2024-06-09,0.33984248878556766,0.006432981247780844,,0.5761149282238287,85.41666666666666
boom_telemetry_5t,ds-139-5T/v020,chronos_bolt_small,chronos,2557,2024-06-09,0.6790347574227612,0.006432981247780844,,0.4863328873867299,54.166666666666664
boom_telemetry_5t,ds-139-5T/v020,chronos_bolt_small,chronos,2659,2024-06-10,0.08376609276818403,0.006432981247780844,,0.08813002129999348,87.5
boom_telemetry_5t,ds-139-5T/v020,chronos_bolt_small,chronos,2761,2024-06-10,5.930410968674707,0.006432981247780844,,0.48779843126846517,16.666666666666664
boom_telemetry_5t,ds-139-5T/v020,chronos_bolt_small,chronos,2863,2024-06-10,0.4549818866820724,0.006432981247780844,,0.2002793098564183,100.0
boom_telemetry_5t,ds-139-5T/v020,chronos_bolt_small,chronos,2965,2024-06-11,0.08775501021777288,0.006432981247780844,,0.16552361777677066,100.0
boom_telemetry_5t,ds-139-5T/v020,chronos_bolt_small,chronos,3066,2024-06-11,0.22610624511998267,0.006432981247780844,,0.1490406748552082,100.0
boom_telemetry_5t,ds-139-5T/v020,chronos_bolt_small,chronos,3168,2024-06-12,0.07304704592471632,0.006432981247780844,,0.3266618030894308,97.91666666666666
boom_telemetry_5t,ds-139-5T/v020,chronos_bolt_small,chronos,3270,2024-06-12,0.40094376044021013,0.006432981247780844,,1.1418160910393291,0.0
boom_telemetry_5t,ds-139-5T/v020,chronos_bolt_small,chronos,3372,2024-06-12,0.1985843414887226,0.006432981247780844,,1.2387369788503533,93.75
boom_telemetry_5t,ds-139-5T/v020,chronos_bolt_small,chronos,3474,2024-06-13,0.1744341260491158,0.006432981247780844,,0.3961064143900706,33.33333333333333
boom_telemetry_5t,ds-139-5T/v020,chronos_bolt_small,chronos,3576,2024-06-13,0.23073048062615042,0.006432981247780844,,0.7948116979216313,100.0
boom_telemetry_5t,ds-139-5T/v020,chronos_bolt_small,chronos,3677,2024-06-13,0.1392987801735582,0.006432981247780844,,1.8914783851226078,77.08333333333334
boom_telemetry_5t,ds-139-5T/v020,chronos_bolt_small,chronos,3779,2024-06-14,0.19064000269325262,0.006432981247780844,,0.11911525362908575,45.83333333333333
boom_telemetry_5t,ds-139-5T/v020,chronos_bolt_small,chronos,3881,2024-06-14,0.034933302630039534,0.006432981247780844,,0.5116227558927097,100.0
boom_telemetry_5t,ds-139-5T/v020,chronos_bolt_small,chronos,3983,2024-06-14,0.23244497473747233,0.006432981247780844,,0.3025321889075079,6.25
